transaction_amount,transaction_hour,customer_age,account_age_days,transactions_last_24h,foreign_transaction,distance_from_home,previous_fraud_count,fraud
230.31810678000016,5,60,2668,3,0,19.693828608805344,0,0
221.42183011394724,5,41,1235,4,0,6.110645215166514,0,0
106.30083437653236,16,37,178,2,0,13.224442469970226,0,0
77.31490477531831,3,56,1546,7,0,3.404672771984125,0,0
523.2060733810963,8,33,2402,2,0,16.480765898352498,0,1
10.500954137404689,19,24,1937,3,0,31.76724944677785,0,0
66.23751948188898,11,36,2106,3,0,17.68121896698495,0,0
50.115106881989725,20,42,668,3,1,0.2659257844298606,0,0
66.67741340684849,6,21,2578,4,1,2.141707175305469,0,0
150.97923629609292,23,67,2417,5,1,40.74860632490434,0,0
144.24944870901518,4,38,1665,3,1,12.337560692000766,0,0
203.18381357073625,1,65,2701,2,0,35.58220630083216,0,0
14.300831413790927,11,33,2503,4,0,6.471317503770849,0,1
0.839247104463667,22,35,2088,5,1,18.82513111390988,0,0
281.7498295077167,21,53,723,2,0,15.550489406657372,0,0
199.3493413602983,6,56,429,3,1,29.980231039229643,0,1
330.1774160969139,22,75,2496,1,0,4.144148492994397,0,0
26.72660180577972,13,23,1606,5,1,24.925337942477128,0,0
132.81696405156367,3,41,200,3,1,57.93800926108239,0,1
193.58660574779543,23,50,990,3,1,40.08719095087064,0,0
140.40571662905597,9,32,367,1,0,10.12489698877154,0,0
11.743507517392471,16,31,490,5,0,5.00275539658883,0,0
233.21021413481745,13,55,2012,4,1,39.65666125239344,0,0
87.86533812921648,12,76,2522,7,1,33.15328951931019,0,0
85.62052288502234,5,55,2422,4,0,32.56287280772213,0,0
407.5768426488784,19,75,2672,4,1,4.245501578823413,0,1
353.554063904481,20,21,585,7,0,56.80035131735083,0,0
292.5486452998293,11,48,94,4,1,10.87352878073477,0,0
430.2888751777288,7,36,720,1,0,10.705141746695844,0,0
49.85927993408824,1,41,2261,5,0,11.47166474534058,0,0
112.534841843113,23,43,1632,0,1,4.60259065896904,0,0
744.7114017399986,10,73,1540,2,1,4.098478806045881,0,1
395.8741036954072,19,47,1609,2,0,66.64229410749593,0,0
110.40662506099474,10,64,430,4,1,2.5888596683400404,0,0
172.031180528317,20,46,650,4,0,35.05196466295735,0,0
135.06921792937874,15,34,491,4,0,8.584679356360745,0,0
199.5952592691129,15,27,402,6,0,6.955796548120574,0,0
56.76543150798328,13,37,1234,5,1,1.2996335081279822,1,0
237.28976394182428,6,26,1554,4,1,0.6276322656405207,0,0
31.568776232961703,20,47,210,3,0,5.217051047537602,0,1
46.52288581661595,18,53,1086,3,0,8.570429044374904,0,0
274.6703421847497,8,29,1972,2,1,6.9756584550105005,1,0
169.38114009570276,11,65,1466,3,1,39.76896081199822,0,0
34.38432231786368,1,45,705,4,0,1.5470669393044847,0,0
500.9036256809872,13,63,1202,3,1,6.378237466064168,0,0
58.13491448292309,16,22,1146,1,1,16.034878644432997,0,0
109.93699558394358,16,75,563,5,1,7.06543598511193,1,1
556.3311877148783,16,51,1234,4,1,7.925700243377394,0,1
169.5455122917173,6,55,719,1,0,31.32405969008118,1,0
439.6461161039542,12,74,1884,2,0,21.52904554913368,0,0
43.44238637980665,16,22,1896,4,1,19.18512422258321,0,1
10.113235362391896,13,75,630,1,1,9.69919383592339,0,0
77.92338347113545,17,53,2117,3,1,13.938850706984253,1,0
180.0886658069636,16,30,1516,5,0,14.96075697055655,1,1
16.991180996684736,16,23,1572,0,0,1.5215142483187618,0,0
449.0412454761041,21,58,502,5,1,0.701809240620836,0,0
51.37151360723027,11,49,1281,3,1,26.65535937700656,0,0
468.91835045615335,7,41,262,0,0,13.196762922254475,0,0
212.39963622844132,15,56,561,8,0,22.521827812070725,0,0
21.767503761343605,1,69,2336,6,1,29.32194508299105,0,0
711.7997798463182,18,75,2005,3,0,3.3096984677274905,2,1
483.6602183998255,5,73,474,3,1,21.766827505121267,0,0
126.24831985153423,3,60,2911,2,0,3.682632043074567,0,0
172.7835455255585,22,39,1918,6,1,1.0342479239924167,0,0
205.8955764477974,17,50,2586,2,1,28.45387760049361,1,0
74.1060430035592,13,75,824,3,0,50.34735357017348,0,0
14.762826208784324,23,39,1314,2,0,42.59329064576666,0,0
68.8445985107883,7,52,1889,1,0,4.17385446341576,0,1
41.98646004271082,4,54,2716,3,1,51.73126187644512,0,1
689.6164682401602,12,24,2295,3,0,7.169819623242498,0,0
14.3090623058744,6,32,2109,4,1,0.9135472978229506,0,1
4.897838254106063,3,59,2364,2,0,2.057492250569989,0,1
59.74235215836614,1,62,2574,3,1,30.905394868397032,0,0
22.457742632922724,4,63,2180,5,0,1.3080258047450868,0,0
81.32455121077943,22,62,2507,2,1,7.918192086397124,0,1
248.96869634705672,9,21,2366,5,0,23.1306481408527,0,0
162.18334970993257,12,23,1305,6,0,10.855090214004315,0,1
67.43730435962688,6,20,2112,5,1,4.662437483572323,0,0
276.980531392246,4,47,1979,0,0,49.67268097828645,0,1
84.30599798391506,10,23,2298,4,0,4.798310185390073,0,1
223.61537873771607,16,56,1028,4,0,41.05752596357767,0,0
133.12879380415202,15,49,1229,1,1,3.8058637513108406,0,0
0.0820747261832525,17,69,2964,3,0,4.77513851572975,1,0
15.041044461339572,17,49,2676,2,1,27.63726908570119,1,0
51.453103643536615,17,49,2026,3,1,39.64431830652096,0,0
426.2270600722352,12,64,1580,1,0,22.24820175552124,0,0
141.1005808992128,5,62,2065,2,0,2.986150915664319,0,0
187.40656221431095,14,64,259,2,1,34.66540667564098,0,1
242.30610241850204,11,62,963,2,0,16.09076856636872,1,0
6.750523842112144,6,70,2740,1,1,25.449585988969808,1,1
235.48393805257936,10,42,2539,4,1,5.952365564097209,1,0
557.2254530522481,14,26,2901,3,1,7.058068973092181,0,0
588.0706243564916,7,53,1762,3,1,0.0764252266981538,0,0
452.8485298572463,1,76,1926,1,1,12.030546382444996,0,0
1.8479211221988816,8,32,428,2,0,25.81399738253941,0,0
287.2058754825803,8,22,2487,6,1,43.72755774795511,0,0
387.1672674907859,8,61,218,1,1,0.7249808489519634,0,0
548.289412179431,23,68,1847,5,1,1.2405526658144812,0,0
181.4994394225816,0,60,2589,4,0,8.849667456787037,0,0
173.37496933977647,8,52,1577,5,0,32.70799904658152,1,0
82.7195040750724,12,26,1462,1,0,8.851213224002825,0,1
256.5192188681432,23,48,2065,1,0,57.84878065168405,0,1
46.19787837588928,14,76,1868,3,1,25.59832794163542,0,0
153.42618257453887,15,38,2976,1,1,6.956709613440534,0,0
38.81090064161935,16,30,2825,0,0,17.131314815951896,0,0
180.5152095078644,4,35,1159,2,1,149.5992186006368,0,1
105.96906203060055,10,76,53,5,1,5.915447212669442,0,0
6.798981365697348,0,30,1288,0,1,2.84968649263146,0,1
209.2132392856184,5,75,2836,2,0,14.331329111988016,0,0
284.4822670074977,9,37,1572,3,1,8.549861098937622,0,0
492.6497368256401,21,73,1597,2,0,28.579008268448376,0,0
154.18582918755504,18,59,517,4,1,6.593515914108626,0,1
24.46656418894697,13,68,2975,4,1,2.43054686391588,0,0
441.8462790545983,9,41,1085,7,1,59.33421159908396,1,1
15.103165911722172,11,39,676,6,1,8.80336955866458,2,1
494.00250748166616,11,29,994,7,0,18.3511173016424,0,0
171.83511249878362,21,53,2747,3,1,24.1796394924428,0,0
771.2799639062158,6,66,597,4,0,8.15166100558121,0,1
67.97821284926738,9,21,2944,1,1,7.245829635722925,0,0
335.31408029703294,14,52,61,4,1,34.755757426367005,0,0
93.47443045424356,14,58,2428,4,0,2.3320227160091065,0,0
215.4743559713528,7,28,1472,3,0,2.8281971964836656,0,0
66.96630465509614,20,48,2419,1,1,12.13089819352496,0,0
29.087039905574947,2,26,1361,1,1,9.181615875109353,0,1
178.6876311753706,10,60,1408,5,1,1.3892061784219998,0,0
178.75568091891668,0,59,437,4,0,5.665953374441189,0,0
61.73691059641075,18,35,39,2,1,1.2300133259547297,1,1
20.715898238867897,22,32,617,1,0,20.832770776178503,0,0
6.194248711129137,5,50,1424,5,1,28.80223379626753,0,0
129.41957719790486,13,75,2097,6,0,27.660416110392624,0,0
88.81368237533071,20,69,657,4,0,10.989968501316298,0,0
4.798660929761731,21,31,803,5,0,0.9606304721775012,0,0
59.14854059400116,4,75,492,0,0,5.325366054727861,0,0
27.59278148075113,18,29,910,3,0,8.384875197197736,0,0
64.63962198195594,3,40,923,4,1,4.351878310407185,0,0
185.8099837605905,8,34,1669,3,0,15.273760050606004,0,0
925.5349983238924,22,36,1210,4,0,3.245424016195288,0,0
52.5523157901862,10,42,1990,1,0,22.98017690515399,0,0
26.250408776936297,21,40,2523,5,0,37.8069568952298,0,0
177.99386244732978,15,23,606,6,0,13.419732877672416,0,0
178.43217594469286,14,37,1246,4,0,7.33313898468428,0,0
77.14708523290166,23,46,1158,2,0,7.143519929330317,1,1
795.3931471564043,1,42,666,5,0,4.002526397220904,0,1
66.26677246134771,8,63,308,2,0,23.7963110071749,2,0
132.82672173936973,17,62,2422,6,1,8.516077845541979,0,1
10.177490790139757,9,22,1095,2,0,39.93579453861238,0,0
57.10584063926763,5,74,507,6,1,40.7894550308111,0,0
35.27455000248111,16,25,1623,3,1,3.704926851480436,0,0
68.25886247989037,7,33,2985,4,0,76.84683528061802,0,1
132.03227895247508,5,34,2629,0,0,7.648108973639731,0,0
122.50841541231595,16,76,2058,1,0,38.76567537960944,1,0
12.000502122857185,14,20,732,3,1,5.212471899301503,0,0
77.25055633641055,5,27,54,2,0,0.357941647925561,1,1
46.86181185051916,21,38,2434,6,0,5.068978125736129,0,0
675.3204794947746,15,32,2495,4,1,6.148455903900951,2,1
16.87626584014989,2,78,2730,3,1,5.046128557213622,0,0
70.97119801597862,7,46,1971,1,1,32.4926990869092,0,0
5.749341195176805,11,29,2991,4,0,9.835493061342866,1,1
701.8085742403808,16,69,103,0,1,12.805386744539792,1,1
200.3027607713356,14,63,1142,1,0,0.335118390326001,0,0
85.79399945987613,22,28,2704,1,0,2.035226079297745,0,1
325.45690344988765,11,41,2113,4,0,9.966811995719464,0,0
479.86370993073615,13,46,2528,2,0,63.055370402426206,2,1
15.718534897710216,11,55,2540,1,1,6.193959506571365,0,0
99.8290758342876,12,69,1204,8,1,9.738655446763708,0,0
155.69962540396327,8,52,1431,2,0,20.86558117176386,0,0
16.550137469559495,22,36,980,1,0,10.4727739617818,0,0
10.497829499008912,23,57,2390,2,0,36.892011249625455,0,0
84.13200431454631,5,50,201,1,0,19.733648442385352,0,0
6.3121958826048585,12,68,1461,7,0,49.33289640731473,0,1
419.6667414321988,7,78,297,2,0,23.9995270961813,0,0
167.54777451362938,22,67,674,3,0,1.5061087342627362,1,0
49.04024157113892,17,76,545,1,1,26.842054718905057,0,0
232.3227289319977,15,69,41,7,0,19.811109899647025,1,0
9.868058647991072,16,76,1719,3,0,2.457437691111042,1,1
121.2984538184019,6,22,1940,2,1,56.92139696612136,0,0
10.105802270044377,23,24,528,6,0,22.25707272875478,0,0
649.534733191931,5,63,1808,0,0,2.342819352479773,0,0
386.1684754346913,23,24,2301,2,0,5.86538244084781,0,1
97.50629261681787,13,36,101,1,1,40.66929334863168,0,0
44.59695644609847,17,40,1784,3,0,9.085752557335988,0,0
49.80666463065674,12,63,2260,2,1,17.688463749707825,2,0
210.07936786492397,20,71,2098,3,1,27.671783624119435,0,0
670.5692882415926,10,64,897,5,1,11.193235448212826,0,0
121.20416411985292,19,33,346,5,1,7.1369525472446735,1,0
269.0110249144386,17,47,1067,1,1,29.98763216124391,0,0
608.9288491029815,1,54,2838,3,0,43.94538855674271,0,1
37.89560778343781,16,28,275,4,1,13.206678951994736,0,0
220.0501283236406,14,61,882,3,1,44.470626707114285,0,0
183.5257093731485,2,35,1754,3,1,17.941053682506574,0,0
412.78159810510806,2,31,788,3,1,2.4245244306924434,0,0
91.683261441404,13,28,943,3,1,1.364004761848775,1,0
160.46404516740063,5,34,1226,2,1,3.496089853523837,1,0
288.3748131097656,5,29,54,5,0,12.863075826977436,1,0
97.21317915308,5,53,2301,3,0,17.07087288328516,0,0
139.86683644064692,20,25,845,2,1,51.24926998861489,0,0
127.59907444939356,21,20,2833,2,1,75.34856228316497,0,1
46.96423440114283,22,63,1241,3,0,28.14033121928896,0,0
36.78798298463158,19,70,1702,3,1,32.33045934190841,0,0
12.89865773751668,16,59,652,2,1,59.1532068268414,0,1
207.9219611963342,23,60,2302,0,0,6.914188451310624,0,0
365.77770522043227,3,76,2868,3,0,21.102331854547085,0,1
67.30677859034276,10,39,1798,3,0,36.02437700648298,0,0
144.69220565702358,3,21,864,6,1,0.6523135188413903,0,1
112.47387133961406,1,71,2559,1,1,29.370723108429445,0,1
185.4497705313684,9,32,850,0,0,6.041835519879416,1,1
58.470258799326345,16,52,2237,0,0,17.34566695989429,0,1
223.4805468606294,17,68,2418,4,1,21.12546424406025,0,0
408.93603602048734,15,45,1577,4,0,1.4762071515612538,1,0
62.73492237570877,0,72,42,0,1,31.36011649181186,0,0
17.877427926089826,16,42,849,2,0,43.37906193918104,0,0
63.19140648612701,18,49,2816,5,1,16.906793908462355,0,0
16.926299365638993,7,30,1830,1,0,4.855218293518224,0,0
3.1029246928829948,13,28,610,6,1,14.204667164380432,1,0
479.450641257849,8,24,2653,2,0,52.941986164212445,0,1
29.786237124922888,3,68,2793,4,0,37.89915844621368,0,1
38.52814869166537,9,60,725,2,1,32.69359855091389,0,0
229.529345904876,19,41,2072,5,1,16.43256037725985,0,0
137.24043946869668,10,33,1958,2,1,41.93290162015546,0,0
44.23163000406166,11,42,1919,5,1,33.541167357919235,1,1
19.7116926148923,20,36,2895,3,0,9.684193441900971,0,0
220.1722815285082,14,22,2645,4,0,56.003264566131705,0,0
22.86782042154973,18,65,1512,4,1,42.16570670578125,0,0
297.4397084617964,2,28,486,1,1,20.714907920331072,0,1
178.6310046599916,15,79,712,1,1,2.004249128893584,0,0
108.58293283677617,15,29,2112,0,0,2.787656005189856,1,0
28.247062022898543,21,41,284,1,1,9.5433313907741,1,1
152.121359811058,12,39,1053,3,0,29.599737748167968,0,0
1.157475178545535,17,33,55,1,0,61.31004307096546,0,0
284.3555605245561,19,46,40,3,1,41.61947010550917,1,0
21.48302835641935,19,50,2294,3,1,2.611924276517921,1,0
379.36977833126815,14,50,2487,3,0,7.9259312704171005,2,1
234.44499315906583,14,64,2110,5,1,23.924915361417792,0,0
453.3197257261809,9,61,2416,4,1,7.6472480368785085,0,0
36.35247146912175,5,30,1816,0,0,17.397877888289607,0,0
17.3380146993931,7,66,879,1,0,4.984579078662291,0,0
73.19027259094274,7,76,988,2,0,2.6490026868487133,0,0
97.95088486805696,9,23,665,1,1,12.658782647280177,2,0
35.269034896171256,1,72,563,1,1,32.25776597994654,0,1
24.418385460563456,19,73,1962,0,1,25.3837418147088,0,1
20.737858514636557,13,24,398,3,0,43.966550041766425,0,0
3.4114909305863605,8,63,400,2,0,11.198442104974964,0,0
675.2355663768212,3,39,2386,2,0,30.972788406127663,0,1
193.29723783534143,15,77,1948,4,1,26.547357550162552,0,0
673.4630917974695,13,39,2003,4,1,27.23702817616148,0,1
99.88543281631888,16,65,1609,2,0,34.46760785913664,0,0
85.32049910342016,17,38,2648,4,1,25.080907146538397,0,1
211.779949218444,16,50,2023,5,0,19.41666699328311,0,0
140.72306561636722,17,48,360,3,1,65.9787984791413,0,1
88.67692519376058,14,53,487,5,1,12.055595265371924,0,0
233.2085311466282,11,68,761,6,1,9.431792769647071,0,0
64.0607753857549,9,78,871,6,1,18.85129143475607,0,0
45.64017225231275,16,52,1728,3,0,39.20775862562743,1,0
18.42437960861609,4,76,1957,1,0,19.59647418281801,0,0
304.5519884508178,4,32,2931,4,0,0.6591472242824998,0,1
42.6426666494795,0,48,338,3,0,33.66203696442588,1,1
117.3075679514347,22,53,860,4,0,82.50640838427688,0,0
381.3330226656561,7,76,900,1,1,10.20393757183767,0,0
92.4067382561252,22,76,2596,2,0,18.277765095597168,0,0
652.787600637734,12,49,2376,0,0,1.5864523492854636,0,0
166.73832808855485,23,61,1553,2,0,46.35485519949378,0,0
122.9652636848165,2,42,55,5,0,63.738576631643554,0,0
61.65454626406542,10,43,1797,2,0,48.28722973792154,0,0
360.3095740016866,14,76,945,4,0,52.42287772844722,0,0
280.0560301118025,23,39,790,2,0,17.724483125904566,0,0
290.69674862617177,15,36,204,2,1,30.28264883909535,0,0
4.847527601850072,11,50,396,2,1,35.88728126625271,0,0
658.668663107167,14,59,875,5,1,18.622916298656595,0,1
4.042934055116048,7,55,2912,1,0,5.286560327598972,0,0
47.55904763751266,15,28,1325,3,0,77.84066158272118,0,1
221.70433953240385,4,64,1159,1,0,15.12986706692091,0,0
20.303464305301905,19,77,1965,4,0,10.457221874183924,0,0
81.65297726014823,15,70,2170,4,1,12.62597036458734,0,0
441.63148810741336,2,74,2346,3,1,8.299131870617906,0,0
11.470926201078472,11,67,2838,1,0,18.94024057352543,0,0
79.2118449582013,5,53,2348,2,1,50.7727093569855,0,1
166.8738599037578,4,70,1238,4,0,27.265256371432653,1,0
180.95464779207623,22,20,1275,2,1,17.91531316295409,0,0
388.9123934693071,21,70,1614,2,0,34.51442304120113,0,0
163.20318187266662,5,76,1106,2,1,16.378874414431785,0,0
82.26779033077462,8,54,1354,2,0,46.738607881416016,0,0
425.5502339802167,19,34,2841,1,1,15.695807636181524,0,0
139.7205631391192,22,62,1628,4,1,1.020411129768781,0,0
245.70700821866012,2,36,1318,3,1,9.882993168947593,0,0
445.9953949226526,1,40,344,2,0,19.786037543233,0,0
63.41327848061579,6,36,2542,4,1,33.23492698178468,0,0
137.81055186377003,3,64,1961,1,1,3.022923118256389,0,0
0.8738221270406207,0,69,494,1,1,24.54352781999279,2,1
14.711266100114806,22,21,715,5,0,4.213483001487423,0,0
131.9681093039449,1,55,629,3,0,67.47172881604031,0,1
138.2442763818542,13,52,2375,2,1,42.19725575819986,0,0
149.560779758906,20,77,2826,3,1,22.59056465771813,0,0
220.4064359026824,12,39,2833,2,0,11.445204728131618,0,0
87.64886141589814,5,75,1702,5,1,6.324437695283299,0,0
86.53213169686855,18,28,2953,3,0,2.85485440497605,0,0
140.4198024502916,7,20,1843,3,1,17.95554571888122,0,0
267.8447138143785,4,62,1037,4,0,25.535557885527417,1,1
76.04497262860667,1,28,126,3,0,11.65013265283851,1,0
9.331371426792876,8,36,1650,2,1,42.762698503436845,0,0
302.4002552319278,6,63,1527,1,1,39.0655571518657,0,0
9.715320984384135,9,53,1548,6,1,47.19085165995861,1,0
356.3979224278279,13,23,2994,4,1,63.49652942215285,0,0
409.2743603890424,15,70,1857,5,1,8.458967852645376,0,0
159.95531553320714,12,75,496,8,0,0.1265919587497729,0,0
152.69996917856938,17,58,2393,6,0,7.552205535913488,0,0
107.03384537968728,23,79,728,2,1,4.750177336207368,0,0
104.48113649091944,12,44,1090,4,1,18.719481796220887,1,1
70.7764901135703,19,59,910,2,1,6.129300570900379,1,1
697.6085770876506,16,54,1336,6,1,3.661870931830944,1,0
184.98991906369125,20,78,46,0,0,9.981893179543814,0,0
455.02464503890457,14,18,2278,3,0,3.727616423634928,0,0
110.84871588148278,19,30,2933,2,0,16.61993943814045,0,1
18.83507217295123,22,66,262,2,0,2.785229712208526,0,0
17.698132345736298,3,64,901,2,0,3.4295183226346126,0,1
113.68487136501378,2,45,888,4,0,9.983920429989352,0,0
176.2853192635727,5,65,1548,2,0,12.650738109988662,1,0
201.02750558831008,15,30,1776,4,1,3.4301859531130026,0,0
1.6709492250489717,1,53,502,6,1,1.8491397327589996,1,1
132.05635662165136,4,37,1346,3,1,27.477991824499348,0,0
450.4100637570433,16,29,1312,7,1,25.35975773366756,0,0
208.66582390520372,6,22,267,6,0,0.9738189674008196,1,0
134.79149307780605,1,67,385,1,1,32.212926036811595,1,0
257.77716072238775,14,19,1947,3,1,12.0997268343186,0,0
352.3705122923627,5,33,209,0,1,60.37457426726004,0,0
23.2474908390385,17,22,2258,4,0,14.074445075082076,0,0
10.829956126922824,16,24,2011,5,0,34.09305170738027,0,0
73.56766328764053,12,56,683,4,0,10.331582681940512,0,0
5.378107044863377,5,63,1307,0,1,24.650966662783954,0,0
352.4923486807359,1,34,266,6,0,14.451459206347025,0,0
176.1672129647883,1,65,2785,6,0,4.66065557890902,0,0
236.74473660499683,20,60,1142,2,1,16.39778729585899,0,0
110.37490078456422,10,53,2180,3,0,6.195679582044338,0,0
22.070679722042573,3,26,2774,2,1,17.363692143239373,1,0
116.71763068455398,7,75,2559,2,1,29.887743597049333,0,0
43.04098162739451,20,25,1119,5,1,12.982146797830891,0,0
243.5330695595753,13,34,1533,5,0,0.0656197182088202,0,0
272.98774807116257,4,33,2842,3,1,14.47146553829146,0,1
493.1637556142718,10,54,857,2,0,19.09645783626296,0,0
746.6054464308241,16,25,2266,3,1,52.01397677961722,0,1
144.15851708147665,4,70,1586,3,0,12.490085641472929,1,0
142.7569011469727,11,45,2726,3,1,3.440553880948954,0,0
460.18398740176536,0,61,808,5,1,1.3844769469086904,0,0
64.24267660938034,5,51,2275,5,0,6.354583461677661,0,0
317.854900578378,13,51,2318,2,1,36.564922968318726,0,0
289.9434381334317,8,24,2711,5,1,2.8089999036729374,0,1
419.44053345886647,21,33,227,5,1,39.86651522882024,0,0
145.11171145771377,0,26,2659,6,1,1.634990274702521,0,0
364.43800929397145,19,68,2173,4,0,28.30507422834957,0,0
174.84118784391342,23,30,2747,3,0,12.359292270598337,0,0
49.62119477579301,10,53,873,4,1,21.633280785750586,0,0
111.60758671896951,2,57,2388,4,1,6.158927629285245,0,1
2.179361323035096,10,26,1314,5,1,0.9805318434640972,0,0
89.3305335129616,5,50,2770,4,1,3.788316449149592,0,0
52.46384655012079,12,35,1194,3,1,4.650726150462023,0,0
350.5547102752768,2,31,745,0,0,5.904282510678853,0,0
490.1902097005666,23,47,1418,3,1,46.83000598288589,0,1
256.295724260711,15,44,537,4,1,5.631863814364863,1,0
564.8269332823984,16,31,841,1,1,42.78286689972036,0,0
314.7737268911849,0,52,628,1,0,51.75362488312057,0,0
47.57895658157729,5,61,1842,2,0,4.733969842297893,1,0
105.77468312433034,14,74,2843,1,1,35.24130482798937,0,0
72.85811003779642,4,61,1348,3,1,12.125418974710344,0,0
276.1994234653484,13,76,1943,6,1,17.88041586656955,0,0
13.520087752385033,18,55,1876,3,0,6.119721882487086,0,0
181.6263167404326,20,53,743,3,0,40.799230421656745,0,0
44.5461618109649,8,51,49,4,0,6.612169792607627,0,0
277.8920584228008,8,78,2297,5,0,3.495453408105294,0,0
407.3280214166816,9,69,2293,4,1,73.75431928990957,0,1
196.83086044682773,18,26,2406,0,0,3.0632023223042126,1,1
108.15684250969352,14,27,2083,2,1,34.405439011747994,0,0
81.77696300152316,22,45,387,3,0,1.3074479360394815,1,0
30.53966214937956,11,38,1547,4,0,67.92676072555417,0,0
166.0565681903547,16,32,694,4,0,12.120142060078877,1,1
7.516895553104506,0,57,1565,1,1,2.17070934642836,0,1
79.91030635430239,23,65,2053,4,0,1.6385134572601507,0,0
691.4823059507108,19,66,108,0,0,99.31059499981018,0,0
154.17660482477635,18,27,488,4,0,21.95745142909606,1,0
29.460385294506537,4,35,2664,3,1,24.593529614807736,1,1
471.58145939249073,22,58,600,1,1,11.113665354340789,0,0
29.32251024565573,9,37,2560,6,1,26.91046659073456,0,0
113.24469450068231,11,30,1130,3,0,8.935077456589603,0,0
174.95374574887333,14,69,2675,7,0,31.60052321560243,1,0
121.60199848281314,1,19,792,2,1,3.469535053648369,1,0
15.495173762261802,3,71,333,2,0,9.994012159394623,0,1
554.4575051979201,9,29,757,4,1,9.147206218382792,0,1
132.7146794055415,21,38,1565,1,1,5.944405521838854,0,0
381.03972460884097,15,41,250,4,0,6.825440068979053,0,0
111.66153859634711,14,41,1094,3,0,26.490673590821416,0,0
58.18113599961321,14,58,2801,7,1,1.8485465611315677,0,0
25.0562087692406,4,63,406,3,1,3.2258511703981045,0,0
189.7030543151656,7,49,321,3,1,3.626937016967061,0,0
64.43998481142602,10,60,160,5,1,19.94912311283905,0,0
552.7630766627263,23,49,1138,3,0,4.559786896940383,0,1
3.345389511694124,16,65,1769,3,0,3.2114402036232086,0,0
166.12897333471886,14,40,2449,6,0,10.5923015167932,0,0
207.46726637743265,16,79,748,3,1,5.501648207954694,0,0
344.60112837130805,22,30,1853,7,0,5.855956930309588,0,0
106.00540316661808,15,36,1439,2,0,10.573327507065606,0,0
125.944729661117,4,70,1274,4,1,7.518288236334266,0,1
96.23977869682928,20,58,159,2,1,4.977362552659937,0,0
141.9820576408378,21,23,907,5,0,2.1652149920002435,2,1
225.48989562266175,0,23,2960,5,1,13.741706192275675,0,1
242.1101297023034,18,30,2737,5,0,4.868758885713717,0,1
927.7930478459176,8,29,1964,1,0,11.174995431024175,0,1
61.18318860122791,6,62,370,5,1,12.84039010464979,0,0
203.5130035460205,2,40,1974,2,0,15.897478818769654,0,0
317.72389499084096,15,26,1771,3,1,61.90852702450863,0,0
29.338322523065465,14,25,2225,1,1,3.5449939218015434,1,1
83.88981070331177,18,28,67,4,1,33.626796727745,0,1
821.1394244563477,22,63,1552,2,1,24.501849805963136,0,0
20.388235224053066,22,58,2801,4,0,58.50339697037541,0,0
91.5105727661622,3,67,2168,4,0,11.243678251914876,0,0
164.92220307961043,8,79,2285,0,0,25.838449957754637,0,0
5.235732548332053,17,19,2488,2,1,5.53676928149502,3,0
20.366400966592785,15,48,1312,2,0,59.57335744380678,0,0
413.6900792250696,10,35,541,4,0,0.8996332066616936,0,0
75.99014361219086,15,64,111,1,1,24.38724351796216,0,0
16.065847959723786,8,51,2530,2,0,25.63501268343504,0,0
82.49757634002646,21,35,2499,1,0,64.96658352038844,0,0
926.8203510460676,21,49,1584,3,0,16.04032244975773,0,1
27.617817299071096,8,52,1828,1,1,11.92411505358271,0,0
135.59932587453292,7,79,1348,5,1,0.9223195033088376,0,0
117.0071656800162,8,58,2407,1,1,1.7988194657899392,0,0
332.01412275397973,8,48,1179,0,1,8.275147703773513,0,0
72.74081075142634,18,55,953,2,1,29.66645749227076,0,0
504.7850952306083,17,57,1731,5,0,0.4328245276621084,0,1
441.9247211470856,5,57,2711,2,0,3.452517440598164,0,0
53.36772835701117,20,22,1547,4,1,23.65848118530177,0,0
92.70604799335608,13,46,1368,0,1,12.282379076620789,0,0
682.4634472806166,8,21,326,0,1,11.564373931268989,0,1
95.52702234893356,11,45,2032,5,0,3.8931216246652895,0,0
56.132181596029874,9,30,2325,2,1,30.64688041319741,0,0
1027.899334941461,1,41,2944,3,0,16.087565812033944,0,0
312.8194666675975,16,52,274,6,0,39.50530511342596,0,0
195.31749676136155,22,42,2947,3,1,17.667914943530945,0,1
541.4393502160616,2,42,2733,3,1,35.5394850499159,0,1
210.67022713744728,9,70,2252,2,1,2.626931288896351,0,1
75.13720312460566,9,47,1648,3,1,53.14360133616384,0,1
27.189259143908657,17,35,2676,1,1,37.97773400747922,0,1
94.28517928431852,2,66,2723,3,0,20.634610957589636,0,0
262.2482529954456,12,37,1212,1,0,29.38557291488273,1,1
144.30500561446422,8,70,2812,4,0,6.485394492694576,1,0
4.545117895508024,17,33,1635,5,0,4.037187938189105,1,0
170.80104611454513,22,19,550,1,1,25.15605130127875,0,1
146.19543472751454,5,77,452,1,1,1.1158770229294002,0,1
111.8834278805482,2,40,1431,2,1,12.201344714448226,1,1
321.95856378034966,5,75,1201,4,0,12.103311274029434,0,0
149.7352020485639,0,32,194,1,1,19.628594442481926,0,1
132.25099593430397,12,37,1128,4,0,45.82050670949917,0,0
159.80224999872223,16,41,406,4,1,23.42554997278937,1,0
413.2228150214905,2,29,2732,1,1,6.045256746001325,0,1
50.075600222764905,8,64,748,1,0,0.9828074052489946,0,0
814.2844149357277,7,66,2534,2,1,44.467710056277,0,0
127.0979741252593,23,60,2010,4,0,4.345673335072218,1,0
121.63240579046013,1,61,2392,5,0,16.369560519713854,0,0
14.896397451132994,2,42,2946,1,1,1.539317119602265,0,1
42.60725655639493,14,71,1528,4,1,4.1908849979099285,0,1
59.399007294217874,9,26,1384,2,0,22.64170149439874,0,0
14.040805748686422,4,62,1187,3,1,4.978277464810165,0,1
10.983043314773576,8,36,1159,3,0,0.6109422930541561,0,0
21.47332374075836,10,36,2913,5,1,1.8225095684842536,1,0
25.51262065695625,12,75,468,3,0,29.11776411204681,0,0
341.9218429222009,16,62,1773,4,1,14.404658677443509,1,0
85.46174103453087,8,40,1743,2,0,4.592871837703601,0,0
28.477701184932275,1,69,930,3,1,5.956637660423424,0,0
61.61049929604526,2,58,568,3,0,6.2321125045570085,0,0
445.6857780886112,14,26,101,3,1,57.46487990381768,0,1
145.5977885210488,17,66,365,2,1,3.300470998111567,0,0
252.88457228381057,12,55,2333,3,1,55.29010447949684,0,0
90.32398814306208,21,23,1067,2,1,4.9111647106303895,0,0
35.196504213663665,20,42,825,1,0,6.5752516620502055,0,0
49.124054613956055,22,38,2427,1,1,40.80999541887265,0,0
290.5422049494756,2,32,1896,3,0,12.541639035872072,1,1
88.3598001298828,2,18,1010,3,1,44.133925071398615,0,0
217.9707676400588,19,25,2096,7,1,1.0716699105981808,0,0
372.03817747996186,16,70,2738,3,0,8.44833273810433,0,0
83.77862984632985,15,44,309,2,0,7.69979273715212,0,0
562.1233367864418,11,69,1222,2,0,19.203911502774925,0,1
30.36398438627741,19,60,1969,1,0,5.300139077959857,1,0
114.3924993483773,16,77,178,5,1,18.385175202582328,0,0
33.17765851796518,3,49,272,1,0,5.509271245416071,0,1
8.651343819608403,20,77,2616,2,1,27.053550019970697,0,1
674.1664717753157,0,31,1134,1,1,6.676658898051615,0,1
8.826689223517214,14,20,1688,3,1,26.37864131880293,0,1
44.418045650021725,18,72,1536,4,0,33.88284954888825,0,0
1.1042023874619544,4,64,2780,4,0,22.606669595901664,1,1
236.4276110682943,7,43,1110,2,1,17.74458390568303,0,0
103.55001572974054,17,66,2842,3,0,22.33380643211536,0,0
151.8287565921663,12,20,969,5,1,55.48467812675361,0,0
11.39023653207282,8,60,573,1,0,4.239971172192426,0,0
52.22795160370358,23,70,988,3,1,82.26270053780462,0,1
59.71717608480124,3,20,1645,3,1,44.81552916845398,0,0
299.6217507731185,22,69,1572,5,1,27.04479627440528,0,0
119.66385740616784,22,75,148,5,0,11.957797409858252,0,0
312.61929883147155,11,44,187,1,1,7.026365879989074,0,0
1161.1964523068962,14,72,2736,3,1,8.474581915144917,0,0
91.85234054202026,15,50,2383,2,0,18.74301665073218,0,0
32.9702547478611,11,47,902,2,0,59.322737859265615,0,0
399.9914364073485,8,77,1560,2,1,16.970975400934897,0,0
71.78889486757318,17,35,45,5,1,8.501925819156154,0,1
71.27800478224141,23,46,450,0,0,2.6981911524979734,0,0
146.39102431696512,12,52,254,7,1,3.2398665519205694,1,0
202.08749749847792,9,72,1232,2,1,5.779928042780917,1,1
166.1607578892744,6,33,2688,6,0,14.081434236315456,2,0
272.4736123736824,14,65,1920,7,1,27.1024035941106,1,1
121.37807353661532,12,72,589,0,1,2.2550258758679496,0,0
82.150120786953,22,54,2786,2,0,7.640376544416332,0,0
97.7825146183456,14,51,1493,4,1,9.314947833401783,0,0
381.4194945055745,23,57,2679,2,1,14.494045591696098,0,0
513.5694319092839,16,51,1136,1,1,55.49809048475354,0,1
172.1711514184815,8,53,937,2,1,5.521504073751107,0,0
140.8451687456386,6,56,1871,4,1,26.28717699250977,0,0
391.77977515175314,10,67,2305,4,0,30.286772897978487,0,0
390.293994852128,2,22,2466,4,1,1.4199834688559412,0,0
159.94404203426936,7,25,1577,2,1,16.444013893594807,0,0
48.57737556883447,11,69,83,9,1,60.29027559417453,0,1
949.5288966719888,19,70,2349,5,1,63.461698346228005,0,1
224.17242067200416,10,55,924,3,1,13.323990222369344,1,0
52.70763300353666,13,27,317,4,0,0.1702684756004072,0,0
311.1653631700635,20,22,2462,1,1,7.737855232085361,1,1
67.90162899996898,14,39,2106,2,1,21.754393205498552,0,0
65.89068558228242,6,29,1921,1,1,5.487991931705828,0,0
96.61013332628669,20,39,868,4,0,3.6605496829366304,0,0
332.26563981740577,17,72,2602,4,0,15.6987298173297,0,0
95.74269239343684,11,22,1928,5,0,1.4941462627262418,0,0
36.99103555514436,17,73,1227,4,0,8.310681111002038,0,0
1.8279644994815143,18,61,2385,1,1,4.025119157350602,0,1
38.0804867325774,10,72,454,4,0,48.25606233489302,0,0
242.55533998563612,0,20,2971,2,1,0.4292461954571902,1,1
319.3246286322692,2,73,930,3,0,0.9914762539554738,0,0
251.9840759965853,18,66,977,4,0,4.037032955870315,1,0
297.3375849333452,0,38,2116,2,1,21.93125142580585,1,1
79.09481188191786,13,74,794,6,1,36.929283740694856,0,1
530.077018991991,23,52,2435,4,1,8.047312205811052,0,0
64.03777447540952,22,61,326,1,1,4.81342306574934,0,0
207.58481621524555,16,68,1496,2,1,1.4650252399673995,0,0
42.29483904224272,4,25,242,3,1,49.626221258536695,0,0
700.7114950316624,18,41,578,1,0,2.371398506401319,0,0
77.40781449341289,2,76,1578,1,0,25.956244160494247,0,0
35.88893131199014,23,33,866,2,1,21.55369092344512,1,0
143.6490315600569,6,33,870,0,1,39.17447316319654,0,0
29.220934902424943,14,73,547,5,0,8.457240666814224,1,1
123.43714157042284,22,41,1569,4,1,34.1526089508516,0,0
183.71466984235065,22,23,589,6,0,44.42606185103348,0,0
744.8910046285756,14,73,1733,2,0,10.869667970650651,0,0
5.195310788402894,18,73,2720,3,1,0.7453241219166918,0,1
58.119124361999454,9,33,1281,2,0,22.97201438260668,0,0
69.99392187600981,23,48,2586,5,0,25.9747297937604,0,0
237.6979572023992,8,79,1102,3,1,12.46886573521153,0,0
260.9635612045055,7,71,2470,5,0,35.19199845189083,0,0
168.7427112772286,12,67,1111,3,1,9.927764364826816,0,0
307.5872022061824,21,45,1754,2,0,10.806493878975536,0,0
166.29530730898375,16,25,2137,4,1,7.470605563310317,0,1
264.5620645718557,18,56,2000,3,1,31.603737542374176,0,0
322.7073601419319,7,60,1447,2,1,2.8510137199902847,1,0
71.30573178336337,17,70,2630,3,0,7.533657472723786,0,0
410.8071114004797,15,24,376,3,0,22.16166343085272,0,0
302.6850460258931,14,64,1084,3,1,6.606469865041431,0,1
112.57380841891488,8,63,2142,3,0,7.630135020189105,0,0
26.85341661563596,2,78,2240,1,1,30.77753166533353,0,0
146.6996690859163,10,31,321,2,0,37.43832236584182,1,0
57.88543542355396,9,36,939,5,0,6.072282438785574,0,0
231.4895924471532,12,58,2935,2,0,12.2621327666851,0,0
3.975901988123293,21,44,341,3,0,41.53186518776693,0,0
187.172259568618,4,65,1651,2,0,12.95379047413345,0,0
237.2534021514961,10,41,2374,3,0,0.5686961278945726,0,0
472.37530088855306,5,46,2055,6,0,6.348089403233218,0,0
284.40607370986964,18,70,2074,4,0,50.34504415844331,0,0
496.9247844172475,0,54,2421,4,0,18.70643857529221,0,0
35.53630509121296,22,61,1965,5,1,85.19305949063168,0,0
33.245040221713374,9,29,333,2,0,5.775043216662206,0,0
101.55561897093564,8,64,746,9,0,20.472567080188966,0,0
161.79558578874483,1,68,1478,7,0,37.82753928014956,0,1
290.3660520096544,19,54,490,5,1,3.1566657784697023,0,0
23.889739389120727,21,21,1805,5,0,37.92408760366886,0,0
162.74739841204556,19,62,864,3,1,17.404758880078756,0,0
6.7065881344048535,23,56,1335,4,0,28.20151134363929,0,0
67.25674342524411,1,69,1292,2,0,17.456839940357256,0,0
207.9510173121035,3,68,1768,2,0,15.155667529432382,0,1
478.1752278647304,22,28,2338,6,0,39.714206941881,0,0
143.12504121259627,23,25,2909,0,0,2.083526133530342,0,0
219.83092192290164,6,43,2714,5,1,18.801618138055357,1,1
186.4093099649981,3,19,1546,4,0,3.007162509356916,0,0
261.11331547105664,16,24,2746,0,0,3.920312782482813,1,1
740.5399713194938,22,49,1976,5,0,3.479165035237472,2,0
280.21350003877063,20,61,1405,3,0,13.959910866350633,0,0
263.5312863790731,22,18,2080,1,0,15.005913675538425,0,0
20.63802744034538,4,55,367,2,0,10.525351457044554,0,0
471.40614174705087,4,33,2157,3,1,89.31556947953459,0,1
837.8347978241413,20,51,1028,2,1,0.3699459807461333,0,0
610.735918769201,7,76,1139,7,1,2.433262922368414,0,0
234.80771842829475,2,49,570,3,1,6.231379396697277,0,1
78.66284263682627,16,33,1640,3,1,24.347642543125104,0,1
25.711242698670507,20,35,2301,4,0,31.70354056002186,0,0
43.689489480226186,1,67,30,2,0,30.015165240639444,1,0
317.0201762024236,15,30,405,2,0,3.942502031499812,0,0
40.40437014079312,14,38,1427,1,1,3.235611781830685,1,1
58.77776685868028,12,36,870,2,0,45.08560000141198,0,0
83.50307818644346,18,73,1612,3,0,81.93108214494215,1,0
105.7641133810492,23,66,277,3,1,20.3188694693248,0,0
1467.8001133750663,0,31,2657,4,1,7.027847371454984,0,1
33.293910025700136,6,50,1256,2,0,18.802331322797496,0,0
77.2982190274079,12,46,2821,5,1,55.82634327841447,0,0
44.39941995518674,12,22,1545,3,1,5.949707606142408,0,1
201.92549910306883,8,44,761,5,0,62.64532096833776,1,0
68.57798686001976,23,56,1316,4,0,19.814795392572112,0,0
212.80803302424843,7,32,1010,4,0,5.28935366155662,0,0
11.222114357629708,10,57,260,2,0,30.46908851618323,1,0
21.32174244907709,9,33,2070,4,1,41.76112695305464,0,0
576.6281944414294,18,28,2788,3,1,29.620493468252427,0,0
256.5360835090209,15,47,1019,4,1,21.357914443503468,0,0
191.9787952419908,23,57,696,4,0,16.845053493071,0,0
282.7653632296506,6,79,2159,2,1,2.1232792797730986,0,1
267.82702447450083,17,65,1346,1,1,3.483633010372276,0,0
305.5109240028472,11,20,2171,1,1,22.423305000617432,0,0
73.12976661739705,22,20,1042,3,0,5.563928092012128,0,0
124.53552300338949,23,33,2761,1,1,16.788502381566325,0,1
308.04450828855903,2,78,150,3,1,18.239808104850795,0,0
82.48887509880147,21,65,1016,2,1,14.53090834585318,0,0
196.13586373466524,10,49,2662,3,0,64.38300344087484,0,0
159.5759143339993,15,31,2513,4,0,31.01329278484293,0,0
71.21093525572041,21,58,1863,2,1,54.44300823600875,0,0
34.46305882197392,18,39,507,2,0,30.71048664746035,0,0
6.179188331568096,9,62,1305,3,1,40.24076927763196,0,1
171.3023161224364,17,52,2283,6,1,4.564552872471102,0,0
39.991161940159536,7,30,34,3,0,19.024276032799715,0,0
103.60992016207987,0,63,2227,2,0,16.344821635911863,0,0
54.85424366162705,19,22,1964,4,0,1.594662154703819,3,1
27.93360926665708,11,34,2579,2,0,4.397861489893039,1,0
106.70484876227344,12,43,734,1,1,12.709286828797762,0,0
145.60234619290395,11,59,165,1,0,3.337478534444387,0,0
66.44312273323887,7,36,1948,2,0,108.8747032175518,0,0
70.12517945074951,6,74,2108,4,0,0.986958816997539,1,1
82.6091132412211,10,67,176,5,0,3.9643355640625417,0,0
136.9235361092421,14,72,1555,2,1,39.46461674042517,0,0
172.35736818792898,18,69,925,2,0,59.705759941703455,1,1
27.403684813401423,8,38,1337,2,0,22.020438942985237,1,1
112.18629861566043,0,43,2239,3,0,41.09450727786991,0,0
182.9382648428364,13,24,150,2,1,9.580723952961318,1,1
14.436981013908865,21,56,72,1,0,14.340356859176325,0,0
2.3426464698819407,17,73,2677,3,0,37.70035520291852,0,0
182.7810095517648,1,71,1405,3,1,11.111783737401286,0,0
108.5297704594592,1,47,1747,2,1,0.358393059054609,1,1
197.61538578696525,9,67,843,2,0,9.432952175249142,0,0
210.9266185215544,23,66,1646,4,1,92.69997142889002,1,1
410.3039461041626,3,63,2585,3,1,3.261474863782137,0,0
415.4785677915301,9,18,2043,4,1,21.615342177857443,0,0
137.97760856056354,19,64,302,1,0,10.934029241167671,0,0
30.18411732845283,18,67,236,4,0,2.511891799530614,1,0
59.848618149674046,0,62,1304,5,0,16.453554649610645,0,0
22.67226770813268,6,26,2749,2,0,4.347311354238172,0,0
103.13079599130332,17,21,539,1,1,5.795366755452629,0,0
149.99619349224864,15,49,1690,7,0,11.329669328885432,0,1
224.2515314134136,6,41,1396,6,1,31.004833617399623,1,1
128.03253463053684,9,30,1138,3,0,15.506999163142908,0,0
249.82526886331988,7,78,1985,2,0,12.844168719219695,0,0
104.76464725813396,12,69,1654,3,1,27.40545340480662,0,0
181.2997317683196,15,33,1469,2,0,2.997171350458535,0,0
225.71950877589785,18,34,221,0,0,26.243139655916,0,0
411.762460408382,20,71,567,1,1,15.043955159420454,0,0
209.57755621064075,22,46,621,1,0,2.3225775169516165,0,0
226.2920267964171,21,24,2290,4,1,59.97236788799289,0,0
143.39801804351154,5,43,2993,2,1,17.65460450506142,0,0
131.22427560570551,9,19,497,3,1,13.134014259668511,0,0
202.1730619852085,12,62,1223,0,0,3.6693083687757904,0,0
99.87953694333348,0,68,1375,2,1,8.35373458160502,0,0
125.27983509104428,5,59,1588,3,0,23.13121621575516,0,1
136.63255608216548,17,47,269,1,0,3.9680341242029984,0,0
68.88183054948225,18,53,2545,6,1,17.017884867766327,0,0
4.413009871000305,15,50,863,3,1,23.70223475352607,0,1
19.66759135331114,3,76,1140,4,1,1.4892464913667467,1,0
180.12512453553273,3,26,758,7,0,22.540555420203336,0,0
102.92001885304136,21,63,927,4,1,1.3430711380360831,0,0
339.42812702345384,21,70,2685,4,0,21.75099334350755,0,1
124.65327522553156,17,18,1763,0,0,3.076627528247008,1,1
1363.3453528651137,9,63,798,4,0,22.736612252678224,0,1
87.69984696208415,6,63,1251,4,1,1.4269475376037244,0,0
66.39536967974529,11,77,737,6,0,4.46943634908547,0,0
155.96173776923928,1,18,2156,6,0,137.92165423484232,0,1
368.8154282642956,1,28,1626,10,0,21.002514304008223,1,0
329.2843411710783,13,28,1936,1,0,44.01084308929395,0,0
384.5353204538956,7,73,2161,2,1,19.63016568665687,0,0
111.08835802200684,21,54,55,1,1,34.82677632867378,0,0
25.652635842236094,22,65,1339,3,0,23.73196934812288,0,0
121.53886875024784,9,73,1416,8,1,1.3942002391756354,0,0
14.160301282717755,18,61,576,4,0,14.621375050262348,0,0
73.89927852241152,15,31,2658,3,0,11.120747353783484,0,0
681.3153637805498,13,35,912,3,1,6.357780149361563,1,1
278.0121276197348,12,37,111,4,1,1.2975714905368785,0,0
234.2668491753064,3,46,1996,1,0,12.75388981555607,0,0
160.95652436463973,4,73,481,3,0,7.425911337905106,0,0
367.60874523811566,14,24,2339,3,1,2.447230072526392,0,0
326.19478570221,21,60,2416,1,1,1.8538984211113292,0,0
92.56316456507638,14,34,1322,3,1,30.52155610832543,0,0
21.772608665753136,8,30,1061,4,1,17.603912990367643,1,1
658.207642691167,21,65,2592,3,0,33.43590640719485,0,0
380.2011437083213,13,75,1795,6,1,3.956755999351465,1,1
179.53452288303765,1,54,2572,3,0,4.549000041609549,0,1
37.58533791744234,12,18,1131,3,1,13.9085774557783,0,0
577.4347362481949,19,56,75,2,1,2.4710250407019543,1,1
111.06742418329053,20,52,239,3,1,20.20578158512267,0,0
445.2625449981751,21,55,618,3,1,4.100948308557143,0,0
37.377395275690375,12,63,1286,2,0,4.5900665369872815,0,0
7.658005020706524,3,31,2980,1,1,3.1393874277983973,0,1
22.04590514396417,19,64,2381,3,1,69.02810399192057,1,0
507.0714917406533,18,61,2511,4,0,76.60982160230279,0,1
16.13003084672392,14,75,679,2,0,12.770845372682052,1,0
227.64970525465125,12,31,1278,3,0,9.11070777147771,1,1
409.1061424502781,12,68,2133,3,0,37.19235795513859,0,0
113.83965114424754,16,55,2423,2,1,1.2994894922293363,0,0
14.962885926925267,8,34,1450,5,1,20.15498161522072,0,1
10.755068147219562,10,68,2331,3,0,25.877751701878147,0,0
198.27983528664404,10,18,2797,3,1,3.136041985153634,0,1
265.12692793097324,2,38,60,1,0,5.777672371356795,0,0
57.448154698426414,0,55,2183,4,0,10.091715569802188,0,1
34.2135830670133,0,38,2376,5,0,51.23868963842601,0,1
226.2323726411464,15,69,2446,0,0,61.44508593786682,0,0
34.314552950500456,9,54,2126,4,0,14.3337723644844,0,0
252.09188593244053,19,41,2784,2,1,6.712887145769583,0,0
196.51277154924844,12,48,2489,3,0,12.012724332137896,0,0
595.4983424739946,20,66,2614,2,0,16.726430077955484,0,0
79.45261872182058,10,25,1767,2,0,7.009720991267072,0,1
338.5062375549441,20,34,211,3,0,29.44956716770857,1,0
10.964745278393492,21,71,2100,3,0,44.04312324812462,0,1
312.2547066398335,20,24,853,5,0,100.60540718265324,0,0
22.61579291904313,15,77,704,2,1,53.42282424979104,0,0
77.74495225122715,23,77,278,4,0,11.969722616876789,0,0
218.0048288803956,11,29,2043,3,0,3.082280629308427,0,0
341.562345576376,0,58,1055,3,1,12.68403000628271,0,1
275.3890993034282,18,37,1069,1,1,25.188057221037976,0,0
44.433726799383614,19,67,2391,3,0,18.901532127560564,0,0
486.556002993148,16,32,744,9,0,20.129650978801813,0,0
195.04392373129855,0,62,235,2,1,45.46851276312586,0,0
472.571908973951,13,75,296,3,0,48.4606110410374,0,0
70.32062967571657,19,32,2748,5,0,0.0697098452236759,0,0
146.5642944516396,4,56,2477,2,0,25.070102151204612,0,1
275.8714480428617,11,27,990,1,0,4.191499089962405,0,0
135.5641885107098,18,77,2520,1,0,17.621393578209,0,0
652.1505726258265,23,76,781,2,0,49.12311540832195,0,0
173.87991672629306,18,58,1547,3,1,23.03629652102746,1,0
342.5433077319568,0,78,1765,4,0,16.01221845927277,0,0
235.9379752760708,16,69,1284,3,0,42.842944473805325,0,1
152.54958934514838,10,29,2316,3,0,0.5361072906509313,0,0
191.9993890748624,0,76,2187,4,1,53.38734720227819,0,1
311.2179202001936,21,77,410,4,0,21.957152122414332,0,0
56.64678186813674,8,30,2170,3,1,102.07145956109918,0,0
175.2487412013286,0,23,999,4,1,3.190860339595058,0,1
64.80120963509532,1,36,2177,2,0,21.040231415007487,0,0
114.6274679199364,2,56,1925,2,0,19.367011751182748,0,0
241.956780471076,4,65,2647,4,1,6.945677845940946,0,0
113.30215820164996,20,51,2326,2,1,13.524671696886394,0,0
8.96743652550676,2,36,2917,4,1,21.087093336496267,0,0
596.2598120437667,4,21,2454,2,0,16.082737919102527,1,1
20.398941927636223,4,67,483,2,1,41.14819510655028,1,0
41.286421321511305,2,65,2345,2,0,36.88388161823869,1,1
254.05471809986167,2,27,1886,4,1,10.64190209210892,0,1
60.29856265945404,23,78,56,4,0,29.001914993569684,0,0
88.13704445304556,1,75,2451,6,0,87.08026793687688,0,1
337.2909138695847,1,73,1777,4,1,5.888577750465618,0,0
277.387579993001,14,74,407,0,1,14.0142486002852,1,0
260.119603995306,23,64,2183,5,0,16.582724452915723,0,1
41.30402212109253,2,41,2704,4,0,2.6671770127570364,0,0
17.525504763765447,12,35,1521,7,0,81.11705082645194,0,1
30.82659445348505,1,70,2098,4,1,12.694100761450471,0,0
11.712646615524235,21,51,336,3,0,30.918088729787392,0,0
612.0525056457969,22,56,1596,5,0,14.635328869166065,1,1
151.98750894735446,6,25,1446,4,0,7.383523185564615,0,0
103.08037736291078,19,78,398,5,0,25.206216747230197,0,0
20.04384457275069,7,62,2384,3,0,14.363952359119876,0,0
161.5685623834913,19,39,982,3,1,21.891691681380173,1,1
622.2205059323763,13,49,455,4,0,17.26450337301483,0,0
308.6160213622474,14,42,2124,5,1,14.01329718677359,0,0
21.91269127147829,17,59,2037,3,1,5.0303657599938365,0,0
184.1635596915969,12,71,2927,1,0,29.582426770366336,0,0
0.8745632983492825,12,40,1333,1,0,31.45317291158792,0,0
66.38878038808875,7,70,415,2,0,37.327297671156416,1,1
214.68239473125027,19,29,121,4,0,17.366625539552164,1,0
9.240489566028916,16,29,905,4,0,6.1809353268546765,0,0
215.94008200670257,8,58,2304,1,0,3.795900255258463,0,0
47.52628645256313,20,41,128,1,1,60.10860744350773,0,1
41.23682981286256,16,79,859,5,1,8.459383933744093,0,0
74.28094609516299,1,78,479,4,1,7.358459068328958,0,0
6.17166354678104,10,65,678,7,1,26.88885871038119,0,0
164.4963786201368,2,52,595,3,1,31.75572109295964,0,1
224.07276851896745,18,63,2498,2,1,5.510591156338309,0,0
118.12020255817444,14,52,2650,3,0,3.2491436660445787,0,1
377.3354456074069,20,77,59,1,1,5.449933730343689,0,0
210.91917177519792,21,47,2952,3,0,9.501930229438967,0,0
154.21904330989435,15,75,2059,4,1,20.00073703591449,0,1
64.39624779228672,9,68,1739,8,1,3.951196439501644,0,0
8.085003279540631,5,27,647,4,1,5.367687364835224,0,0
35.670954915951974,9,54,312,9,1,18.88798513275285,0,1
78.69598386292708,6,36,1346,2,1,47.87534618801287,0,0
1104.9323762090153,15,73,83,2,1,18.23812401699996,1,1
10.50417929454508,14,22,626,7,0,59.57553957411775,0,0
227.91564394326463,2,49,1486,2,1,7.801496593801616,0,0
696.715044251201,12,18,84,1,1,34.48080856943725,0,0
498.0204370600261,2,45,546,3,1,25.99248444099304,0,0
88.07155053540498,3,26,1673,5,1,9.698629447109532,0,0
95.31513113094144,8,42,1072,2,0,27.59053445870193,0,0
163.23192721278295,4,41,1755,5,0,44.70046373920495,0,0
490.2507182867161,1,51,2264,3,0,5.102915043244202,1,1
122.566829296491,13,47,1143,4,0,18.02812019364457,0,0
9.914263158030373,14,30,1921,2,0,19.097782207646517,0,0
129.57491278756464,0,77,553,3,1,2.963894308651029,0,0
74.01695513746324,15,46,1209,4,0,1.0162567133435072,0,0
135.8607391230953,21,40,2164,4,1,55.75093951925494,0,1
60.40120309374603,9,53,2419,3,0,4.215221803072372,0,0
548.1699967301965,0,71,2075,2,1,9.39455772759874,0,1
100.07009800727911,0,33,1723,3,1,38.07867651042972,0,0
131.2758761401981,10,31,2007,7,0,9.330864128069257,0,0
443.2729926394047,20,45,735,2,0,1.7387354398075472,0,0
643.0903523012014,2,71,1442,3,1,2.7333894062268245,1,1
246.9181998879371,12,79,1849,3,1,15.536655535118896,1,0
14.092500335415163,16,22,122,3,1,0.4389387634468263,0,1
88.25073654753503,5,51,1476,1,1,55.77073487894958,1,0
290.50897029130056,14,66,1292,2,0,10.918777893072118,0,0
25.3714677778658,7,72,1556,3,0,7.112809877436908,0,0
1.2798952891657462,15,59,1049,2,1,18.683098480793102,0,0
221.3765172512708,15,52,2984,5,1,8.248054560954447,1,1
150.40295498162754,5,37,2978,6,1,7.1683528355017225,0,0
149.02214598815385,10,69,272,0,0,18.22258429182532,0,0
601.528637846422,7,77,496,3,0,26.92452941261161,0,0
189.2741747799597,13,23,1182,4,0,11.92257159216358,0,0
318.59621166212816,17,33,1347,2,0,1.469414879991464,0,0
104.04708153419648,22,41,1093,5,0,11.134698273345364,0,0
36.020360230150985,9,72,2678,3,0,0.3464101291710912,0,0
119.09291711278568,3,51,1603,3,1,16.308456861793946,2,1
369.0741984123943,22,48,584,1,0,3.639355541580195,1,0
403.2129675708737,1,75,280,5,1,12.473710620962857,1,1
618.7411696775183,0,51,1035,2,0,1.732265529187488,0,0
72.40178648825867,4,33,2089,5,0,31.08338017501842,0,0
278.6072207617708,5,39,248,4,0,4.804097284029988,0,0
517.1004833254026,0,75,2196,4,1,18.687304413732157,0,1
64.82158141702838,12,60,2847,2,1,55.01715316034597,1,0
11.442264109641366,21,48,977,2,0,15.958190341922824,1,0
339.9373802264991,4,77,454,4,0,22.966576779206594,0,0
159.29449709684755,8,31,2054,2,0,0.7059688908100471,0,0
31.70732690001098,6,25,1028,2,0,43.01230663980076,0,0
218.6722545752177,12,39,886,2,0,7.56957065451158,0,0
265.3096867599448,19,27,394,3,0,22.17955299568002,2,0
162.73008438094843,7,56,1329,4,1,8.691108395740482,0,0
14.763387400605254,15,54,737,2,0,22.11955285965737,0,0
2.4462538817942496,4,73,2601,2,0,23.53205889828112,0,0
128.41851772313098,22,28,879,2,0,0.9042105040358072,1,0
76.79948482862943,2,30,1223,5,0,40.13224075765096,0,0
92.32387459093168,2,50,2642,2,1,5.434241996816168,0,1
1174.3706919921867,18,19,2854,8,0,25.20041599326479,0,0
80.14207107108142,18,25,2560,4,0,3.223600669531041,0,0
30.83452699285018,9,49,285,5,1,1.5298590944088066,0,0
588.5647473994422,14,74,1635,2,1,2.113212278809752,0,1
3.3463355475233056,20,31,2072,5,1,8.271311977987605,0,0
566.9913308308381,6,30,2183,1,0,54.56207735038521,0,1
257.7165531347084,9,61,2800,3,0,12.520644083927255,0,0
313.3817609124306,22,71,1899,2,0,45.926151003131686,0,0
317.38852858327004,11,56,2351,4,0,25.351417390976213,1,1
133.83793581387326,22,29,1971,4,0,62.72380184563846,0,0
92.779636594518,17,31,478,6,0,6.032941775414383,0,0
83.99284160453318,23,31,1480,1,0,33.73309890959112,0,0
151.5755240701645,7,59,465,1,1,25.00778044873567,0,0
171.79575415107664,16,66,730,3,1,38.33563760946088,0,0
2.145492203366221,5,73,502,4,1,36.047391995329306,0,1
1066.1437412397547,9,53,1982,5,0,16.08406844430086,0,1
29.124698467635223,14,32,2589,1,0,2.585839331273976,0,0
113.76773450865927,20,74,2626,1,1,19.988782813834877,0,0
12.520467393304209,23,47,829,2,1,7.357469871899127,0,0
601.1709126583529,15,20,2714,9,0,16.97190274544863,0,1
24.79160411378046,13,70,2125,2,0,3.910506626415162,1,1
529.0739220482413,1,43,737,5,0,17.901290908494286,1,0
594.032080702045,9,27,2081,3,1,24.33963197126985,0,0
2.2733791324836465,4,29,2966,1,1,24.56657153994944,0,0
186.644171406803,3,72,1790,3,0,34.35686162794153,0,0
320.34703600998256,3,21,1677,3,0,2.506977158035445,0,0
838.0619077364752,20,36,1304,4,0,25.52170728256417,0,1
53.511695863533696,16,65,2943,1,1,10.842822775363263,0,0
402.1347135269835,2,76,2927,1,0,16.966192315938432,0,0
542.3909940638334,1,78,671,2,0,10.292445880578276,0,1
153.05799166760886,8,63,1260,7,1,4.529650882171471,0,0
23.442449463870084,15,62,1347,6,1,0.6494875737913242,0,1
63.32097191395866,1,42,256,4,1,66.36293911020991,0,0
264.22149364674306,19,46,1662,3,0,0.981040148874626,0,0
223.22932289259447,21,71,2932,3,1,22.72584675715365,0,0
87.61684168737985,15,59,930,2,0,19.776668864154587,0,0
559.5983685585326,9,20,843,4,0,88.53830121010206,1,0
65.82726023578704,13,57,1252,2,1,15.319923015525166,1,1
53.682387666352696,13,42,1820,4,0,77.46844360803988,0,0
119.5887247156446,13,30,89,6,0,3.90714218546552,0,0
81.41363215878751,11,37,1972,0,0,8.720940119494712,0,0
57.27225198418696,12,45,2969,3,0,1.4735734601954598,1,1
52.8643105870209,13,32,2522,5,0,8.422082574127248,0,0
72.33861966758022,13,71,2641,4,1,38.71416961060825,1,0
9.51276995128171,20,28,495,6,1,6.237593183729137,0,0
113.80936147551188,6,22,1016,2,0,3.6427723067038382,0,0
389.022732929459,10,35,2149,4,1,8.214242584364511,0,0
56.46136987902819,3,31,1716,2,0,61.62672013842412,1,1
54.5591573021044,15,63,2978,3,0,42.84918930295338,0,0
13.142815460538683,11,57,267,2,0,23.75921471225704,1,1
20.56325663428165,20,61,2220,4,1,15.775580509839552,0,0
100.5486441162735,18,41,642,7,1,35.24554951068342,0,0
195.63242155038063,1,74,609,2,1,7.502039855937577,2,1
256.2189626194064,7,74,2229,5,1,1.9194710109435065,0,0
108.11295480667796,14,27,2985,4,0,12.59735719766324,1,0
384.7591453020238,4,73,630,1,0,14.221642051772784,0,0
50.83413344811726,15,68,382,1,0,41.56073670080522,0,0
733.3399359021608,23,45,903,1,0,26.364966390247854,1,1
148.75016642878444,8,46,1666,3,1,5.59114528187604,1,1
88.58391788967344,2,74,2928,5,0,13.803430361148312,0,1
20.33489674047218,3,33,2714,5,0,39.5386704723112,0,1
5.704897758885169,14,27,1103,2,0,17.647352465930428,0,0
74.1512556444865,7,19,58,4,0,22.924477871269797,0,0
25.50913451177851,5,73,2924,1,0,0.0194557173553538,0,0
92.13305555735208,23,21,249,2,0,8.180807379251052,0,0
411.3387045081393,8,79,2910,1,0,35.42204267746285,0,0
278.2035379456148,4,79,1471,3,1,16.61458918443893,2,1
42.373123658539136,21,41,250,2,1,0.4591253110572026,0,0
568.5188611055681,16,31,2974,4,0,56.57761779515107,0,0
62.33329983145527,21,68,1588,3,1,8.13505772477692,1,1
184.8394412272716,0,50,1628,2,1,8.636797087926888,0,1
103.03750405069452,15,22,1787,4,1,10.811425241806525,0,0
84.96238354041668,23,27,2826,4,1,20.587881357557144,0,0
211.53981778411537,19,73,1306,3,1,5.711815867816576,0,0
359.32778729868016,11,70,1055,4,0,41.6803981344017,2,1
165.63966592198696,22,71,861,3,0,2.699987358947083,1,0
49.245051188186665,16,34,2576,3,1,76.41442387506073,0,1
182.540930518779,1,38,418,4,1,83.69732402686398,0,0
287.40069256859795,11,77,1511,3,0,23.59547960673097,0,0
44.747374340890026,13,50,1611,2,0,0.950001191182768,0,0
207.2248683095384,22,44,1720,1,1,3.634245927644592,0,0
12.789663032195287,15,54,2602,4,0,1.7844544033765073,0,0
261.5027202630076,9,46,461,2,0,25.310919255323057,0,0
126.91733656921454,20,75,1638,3,0,8.330377853949969,0,0
103.36907535594774,2,64,582,3,0,15.96830579634165,1,1
113.84950891478589,1,51,2388,2,0,23.326500016351574,0,0
174.15191603026818,4,63,2705,2,0,3.797701754731917,0,0
107.97998238785836,23,76,1363,4,1,13.307698419337584,0,0
100.55090433803936,0,23,77,4,1,3.593122181843285,0,1
340.1391806038957,3,76,2916,7,0,5.481063263866565,0,1
247.42668488699664,10,78,2386,3,1,36.66688525979357,1,1
496.9059101986354,18,77,991,4,1,20.650176244372062,0,0
64.3827166873361,3,18,1739,3,0,2.6770504546090272,1,1
5.1554308793353325,19,30,2695,4,1,0.4285618829006632,0,0
371.4253130834183,21,59,1788,5,1,1.2143844686499097,0,0
118.83117737790936,2,68,2583,6,1,17.962922168889595,0,1
206.9698008670631,7,48,964,4,0,46.34287408890263,0,0
50.89005595057107,1,66,2081,4,0,1.523269547146807,0,0
19.84530139869037,10,32,470,0,1,2.268903729753992,0,0
36.51076516096328,6,72,2672,3,0,2.301218962298481,0,0
225.6914115647508,2,25,1567,3,1,9.183124119898412,0,0
514.6987809507345,1,55,2913,4,1,53.46700481377067,1,1
18.687829195791892,13,73,1994,6,1,36.62866453885985,0,0
39.84998378206201,8,45,2179,4,1,22.64175338428145,0,0
19.18918059420275,17,55,2039,4,1,2.949008398960016,0,0
462.8465538965295,15,19,1014,1,1,20.025959266710235,0,0
1.1763985880151293,3,73,245,6,1,29.974738735951924,0,0
288.8657167758159,1,33,833,1,1,56.31850032358911,0,1
199.81213800191637,17,69,2953,2,1,75.97832020525674,0,0
66.95807906977483,9,44,2582,4,0,1.092490125625769,0,0
90.54941494098298,16,56,1631,2,1,13.670454276591286,0,0
105.66111129786049,23,53,1719,2,1,25.892678075367108,0,0
14.701688983807117,9,71,546,9,1,10.192023131996171,1,1
555.3661311245407,21,35,2576,3,1,3.5130354938796944,1,1
852.8013458579446,4,54,959,1,0,5.127468576789601,0,0
361.6740138670169,16,42,1017,4,0,1.7834770532230628,0,0
249.08345777970777,6,35,2938,2,1,9.763180771967486,1,1
198.1673065429394,21,60,2387,5,1,0.8104873900643644,0,1
82.66539457854503,0,36,1578,4,0,41.15493890068534,1,1
147.46141167021722,14,47,1096,4,1,24.303654091318965,0,0
325.1257796223046,18,21,48,5,1,29.027883948295845,0,0
172.72056955616404,11,56,123,0,1,24.36559843331839,0,0
154.49046974044705,12,43,1816,3,0,61.31954515008388,0,0
287.2752007616703,8,72,426,6,1,5.355137937125852,1,0
114.90711114893011,17,28,834,4,0,5.600420778420756,0,0
107.38019691807456,23,24,2813,1,1,12.953260329675151,0,0
37.67450324524554,7,36,2961,2,1,3.223290677875488,0,1
17.148981491387218,4,62,233,5,0,0.4542329815410583,0,0
84.87029717142813,18,78,1287,1,1,22.744357729270625,0,0
10.295578141717248,2,75,1825,2,0,18.686939272140197,0,1
151.37039782956836,10,60,2727,2,0,0.292738906267518,1,1
282.6480726061713,13,55,1363,1,0,9.002599957758543,0,0
38.38886612122792,20,46,1395,2,1,22.383252106266024,0,1
151.50280856678876,19,23,2922,5,1,6.5650340748478975,0,0
176.17877361877666,20,30,246,2,0,81.28985167482924,0,1
525.5127791907216,13,51,1203,4,1,20.24368629144604,0,0
140.74149795135088,1,75,1201,6,1,6.623794871602148,0,1
70.75861856763109,8,48,2583,1,0,7.452697868103108,0,0
234.8425055135438,13,71,654,4,0,13.487160063555256,0,0
262.68536182506944,9,68,2693,2,0,12.85376493693481,0,0
72.62209994211713,5,24,1492,1,0,26.080756662824434,0,0
98.6592921281512,18,78,1618,8,1,7.442269861373514,0,1
28.77759107805979,2,49,535,5,1,1.3288117304224798,0,0
694.3952083217025,12,79,2266,3,0,0.923423951295398,0,0
544.5437951924127,18,34,594,0,0,25.76571492476755,0,0
373.6473798994736,2,71,2928,5,1,16.076744018605233,0,0
93.54246279543848,1,21,650,5,0,3.680786656687392,0,0
208.29720261561303,7,61,1965,2,1,14.899038497373224,1,0
116.51231165213618,20,59,1114,1,1,62.42913379587266,0,0
24.858556765896694,3,35,2610,2,1,12.052742099375289,0,0
792.5304426285942,17,75,1961,6,1,15.995567343761843,0,0
112.39960172080124,11,34,581,2,1,24.18582835862407,0,0
67.74745327683914,19,52,2794,1,0,18.06787036342813,0,0
114.99520786556346,18,32,1051,1,0,5.726529534666422,0,0
21.46860092497737,4,32,81,3,0,5.485174038439592,0,0
92.99104981882633,21,61,867,3,1,34.50156993950616,0,0
79.18446443525971,21,68,1666,2,1,17.589241251884204,0,0
41.50619883105383,8,38,1552,2,0,12.26727900431288,0,0
245.6724502709987,22,19,695,7,0,8.537159419728708,0,0
168.4252672868285,18,39,552,3,0,24.23751619540886,0,0
691.0407474595394,12,33,2626,2,1,22.996158102734626,0,0
11.260105570261937,19,31,2530,3,1,24.41637908669091,0,0
52.10828739528159,21,55,2024,1,0,14.436992032786993,0,0
6.801963692318353,17,49,844,2,1,17.03176614502776,0,1
76.4131150929663,5,64,1455,3,0,8.847037328332215,0,0
97.58550547003745,19,78,433,2,1,2.6271823743146228,1,0
192.5484869922573,0,56,1462,2,0,4.386267670066645,0,1
219.68274910379256,16,41,1713,3,0,13.735614210095726,0,0
64.99779479932111,3,77,795,0,1,12.220622988707529,0,1
134.35406761020226,7,23,464,0,0,8.828805511185804,0,1
111.96887015603572,12,21,2035,2,0,10.820976537158948,0,0
35.80625802384572,19,42,947,2,0,5.906524140757567,1,0
30.09960407856958,11,42,82,5,1,11.86633265917752,0,0
218.203682623164,1,54,576,2,1,14.12297383836222,1,1
197.7187380734593,23,28,1528,7,1,0.977849665660966,0,0
217.45127494553148,15,41,2713,3,1,58.79772237917864,0,0
72.27462866144148,22,75,2758,4,1,59.57967317117871,0,0
50.01013879775742,7,42,1923,7,0,2.303085365744609,0,0
90.39489979339248,7,49,635,2,1,3.264350540450672,0,0
29.58888268785579,16,19,1313,2,0,22.7673399273452,1,0
9.640918684049504,16,61,2406,4,1,7.638346852687906,0,0
15.139164811650495,3,36,206,3,0,2.76887742822664,0,0
22.517706833064363,19,50,1091,3,0,15.922317652245422,0,0
34.84205170773817,4,30,1850,0,1,24.428740274169197,1,0
209.60977965401025,20,56,1455,0,1,65.9980144378691,0,0
47.76499218606454,15,52,946,4,0,7.180875891585531,0,0
71.16237426195481,13,71,805,6,1,21.62018854496287,0,0
551.6762410803933,16,47,2202,1,0,27.55207491950061,0,0
320.18802146369404,12,29,1185,2,0,10.560898139139333,0,0
1.4013503869448922,6,72,1414,4,0,4.815776453956984,0,0
161.81569782139775,20,33,1450,5,0,20.972344780755822,1,1
4.5645971860001655,23,33,2508,1,1,23.00893975639687,0,0
48.30135594758386,1,55,2396,1,0,36.0424516404924,0,0
960.9670881772278,20,47,1133,5,1,0.3766274012279746,0,1
195.1751636425062,2,65,2765,4,0,1.757870515850834,0,0
63.45258792806909,6,33,705,3,1,35.111517765712506,0,0
615.5124825576047,15,39,1090,3,1,52.255940502178966,0,1
219.87898744673112,5,40,2440,3,1,26.09477108525021,0,0
326.96929181431403,21,76,2307,1,1,0.8651464901082356,1,0
357.9452737392584,4,52,2757,2,1,10.986115933786412,0,0
381.543723858358,21,29,2739,1,1,19.881618139867733,0,0
236.6264476073148,10,30,1143,2,1,10.698285315429583,0,0
533.5598921177708,18,24,286,3,0,1.4111518177298132,0,0
28.445032544033545,4,35,572,2,0,14.736594676274354,0,0
7.943274665532946,1,74,1291,6,0,31.27828074374767,0,0
5.647192076647222,16,52,2184,6,1,2.248943166746922,0,0
162.7058836923338,0,74,259,0,1,5.758208566714602,0,0
310.81479929471953,6,50,193,3,0,15.376753313519886,0,0
465.4848231963548,14,74,497,2,0,30.88065544817782,0,0
40.33149049121731,1,55,125,2,0,6.762076812852341,0,0
229.8428185788912,3,41,1299,7,0,16.478547405451252,0,1
486.6630792695664,13,36,276,2,0,14.022656195243874,0,0
255.6759035944565,0,46,451,2,1,33.251433933429354,0,0
143.52427984645314,8,26,1257,4,1,28.08320859765891,0,0
106.46376474935884,20,75,2448,5,1,26.85227527080777,0,0
199.19415251375628,2,59,2859,3,0,6.318478986578255,0,0
168.24255940157744,17,20,2451,4,1,3.711740879260023,0,0
473.128413648578,2,18,1046,2,0,9.79271334836159,0,0
550.2845940636481,9,72,767,2,1,16.150880403030346,0,0
217.95299571419545,16,56,1705,1,1,10.647526241105576,1,1
54.92726680965122,22,48,1718,6,0,29.47721788370657,1,0
15.486490199285967,17,36,1434,4,1,3.149712068600228,0,0
112.73543813711848,7,23,2554,1,1,7.095624494930241,0,0
48.34683957716468,18,57,1629,1,0,29.266228106060325,0,0
216.7551522942474,12,67,1091,2,0,59.25061340814281,0,0
78.70641736061737,2,78,1187,6,1,7.101138924839992,1,1
159.9952923035993,20,24,1159,2,0,2.628213283644822,0,0
24.0505050311085,5,66,1708,1,1,33.45028359692596,0,0
402.61571248526985,6,63,2602,3,0,59.53747851405347,0,0
15.612557060628667,7,44,1609,2,1,20.32055936348602,0,0
8.873399662747719,2,52,519,2,0,37.74020592252053,0,0
870.106925684185,11,40,2985,3,1,13.457123736562975,0,1
55.21509435540393,12,56,1091,1,0,73.18637333283573,0,0
38.979805820941685,19,63,2120,4,1,27.563933571843013,0,0
131.27741815146354,19,42,1575,3,1,3.208738823225275,0,0
28.055076700021864,6,41,2651,1,1,1.415079733836523,0,0
166.54309278867953,5,32,2190,4,0,16.05452033842558,0,0
409.0761066577445,3,21,2989,4,0,25.84255191704824,0,0
539.3232893793648,22,56,2901,7,1,2.15929945290098,0,1
680.4764567870974,17,62,341,2,0,0.4093395370542589,0,1
263.7810542510086,21,69,2779,2,1,6.674546846099147,0,0
141.35595296891873,19,61,2680,7,0,6.479617468341071,1,0
68.26671785408337,16,79,1447,3,1,5.676407066085525,0,1
62.788631546851526,3,36,2107,2,1,6.397133483845311,0,1
4.122519627196969,5,56,328,3,0,2.9737068368200505,0,0
108.6944413268481,21,53,2427,4,1,0.9724199229543512,1,1
11.025345791138244,21,66,1934,1,0,27.630282784194776,0,0
393.5769006446397,9,78,1767,2,0,1.2799325640500048,0,0
48.67727239560832,14,79,1690,2,0,11.500384915047446,1,0
80.57873813985313,7,30,247,3,0,37.25483320851058,0,0
324.5485154497588,7,61,1465,3,0,0.0931521213390345,0,0
120.76693005872434,21,63,2020,1,0,9.96834145021096,0,1
29.375648496137508,14,50,2589,7,1,2.4595731618028744,0,0
59.75247535452334,21,23,2054,1,0,6.923155769227255,0,0
216.56980352570065,14,50,460,4,1,19.049466796577978,0,1
116.87488398079503,9,54,1998,4,0,4.652018974742356,0,0
1.8486974655112725,0,64,2632,3,1,11.403511182924454,1,0
507.83747739584186,17,23,2614,3,0,2.9438252102733395,0,0
268.47695383710914,1,68,1643,2,1,30.529662310019795,0,0
435.7755538501992,16,63,2058,4,0,36.17134929977117,0,0
46.21844126901932,11,22,1701,1,1,16.41226221150105,0,0
278.9575316116947,19,23,40,2,1,7.713991654992905,0,0
319.201072665298,22,56,827,3,1,7.788510367093205,0,0
349.66220481978525,13,30,2553,3,1,48.70971470850287,0,1
394.6689621025728,19,58,603,2,1,3.2546714311433256,1,0
68.28543456586712,1,24,1733,4,0,6.752592330951077,0,0
84.02764852776339,1,61,2052,1,1,3.214195366562418,0,0
56.98582633612812,2,63,840,7,0,32.11684251210936,0,0
507.0034559411855,4,47,1341,3,0,18.76558994570628,0,0
370.2324576815332,0,48,1033,1,0,0.0321762330307508,1,1
39.98749241868558,10,59,2633,2,0,28.46239050115664,0,0
29.989159809289006,13,62,465,3,1,0.2962262783559132,0,0
156.1339692303473,23,73,128,2,0,3.46030471637009,0,0
75.03593462375231,21,22,804,1,0,2.476501061440291,1,1
107.44342792842404,1,33,587,2,0,33.45510731998948,0,1
450.4303995068393,12,19,668,2,0,17.351313329715108,1,1
85.3945890557428,18,65,1083,1,0,13.449762551612912,0,0
342.40011956330187,14,19,762,4,0,4.81548809394361,0,0
15.622101158449404,17,43,2383,6,0,13.159517988892816,0,0
57.8545352528409,16,19,1357,4,1,1.6884236789408549,0,0
75.73720829147271,17,65,653,0,1,9.493828032506729,0,0
140.55693378571473,3,38,2864,2,0,9.260620594921798,0,0
232.92659921622635,21,71,977,3,0,12.361456748856243,0,0
82.87311838440027,6,45,504,1,1,20.759759369548483,0,0
324.5616234729631,9,62,278,2,0,19.0452661096007,0,0
144.9672137395542,1,79,1987,2,0,3.22853133573504,0,1
670.6352778831383,2,76,2210,4,1,4.922209754142955,0,0
51.92799111383293,12,19,1351,1,0,49.4875380579532,1,0
727.5774658761935,15,44,285,0,1,10.182019917489134,0,0
102.15946426449123,7,24,1853,4,0,49.62543073964768,1,1
282.71680562393993,5,61,2149,3,0,49.43105634888947,0,1
418.7334688771876,7,72,2880,4,1,10.206266041510183,1,1
61.876872835831456,13,53,146,5,0,12.824671557268728,0,1
94.89771798360368,21,39,2263,5,0,113.94927956663564,2,0
13.886410165650831,3,76,2957,8,0,9.167946218750991,1,0
130.20577624235352,17,54,2340,1,1,28.95990608226271,0,1
94.2636887296388,4,51,1871,0,1,75.22737844462446,0,1
322.8706952125036,5,63,1394,3,1,16.501289099485593,1,1
361.72247567183626,22,34,1043,4,0,17.870303881444265,0,0
395.6152331618541,9,61,418,3,0,14.308845797142896,0,0
172.20859223471,16,45,1944,1,1,3.7005794274238895,1,0
114.01994775582244,14,64,142,4,1,16.782013236415775,0,0
10.229218181169095,11,18,1611,3,1,10.797100517824736,0,0
14.769925389285405,18,72,2500,1,1,11.805651226435396,1,1
215.4621911893641,5,31,2598,2,1,4.689410377860361,1,1
722.9533665998486,23,71,2308,2,1,16.531318721403643,0,0
727.9613481710974,0,58,886,2,0,22.81584301907194,0,0
97.42103574420436,19,22,1948,0,1,4.903460703441511,0,0
567.6254292465999,19,65,2774,1,0,3.6672581829025583,0,0
132.96415696479409,12,24,1410,5,1,4.93191848793834,0,0
571.9758324704087,7,20,1183,8,1,26.007565331559608,1,1
30.745780434611724,1,64,520,3,1,13.919790615153309,0,0
620.7312468137371,16,73,257,0,0,11.175676680045662,0,0
158.13371902895457,2,72,807,2,1,11.734019027262583,1,1
62.54084119078702,0,53,2984,2,1,4.728022352458706,0,0
2.3185906825466485,11,63,2489,2,1,52.58673696020355,0,1
55.38622606184095,13,28,2208,6,1,11.349707619986615,0,0
13.931035207049687,17,23,1540,1,1,21.814268120181243,0,0
232.0485530889521,9,27,65,3,0,9.550334834899756,0,0
405.7009855438648,9,52,167,2,1,24.852670724039506,1,1
6.226423304723896,13,37,1921,7,0,3.975586859963389,0,0
306.1743475439403,14,45,2646,1,1,22.456267321068527,0,0
75.18550905876795,0,21,256,5,1,1.9595150839042568,0,0
250.76985755535517,15,36,426,1,1,38.98660623345232,0,0
25.61377737569413,10,57,157,4,1,11.72420538921628,0,1
314.2273655573616,2,79,732,4,0,1.086080339878289,1,1
241.20264116897928,20,34,40,2,0,25.11611109618384,0,0
11.916978012496816,1,63,1268,1,0,14.152509400532256,0,0
54.266634467161154,22,28,1978,3,1,19.60917831270573,1,1
297.8742555638457,1,34,2467,2,0,0.0688662915466624,0,0
335.170007172965,1,52,954,4,0,67.76305754449314,1,1
69.92304383807553,14,61,2528,1,0,34.81053429899931,0,0
195.71244910941752,12,52,77,11,0,11.75867060010735,0,1
83.17067428668307,6,67,2434,7,0,25.04212133336852,0,0
218.88790310375512,3,59,1583,7,0,11.954979597230109,1,1
114.55686367939182,9,24,1933,5,1,1.872305313647299,0,0
180.83867759270336,19,60,1907,2,0,5.897397695688048,0,0
22.11044727978594,16,27,2026,5,0,22.6998423147015,0,0
13.921605142254712,6,56,521,3,1,0.8685245932152906,0,0
104.44635241230029,2,21,2833,5,0,3.8270170857050503,0,0
48.04204181854551,19,60,2499,7,1,18.198878260023434,0,0
32.91430408982725,4,72,737,2,1,1.8716800668746263,1,1
177.24856973960564,12,78,938,6,0,15.418138677941672,0,0
95.06454440711263,7,22,1144,5,1,69.35394833683188,0,1
304.00231754444263,10,54,1611,6,1,34.330850436191554,0,0
35.051686945912635,0,56,2994,2,0,18.890902694016376,1,1
155.15876362834803,1,38,489,4,0,19.03062419978248,0,0
381.9572832606994,12,25,641,2,1,7.698873765700269,0,0
108.04909573190712,23,52,1114,6,1,6.746701747016347,0,0
24.38130126825958,0,79,2258,7,1,73.91281055264822,0,0
147.73071765580312,17,54,981,1,1,10.621585869878402,0,0
1208.8294372086468,11,57,1219,5,1,9.069235976294904,0,0
651.4177412440876,20,18,740,3,1,27.47800657918433,0,1
47.672057536827005,3,65,596,1,1,11.766714827734706,1,1
78.46239299192742,12,70,2420,0,0,38.63297660046544,0,0
308.67855637511724,7,54,1721,4,0,10.211453056516683,0,0
206.51320679706183,8,69,2595,3,0,35.87883663273432,0,0
151.32417744834788,19,39,2484,3,0,28.290484654118934,0,0
123.4469702564491,7,18,343,2,1,27.75590211606478,0,0
129.4896746325118,9,41,547,3,1,6.687811179773782,1,0
177.74010824278855,18,58,56,3,0,1.2824894840359589,1,0
3.680168916540005,4,19,1069,1,0,16.267283237649902,1,0
263.34913870908986,17,76,172,3,0,6.265871501902522,0,0
152.0729257014458,6,27,2469,4,0,70.71236982008516,0,0
707.435804681319,18,33,2350,6,0,24.80865871954721,0,0
223.37744914522588,6,47,778,4,0,1.055455474108011,0,0
148.167814316541,4,42,874,2,1,54.25527691893048,0,0
42.9704125842742,12,69,944,5,0,9.388115751405213,1,0
156.85006012347677,18,57,2417,4,1,11.124094849978404,0,1
84.34683222949204,15,31,1257,5,1,32.10685820751897,0,1
38.06130722842175,7,59,2442,4,1,28.15273795207947,0,0
268.29405943218893,15,65,145,1,1,13.37400932422968,0,0
2.0038520621224465,15,26,2228,3,0,62.31183650320225,1,1
148.07519126920886,21,51,268,1,0,5.191081070465923,0,0
254.56423680009465,15,44,1462,2,1,4.728300269539587,0,0
281.24435170450835,15,61,1129,4,0,39.42351401931813,1,1
148.2117289570887,4,61,835,3,1,1.492395966506722,1,1
312.377230517689,18,46,920,3,0,2.7357512206296484,1,0
5.885091559667259,7,78,293,2,1,53.49168713964748,0,1
300.93398052832543,8,23,1505,4,1,16.24376416920597,0,0
569.1371572041672,18,72,1268,3,1,5.877948412794144,0,1
441.4893513158168,13,26,1594,0,1,0.0928139898146269,0,0
16.67251373640158,3,46,2759,2,0,15.011758264603923,0,1
169.6077524245072,19,22,1121,1,0,26.08244278766438,0,0
760.7486663616747,2,51,2343,0,0,2.8898811103998714,0,0
61.4776682018198,13,66,372,2,1,46.59971163291083,1,0
1.1294456736735996,19,65,1527,3,0,12.459543117863907,0,0
51.565019506609765,5,39,1374,5,1,8.332793532991785,0,0
82.03032006079857,0,42,1133,3,1,9.06108303041754,1,1
122.4962905712892,5,30,2184,3,1,44.83884893145535,0,0
10.607880877436308,0,42,312,5,0,55.59452265728704,0,0
32.83593070880978,14,70,2160,1,0,17.858070222262878,0,0
66.20840232600429,22,26,889,3,1,11.740072842156568,0,0
93.44208011013524,3,70,2522,2,1,7.3641872022067325,0,0
176.83079213838894,20,59,72,2,0,25.99452414432877,0,0
178.7124647888654,23,68,2215,3,0,1.929495197896097,0,0
8.01134324421848,22,63,432,3,1,37.83339624303343,0,0
34.87661477022617,14,64,2688,3,0,34.645835830734484,0,0
117.01543161106036,11,47,1858,7,0,11.641787077272063,0,0
185.3993251920667,23,77,2019,2,0,8.198298108439538,0,0
253.9127973277373,4,73,1962,2,0,1.4361664430321197,0,1
36.63006776461169,21,71,2781,6,1,13.835276882322908,0,0
450.2787453396694,12,71,2404,1,0,1.5788766534173346,0,0
228.0435982479458,13,74,1278,4,0,29.326648169943915,1,0
102.9568696844866,23,59,1501,2,1,61.41611238655739,0,0
10.854637839706188,7,54,2420,4,0,52.71194437475294,0,0
834.3647645565703,14,66,2467,2,1,15.28305215579266,0,0
48.23606616986781,1,79,2632,2,1,31.955549207858876,0,0
76.23644402267664,11,44,2240,1,0,34.16826271883397,0,1
91.75442825792068,7,44,752,2,0,0.7715615509877349,0,0
111.16670969804386,9,40,2270,7,0,11.18360694057766,0,0
219.9446954371048,7,42,1009,1,0,17.436842641662807,0,1
13.485517563822103,19,23,792,2,0,2.9958222509947268,0,0
376.918733581639,21,79,1763,4,1,32.86031760666267,1,1
570.1029765069135,21,69,1370,4,1,17.82211629594296,0,1
74.96720825838914,6,28,289,3,0,50.64112261290881,0,0
177.44459787556735,6,54,1629,3,1,44.1264632828523,0,0
260.8737875791016,22,59,2702,3,0,0.3771512102292994,1,0
155.8572038139779,19,24,2138,5,1,42.19991051647029,0,0
8.021146020003085,18,52,1278,5,0,10.07270928682474,0,0
65.99933758786733,14,64,2716,5,0,53.41168144177281,0,0
326.03963060146435,22,24,1759,3,0,15.372564324991536,0,0
7.836823348751211,0,64,2826,2,0,23.95810748168476,0,0
72.94263726977145,11,65,2251,5,1,92.29651951298698,0,0
108.81698765671584,3,63,93,6,0,15.151458748671704,0,0
26.61811686353259,22,68,346,3,1,2.1534466601110056,1,1
10.610277608512328,6,54,1172,1,1,38.0166067535281,0,1
137.75634780977842,2,75,1608,2,0,24.877996161668413,0,0
214.76877842757744,12,61,949,4,1,1.4463701396578137,0,1
137.3310310887299,19,40,1851,5,0,8.163952864169136,0,0
344.3615927082006,16,67,459,3,0,21.473041160581246,0,0
73.5342037725932,0,59,2425,2,1,33.50008270412965,0,0
94.7438821119032,14,66,1661,2,1,7.816077755522254,1,1
42.40663498867077,11,44,1858,8,0,1.4612194194682104,0,0
115.35698026293215,6,43,1001,5,1,7.084921286826592,0,0
15.743657937591571,8,24,818,1,1,9.370835729993036,0,0
758.2992736360828,14,31,2951,5,0,12.920487028548004,0,0
234.28521781591547,15,29,2228,2,1,58.471989759519815,0,0
36.34874466071704,20,23,264,4,0,13.008842894031028,0,0
484.5874629137138,22,50,1348,7,1,133.36925212307813,0,1
655.8210353317364,1,48,710,0,1,59.45880053771415,0,0
705.8735170451547,10,74,2781,1,1,6.251845143374652,0,1
7.252346308848661,5,78,1076,3,0,22.611363749743354,0,0
0.527125158369808,5,56,2465,3,1,2.3143695899277072,0,0
460.5543057706364,3,36,47,3,1,17.040617305474832,0,1
440.8874478606712,23,32,2767,4,0,8.911281544667393,0,1
388.38440659122006,3,27,1086,6,1,21.49871204359584,1,1
105.0037007107788,9,47,1403,2,1,0.332046952592233,0,0
105.91483576150998,12,63,2159,4,0,52.88818065007844,0,0
124.08924793377712,9,49,134,4,0,14.398652934436155,0,0
137.8827015534065,15,40,942,4,0,0.392509201092825,0,0
899.093565423557,9,78,1876,4,0,18.916717049109625,0,0
345.0044882243212,15,34,2214,5,1,13.025578658814696,0,0
99.95098296115928,2,72,1269,1,0,31.27457384440392,0,0
38.59359645019424,1,45,1377,0,0,2.827569345161804,0,0
767.9959828241213,11,37,2684,3,1,24.21761950943173,0,1
8.979518874218604,10,74,2822,4,1,16.89735722529225,1,1
29.72907411076845,22,43,2992,3,0,4.327051767292066,0,0
116.00683619690751,17,62,1110,0,1,19.433201539771904,0,0
9.750503410302338,9,46,1236,0,0,11.180946569748343,0,0
455.5957360595683,5,42,1562,3,1,0.026184414785652,0,1
63.09542864520044,2,35,2672,2,0,32.56600427276601,0,0
275.2457880779685,21,69,792,1,0,6.221290848798507,0,0
99.43137713213623,19,19,2836,4,0,8.141745889320372,0,0
596.2916143129012,0,28,769,0,0,3.1680532670460555,0,0
30.426637536611636,12,26,1977,3,1,43.53246730815005,0,1
99.34501124734764,6,78,298,2,0,1.75306520084335,2,0
79.26773117970282,7,61,332,5,1,3.683402988394528,1,0
83.79081311970464,16,76,2680,3,1,11.752056101280568,0,1
531.628598342503,13,22,2979,2,0,7.781921988328957,0,0
254.15658022768483,20,49,2541,1,0,8.909237646948075,0,0
147.58057284987933,15,75,559,5,1,4.60353250659658,0,0
253.17969727081223,10,72,1770,3,1,17.185269787061376,0,0
349.81774698706784,1,18,613,2,1,7.470015568870799,0,1
188.16660154384795,23,65,847,6,1,4.644977774632442,0,0
321.94199784009686,21,72,114,6,1,0.0261106462066984,0,1
58.64542494286672,11,44,897,4,0,79.13508222167242,0,0
584.7362571199342,8,41,466,3,0,3.495425081654892,1,0
73.37038032077794,18,61,2807,4,1,6.997865043991549,0,1
74.75371593797607,16,28,809,2,1,0.0493192495605159,0,0
94.7065402065748,17,50,1764,3,1,34.1034954073409,0,0
40.13400978604373,8,25,554,7,0,4.5287615559166925,1,1
254.86760811956503,12,45,2734,3,1,15.489660910954653,0,0
136.98649678353073,7,71,1862,1,0,7.750708926695193,1,0
43.73551171244483,14,23,2011,7,1,4.5569501983370495,0,0
59.21138849985355,0,49,599,2,0,23.9799797317972,0,1
2.8094441071102447,7,49,2178,10,0,16.716995467217806,0,1
68.1304383908292,14,34,2298,5,1,28.92655716046491,0,0
74.72866109586343,8,77,1253,3,1,13.880728203028848,0,0
44.36133401641581,22,45,2436,1,0,37.879965681719376,0,0
73.42875743225572,2,38,1288,2,0,32.546431614400994,0,0
15.681447288968473,16,53,602,3,1,6.638402920556378,0,0
90.5962231021837,19,33,1379,4,0,3.3253755102387523,0,0
1.3952818363301294,21,29,522,3,1,62.5609293998527,0,0
42.12809423585016,3,67,2927,3,0,5.07722766378771,0,0
18.01035023252965,0,66,242,3,1,30.932148073149254,0,1
483.8590658143917,6,59,939,3,1,36.59733774985716,0,0
299.7554609348595,19,19,140,2,0,49.757518424580695,0,0
352.8294170937917,23,18,1887,7,1,7.073578041620376,0,0
47.60021339072583,18,39,2941,4,0,3.2844209549211616,0,0
59.57536464449513,22,75,1706,2,0,0.181833541007631,0,0
5.920731960450428,3,66,459,2,1,13.205952534360575,0,1
2.859674141901827,1,26,2329,5,0,97.35402298209246,1,0
374.4124681489393,2,53,2167,0,0,0.8456199261154294,1,1
346.6300626820313,13,69,2088,1,0,30.24503816477237,0,0
126.66551624294743,5,54,2335,4,0,20.38391504308173,0,0
347.45158848839026,1,48,2264,2,0,29.56899129474933,1,0
8.92855034706789,18,48,2567,3,1,53.598557800872825,0,1
44.22225851225279,4,27,1864,5,0,4.595660710212845,0,0
146.92208483720754,7,43,1638,2,0,9.939188897577566,0,0
35.075614172940355,12,48,2834,0,0,10.346788487844606,0,0
215.00902108200611,22,60,2642,4,0,2.696082922522093,0,0
62.87356114562159,15,61,819,3,0,9.646864556625369,0,0
111.5631312050035,20,53,1324,1,1,23.129007834632127,0,1
24.99971508066893,3,19,2137,3,0,38.150653255746086,0,0
72.65757199375166,22,68,704,3,1,52.765252086755225,1,1
523.7624902249156,17,49,254,4,0,45.523735760172165,0,0
30.174999645006377,9,62,778,3,1,75.14414639124999,0,0
158.11102447919353,8,31,205,0,1,1.5884595744840704,1,0
50.7962060888422,21,37,536,3,1,22.052666384480627,0,0
268.69830347693426,19,21,2552,2,0,23.176875724683264,0,0
55.39531047914477,6,18,963,2,1,54.46501488344059,0,0
665.0075943799553,0,78,489,1,1,23.87753238751843,0,0
142.2190862436618,4,63,2380,2,1,47.62964420151121,0,0
252.58994852186584,10,30,612,3,0,58.54794261376082,0,0
234.63396653033968,11,70,1363,4,1,2.1321221888240203,0,0
140.4930066368124,23,50,706,0,0,28.77899127213796,0,0
194.79119447839625,22,34,2614,2,1,2.8040988651812064,0,0
226.52475567668893,10,56,2597,3,1,4.885865765896114,0,0
26.999859055518755,23,75,1076,2,1,24.087987138599388,0,0
233.3557192114379,13,21,2902,2,1,4.1134089229516295,0,0
206.2443517787545,16,21,1544,3,0,12.710821874091566,1,0
104.81085653343968,7,46,2822,3,0,47.07120211681531,0,0
43.95832769520413,14,44,1885,5,0,7.355070152803526,1,0
161.48424097722454,22,26,2406,2,1,3.634063950964656,0,0
244.19889367714163,9,66,2483,2,1,58.42969300336545,0,0
171.86160083681676,22,29,2671,1,0,25.016554761806912,0,1
79.5528123259303,15,79,2832,3,0,17.749232243298582,0,0
964.7335901062862,8,62,915,3,0,44.9861601417369,0,0
164.8720641205761,22,72,1091,1,0,26.1502859473584,0,0
46.9383616498048,18,37,673,1,1,13.093424411455883,0,0
116.78459766691785,23,58,2168,2,0,17.321809537872277,0,0
24.69108469957306,3,46,1627,1,1,0.1208551758739625,0,0
65.87744133072108,17,31,195,3,1,76.0660601950119,0,0
95.67027297976104,8,42,2610,3,1,101.59373448452496,1,1
17.45050030480418,10,28,1163,3,0,16.913171321954707,0,0
55.8408996312196,15,51,711,1,0,1.5213704653291695,0,0
119.70679891588134,12,66,2492,2,0,71.67419683667875,1,1
243.26710000883733,15,61,1326,6,1,6.906283110999894,0,1
450.886117469613,13,66,2645,2,1,14.367968289232184,1,0
184.49655785943824,10,23,2970,2,1,37.117141765141184,0,1
13.864359120726949,22,73,1093,3,0,6.042968104769155,0,0
226.0995470283592,14,25,2146,1,1,28.498060417404734,0,0
541.1892343720457,16,38,2285,6,1,25.320894169304253,0,0
87.47517492021876,2,64,1817,2,0,21.718635307039207,0,0
348.94663185903954,8,18,431,5,1,31.27708893798551,0,0
200.1472575862812,18,23,2332,3,0,4.825203063574349,0,1
449.9078980579487,8,54,1898,7,0,35.61017999022157,0,0
314.56312177319694,3,23,445,1,0,8.348500259234864,0,0
194.3117044751916,8,36,1147,6,1,63.033149451095696,0,1
79.12440924576998,23,57,1448,6,1,15.572351486683244,0,0
398.042544378951,4,45,612,1,0,1.6916746765025013,1,0
168.55340913986677,20,66,2414,5,0,57.8914349498763,0,0
110.50071936340258,12,26,1023,3,0,17.489245020875973,0,0
21.331297594147188,21,31,1113,3,0,33.724408570091825,0,0
109.37626198971957,20,27,2939,5,0,6.246117180018556,0,0
23.738604278056915,11,73,1244,4,0,6.167354691272133,0,0
81.56526311026188,12,56,1182,2,0,3.929674417495317,0,0
461.9256959240749,0,62,1566,3,1,49.058487251809886,0,1
15.569788913576454,19,46,778,3,1,0.1657986622360669,0,1
582.3873641683266,22,21,783,8,0,58.18030971121176,0,1
172.17108504576225,9,76,2535,2,0,8.016417392746494,0,0
46.968866811088425,10,36,2653,2,1,8.204200089849847,0,0
239.08209137857708,15,22,2961,2,1,3.437296254876376,0,0
45.92971838379324,8,47,728,2,1,57.86005913787673,0,0
750.0630006856837,20,42,2719,5,1,5.792679494868468,0,0
374.8558896215651,1,53,2423,0,0,4.883180206905966,0,0
212.3400421117851,6,41,1603,6,0,8.084886800597495,0,0
349.7149546569796,0,53,1080,5,1,2.3332012568855784,0,1
95.53806895597998,3,45,2985,2,0,12.396480621490332,0,0
32.801486050212894,21,79,770,2,0,5.785507689579984,0,0
53.21223319189935,15,71,2596,2,1,61.056817964314725,0,0
432.31281948747846,17,60,2441,4,0,1.878593702714283,1,0
203.98321772646037,2,40,1213,6,0,63.1513475072407,0,1
7.541959053781945,19,37,1586,1,0,8.355897753279987,0,1
270.681387452814,20,45,2466,1,0,23.69284582053472,0,0
48.04340911186651,23,28,2885,4,0,24.7048716373614,0,0
56.43212010594189,5,68,2083,4,1,62.10193113686687,0,0
457.81323396632274,0,77,880,4,1,32.12199799263609,0,0
124.20968897522084,18,49,1071,0,1,55.43750670092331,0,1
175.08122699111237,18,38,1071,2,0,0.1915521022323796,0,0
36.42516648172799,20,28,440,1,1,49.1631848561716,0,0
2.8837459476023044,20,75,1667,2,0,0.9894712094688868,0,0
585.1616063899589,23,41,2920,3,1,1.365602034833172,0,1
485.6717754263669,13,56,1665,6,0,8.710071524328661,0,0
94.16034857737311,15,62,2649,0,0,22.95184904783357,0,0
87.09737450452532,19,48,462,4,0,13.51244284551158,0,1
700.5053845758963,5,57,672,3,1,17.92432705573629,0,1
315.9898519150231,13,76,1301,2,1,5.259887157157489,1,1
323.7218682163433,19,28,347,3,1,0.3415488192912968,0,1
22.013158695666167,3,72,639,2,0,13.670262195029467,1,0
263.8114213983574,7,25,515,2,0,14.609438894634971,0,0
370.48652135719726,13,62,1758,3,0,1.134157002560073,0,0
209.00558839694995,18,23,1719,4,0,1.8527706593145048,0,0
161.6460963862663,10,20,486,1,1,1.2399612221597784,0,0
120.24821019403592,16,62,1557,2,0,5.012849938451106,0,1
120.16428832493212,15,59,2420,4,1,14.961078311149906,1,0
53.21256748217935,5,65,1807,2,0,18.208289338712028,1,1
21.245067096326043,2,46,604,1,0,27.309520191190323,0,1
209.71087526162816,20,45,1912,3,1,4.633116405427796,0,0
17.285655134368717,11,59,614,2,0,19.386262814761363,0,0
146.86463600932603,20,20,925,0,0,29.246397831221397,0,0
376.83034035082505,8,27,2350,1,1,12.992240968228243,0,0
263.04756699738414,18,71,559,5,1,4.766019591654656,0,0
253.6795913644499,6,29,1530,4,0,2.083647840269076,0,0
173.27945871185787,2,62,148,1,0,67.83835029460332,0,1
413.3812682535533,3,59,343,4,1,3.483085643317388,1,1
738.4744670870053,2,40,546,2,1,2.9849039552964918,0,0
139.97198437822863,19,67,1776,2,1,44.75231382921877,0,0
525.6394451708354,13,23,2073,3,1,9.915779968914794,0,0
51.65897046667026,4,71,383,3,1,2.40916659321133,0,0
202.8370357001863,10,65,889,4,1,6.564997342368539,0,1
188.0489521822981,22,56,1013,4,0,5.340531740849364,1,0
63.12952556529727,6,37,1146,0,0,5.666401151456984,0,0
554.1598776014865,22,26,2270,4,1,14.019900450043377,0,1
175.56517236115113,20,42,521,5,0,1.133025100335922,2,0
126.97122742597884,22,46,333,4,0,68.89335693888576,0,1
87.41114438403883,15,29,309,2,0,74.28527155668954,0,0
42.71682094955509,1,51,557,7,1,15.739054570320794,0,0
213.85147690342052,4,46,2420,2,0,172.22394192107413,0,1
82.74688570439316,22,62,2164,3,0,30.42334517384214,0,0
36.84144569720761,0,25,313,2,0,12.694751855851724,0,0
177.51744011429363,9,20,1179,5,0,0.2283642255812131,1,0
98.59996322453438,20,22,2818,4,1,22.528683505717066,0,0
321.67106417535626,7,78,1793,2,0,1.8971664714226093,0,0
192.6003668117104,10,43,2099,2,0,28.11389527036184,0,0
181.40172805756137,11,71,262,5,0,7.685285458955473,0,0
523.9469385408418,2,50,1585,1,1,3.7155574689993904,0,0
166.51577957392908,10,54,1988,1,0,2.413003620250165,0,0
319.6326060434575,11,35,1496,4,0,6.509100468295879,0,1
276.1779855836161,20,56,662,4,0,26.66602226731573,1,0
105.17192889302838,2,67,1172,3,1,11.824644404526133,1,1
94.301231624476,3,60,2811,3,0,52.26919364083099,0,1
156.01755113595925,1,26,2789,4,1,10.162824552547017,1,0
356.5028280811263,18,28,783,2,0,33.62730988371629,0,0
207.59135160412143,13,29,802,6,1,13.509032400453114,1,1
116.01672294456225,15,77,2702,4,1,21.46270871952618,0,0
121.45702305755586,14,18,466,4,1,5.748645122293336,1,1
11.733287549123396,8,25,53,2,1,6.896994243092944,0,0
9.432823012673468,18,76,1010,2,0,2.155452038958309,0,0
35.73535849091114,5,49,613,2,1,15.231950148363104,0,0
272.55420440474285,17,70,1264,7,1,4.450229295379448,0,0
246.3181990242625,21,43,1866,1,1,17.65802726827061,1,1
22.54946150975948,17,77,486,1,1,18.070362162293154,0,0
227.30433360437945,17,32,885,4,0,8.219803285766057,2,1
0.928556813268577,20,22,2833,2,0,60.62985376169426,1,0
83.93235880046686,5,22,1674,4,1,25.31252807343002,0,0
242.40013571764183,21,24,350,1,0,10.897109599820183,0,0
641.6695100382467,10,33,1482,3,0,25.127248465108107,1,1
67.92012092240152,23,73,982,2,1,22.89300809920877,0,1
53.0431285931699,7,49,2303,2,1,16.848034219173897,0,0
230.67834804673015,14,57,2464,1,1,0.6500230865977598,0,1
56.579250751706326,17,60,967,3,1,22.93915211806906,0,0
756.9355945842468,22,53,1026,3,1,65.83862657115576,1,1
125.61223480317842,19,27,2415,1,0,1.772135013508188,0,0
293.4947516824177,13,72,1484,2,0,53.7999422744776,0,1
129.38188028421763,18,70,259,4,0,25.67878698558632,0,0
2.6634186152748893,8,79,1130,3,1,6.180037768132635,0,0
292.2806466697932,22,61,1745,3,1,35.42591097241187,0,0
16.99699126905542,3,59,1007,2,1,7.775967185254994,0,1
196.52986821289525,2,46,1682,2,1,21.808633937447468,0,0
10.438522643072377,22,19,2127,3,1,3.625742103962488,0,0
150.8533089381674,15,53,998,2,0,6.790765479565589,1,0
426.9214663986224,10,44,2770,3,0,3.410356312009117,0,1
93.056898083535,15,63,1974,5,0,12.038626689255665,0,0
20.88244026281408,5,72,1464,2,0,48.68522340841991,0,0
530.154896401161,21,51,1909,2,0,8.436468484928204,0,1
245.57557155672995,1,66,1851,3,1,6.396013742495869,0,0
534.1730589078803,1,31,1819,1,0,11.943704642793811,1,1
184.73502413695445,21,63,1140,2,0,30.313209532043462,0,1
210.3787877499106,7,54,908,2,1,1.5381133850838018,1,1
127.41685735789233,8,24,1756,4,0,17.223460239853093,0,0
11.658399842156877,20,24,1441,2,0,9.602905421811274,1,1
768.1775244505232,3,57,2277,2,1,45.40669212081036,0,1
105.00289998205297,0,52,59,2,1,14.051213560847406,1,0
381.4841335769123,23,19,2627,3,0,30.67544122523521,0,0
140.92121423115367,14,49,990,4,0,6.781051637674923,0,0
9.79212232204948,7,40,2359,7,1,3.642385066279971,0,0
325.8857891990959,20,47,897,4,1,11.460581174349684,0,0
21.704789954796517,19,34,425,5,1,5.099145022931809,0,0
30.08349084189144,15,69,1177,4,1,5.785106845681884,0,0
65.68340573308106,7,39,105,0,1,12.638114460037372,1,1
198.1605039700313,4,45,1471,5,0,35.70227854466158,0,0
523.4618194317145,8,37,840,5,0,11.50682079629948,0,1
20.116637071693475,11,30,778,3,0,7.622534067989055,1,0
139.68471229352585,16,21,2739,0,1,8.226121749827918,0,0
194.21836277527296,5,63,41,1,1,7.785660617680068,0,0
186.71126336260517,13,61,2626,4,0,42.42082276232843,1,0
346.577046130894,10,58,1925,0,1,15.46528817703532,0,0
8.178792411193443,4,19,623,4,0,22.32987202856304,0,0
142.84658164922115,13,27,1486,2,0,4.16633192443192,0,0
170.08772870803958,18,52,2622,2,1,3.600166077048314,0,0
184.77078384369983,20,73,2982,2,1,29.92893298763758,0,0
40.62232963962416,18,69,874,2,0,9.218652650205836,0,0
218.75837849763025,13,71,1143,4,0,18.026447979617547,1,0
57.665241772557486,22,24,1597,3,0,7.388245568123279,0,0
12.273978716393264,3,65,2384,1,0,32.163494397444374,2,1
74.5921391506905,19,66,2794,1,0,5.690034243635305,0,0
21.798979935337663,15,29,2798,2,0,22.308331806735104,0,0
32.576886900605146,1,65,1078,1,1,23.082397968451453,1,1
44.71368358556029,2,78,1933,6,1,43.84594553585877,0,1
51.69672958246676,18,78,928,3,1,15.003247887557505,0,0
340.1000574268329,17,39,2213,2,0,22.855626313080805,0,0
176.27077421320104,14,61,905,5,0,9.268473911401992,0,0
408.3469956118172,18,62,1082,3,1,13.585854012313844,0,0
231.8809728049773,0,78,2969,4,1,12.219188753026298,0,0
267.5635551947331,3,19,348,3,0,37.358694036394894,0,1
339.7939202018651,2,25,1756,2,1,40.87766648000627,0,1
124.23221197992052,0,43,1116,3,1,11.859839055000306,1,0
632.2707139547448,7,23,1984,2,0,2.7469095891893103,0,0
28.703798764371257,14,70,2302,3,1,5.5186949742241,0,0
53.83957397486957,8,27,1070,3,0,35.922849558934985,0,0
253.8139012958052,2,47,918,2,0,0.7302027633222614,0,0
42.58257727187919,2,21,803,4,1,19.642959580211052,0,0
200.8668554180705,16,77,2273,2,1,40.675608645898166,0,0
5.936702308604403,12,62,2205,2,0,21.669250020439307,2,0
369.7097890737724,11,44,2305,4,0,13.762945735650678,0,1
385.61024430178514,14,29,1161,1,1,16.66029021911499,0,0
89.73930927755046,23,48,1380,0,1,15.9405143986462,0,0
39.97900082327315,13,55,1227,3,1,3.4879951554820026,0,0
203.9896626995693,3,75,1540,4,1,6.437015334645444,0,1
115.46981620693192,18,43,392,3,1,51.372532938797846,1,0
64.52857995826852,14,73,436,4,0,23.71828794274922,0,0
29.150089226450564,5,56,347,0,1,76.70989400352707,0,1
262.4757126146281,15,44,215,5,1,32.84598901706715,0,0
18.79641460900021,6,77,952,1,0,7.651849395342461,0,0
81.20431485403785,20,24,901,2,1,9.449744462242812,1,1
156.18389964399992,8,77,1701,5,0,57.47731301965405,0,0
297.3875407627443,14,66,917,3,0,54.09235578437911,2,0
13.79028841411261,5,75,554,1,1,0.2112062714033288,0,1
57.14632687257127,13,58,1448,2,1,21.79511922679264,0,1
528.3497690746407,0,28,870,4,1,15.032576957997314,0,1
81.10337332449147,17,43,2327,2,0,36.5780442600966,0,0
44.54717242573805,23,58,682,1,0,16.520799850058296,0,0
36.250315524363295,6,18,759,2,0,37.45537196900126,0,0
116.70299702871714,13,43,2243,0,0,4.480134725790129,0,0
47.12056765005264,22,70,2669,2,1,5.071513080220965,0,0
65.3566298353264,16,76,2265,5,0,71.72655717125289,1,1
555.1735878137877,4,61,424,0,1,17.597468579164307,0,1
330.00753644318183,16,73,1039,3,0,24.79093602945777,0,0
344.10959289381344,3,75,158,3,1,12.237043057548842,0,1
43.289165422024375,23,36,2959,1,1,34.736713764864895,0,0
32.11433026728378,18,38,1447,2,0,60.89785361975232,1,1
177.23445650634778,6,59,1038,2,0,30.015387114393832,0,0
216.88364640355817,2,60,288,2,1,75.84904620215713,0,1
250.8560071835153,18,58,2938,8,0,24.61308805374078,1,1
38.8826286562516,0,24,1041,1,1,31.62454676437697,0,0
101.93722658290696,14,78,46,3,1,1.593561347521307,1,1
383.4774034358838,11,44,974,2,1,52.97415180676387,0,1
137.5025225223079,17,30,1561,2,1,22.84916300541837,0,0
89.40575837911874,3,62,1311,2,1,4.643008702774959,0,0
24.036960136219317,4,43,773,2,1,4.316402097017734,0,1
156.5883156349082,2,41,338,3,0,18.319205039937128,1,1
105.09791352144926,5,69,923,5,0,5.080572220811346,0,0
112.0337891523752,11,76,1208,1,1,28.86146711188697,0,1
394.7468457634184,6,66,545,2,1,20.09730758519231,0,0
107.49385471559503,7,60,1155,6,0,15.5614245054887,0,0
409.90585321927983,23,43,98,1,0,25.36074514895453,0,0
477.6059302276802,21,38,2907,5,0,31.46419621600668,0,0
580.0291011492512,0,53,1457,1,0,6.153584918119352,0,0
153.37703264500328,12,56,2535,1,1,17.29482616014355,0,0
52.55389105660968,21,50,1736,4,0,56.35108765862472,0,0
267.50179033311315,5,29,236,4,1,58.481357465089616,0,0
407.5059441187644,0,63,2011,3,0,15.194030552890151,0,0
144.54449648985545,19,68,1298,1,1,3.2435290823237617,1,0
52.07860448895018,8,69,1089,3,0,7.535455109077056,0,0
236.0520359012599,0,74,314,0,0,14.543929618324947,1,1
634.5798703188005,12,31,1096,4,0,11.035268641479863,1,0
172.06792628377676,14,71,131,4,0,4.264898339507508,0,0
486.9111879047198,1,39,301,1,1,21.574211377571785,0,0
356.9180594024448,5,79,1137,5,0,4.031718071549893,0,0
215.08977141009277,23,60,2291,1,0,9.209955887088334,0,1
319.41695086596854,11,63,2701,2,0,20.80221935107568,0,0
267.80348097504526,7,60,2219,3,0,35.924158865859816,0,0
78.4112084968292,20,79,952,5,0,37.075412312610496,0,0
25.22665068739168,8,67,2987,0,0,17.10164394911008,0,0
40.26055724589644,18,51,1559,2,0,2.9780972688726592,0,1
10.094708104097906,10,37,2479,3,0,34.20124091004378,1,1
40.69302050266935,1,78,2464,0,0,5.870829932672407,1,1
80.08801951661846,13,64,1209,0,1,5.342716753310574,0,0
180.0325065733451,15,39,647,2,0,21.930376486542905,0,0
96.52325336807256,15,72,2115,6,0,26.806544592995493,0,0
231.73052688038544,19,40,2357,4,0,5.302619043036994,0,0
99.90146183369004,0,23,2578,0,1,12.468805288036425,0,1
31.56973965127509,14,63,2313,2,0,17.93395781754782,0,0
238.16511955158745,0,30,1102,3,1,1.2758588329940594,0,0
216.77548595972792,6,20,940,1,1,6.247270415038937,0,0
95.91444290619027,11,32,649,7,1,22.13755306091761,0,0
215.7525478087829,0,42,969,6,0,38.4460809386332,0,1
212.5590188846286,22,50,409,2,0,23.142304927200627,1,1
7.428473453950272,3,50,966,1,0,1.1331049029591047,0,1
13.795440156381082,9,38,1066,3,1,26.828843067585176,1,0
481.19759594957605,20,53,2265,3,0,7.926101488259379,0,0
29.991181224168702,0,35,1649,2,0,4.590049810482624,0,1
271.5969777620457,1,50,1898,4,1,1.6521683351051064,1,1
27.15121049896745,18,50,1013,4,0,8.003827602867835,0,0
91.68095396959194,20,70,779,4,1,22.016916030411046,0,0
25.65477979400124,0,25,999,3,0,9.948151372960954,0,1
30.76001110169021,4,52,875,4,1,117.37377372733404,0,1
588.1028970363017,11,67,349,3,0,1.4808204554355222,0,0
200.32173348106556,3,19,2656,5,1,9.061387237725464,1,0
156.87519308085206,21,42,594,5,1,91.80216560566885,1,1
683.5458982538986,22,67,299,5,1,61.08008593654644,1,1
172.69146453916534,20,71,2324,4,0,13.035018028793711,0,0
492.65854705056256,0,39,2703,6,0,29.63727222764685,0,0
124.98165353186504,22,32,2176,3,0,28.798770553914487,0,0
32.35834143911819,9,72,1054,4,0,10.908665399910316,1,1
191.57910963019933,4,20,1664,4,1,38.11974297414514,0,0
464.3864248072732,9,67,672,3,0,17.50475876340009,0,0
133.9555472520325,19,61,2116,7,0,11.082564071967855,1,1
303.4006611948224,1,56,1447,1,0,0.7826435113274431,0,0
214.2642172204901,16,41,952,6,1,3.25372727347951,0,0
37.14372325915096,16,69,235,3,0,61.44891956769088,0,1
158.42899297589548,15,78,2444,0,0,32.65021163564708,2,1
477.77219021786806,3,60,1343,1,0,2.5556006597548464,0,1
303.519098644786,0,74,184,1,0,6.399409431902669,0,0
412.3263594828833,15,65,894,2,0,1.9133889809648852,0,0
137.7340687556903,1,58,1181,4,1,1.5730137132604003,0,0
478.1468005215821,10,39,433,3,0,29.43647648201388,0,0
250.115270355534,21,22,428,3,0,9.817207441938956,0,0
378.95440294184914,1,60,739,2,1,22.62433590918811,1,1
726.0388750288682,21,55,2408,2,0,3.177496308208509,0,0
207.04641204774333,15,76,169,3,1,4.174276525375325,0,0
198.6794981652913,18,30,996,1,1,8.605597690906999,0,0
17.689482300862206,12,45,2841,2,0,0.5511043511412668,0,0
325.6155641049115,14,29,1322,2,0,109.36604966250688,0,0
763.2827898604926,18,78,2833,6,1,3.159221151993352,0,1
232.1543892896444,23,44,2135,2,0,9.1015575545749,0,0
162.8585865495786,15,56,2230,1,0,17.642238633664558,0,0
145.96558007017555,4,76,1905,5,0,50.30099460222984,0,1
313.088104068648,3,49,1757,4,0,23.61334520782489,0,1
260.8434759669892,14,77,2337,2,1,32.65164438035407,0,0
116.03478237958063,17,29,1256,4,1,5.298312478431766,0,0
116.40334946065862,8,24,2649,4,1,16.109730279721923,0,0
488.8981447279088,9,39,245,6,0,24.72714999856852,0,0
60.673250168052896,4,48,2318,0,0,22.181794408274907,0,1
42.417386003214034,1,31,2021,2,0,3.517784506919712,0,1
343.0347019693137,0,25,2969,1,0,55.47452366823859,0,1
246.08738012049085,14,52,723,6,1,48.74303286408485,0,0
16.716925216108432,6,31,2321,2,1,41.47642837472597,0,0
113.72425917662588,23,79,937,4,0,5.026047141196859,0,0
50.2334676551649,13,35,2556,3,1,4.762985292468301,0,0
539.8763929908591,18,71,1415,5,1,22.999880906928457,0,0
286.2506133655248,20,71,2619,2,0,11.293797534728252,0,0
137.65823138565975,3,19,2021,1,1,63.43828731045407,0,1
65.01388467448871,10,79,1636,2,1,1.9878583236333849,1,1
396.2853568949925,18,40,524,4,0,17.61464901338021,1,1
104.5480946101262,18,67,154,1,1,6.463957423872965,0,0
123.57022279929832,8,21,2703,7,1,14.156840497814434,0,0
69.45518655226324,3,20,2783,1,1,40.76632480903957,0,0
107.26533136680024,3,64,2372,4,1,38.21956009903021,0,1
11.257508333606395,20,59,633,4,1,19.224466508740463,0,1
191.01641532397477,9,60,2590,1,1,22.152121589695312,0,0
55.53856065213066,12,48,181,4,1,3.716329181819419,0,1
4.275337058426191,2,45,2712,4,0,123.77076402351736,0,0
25.09873915427347,0,39,2729,1,0,11.77639596192385,1,1
65.3096237262291,8,43,583,3,1,47.53390681349772,0,1
6.334237628756041,3,68,839,4,0,10.793202978443237,0,0
688.8156241058423,20,68,402,1,0,29.91869195215757,0,0
879.1116834810658,6,51,2152,4,1,55.91958093320274,1,1
260.6635156163371,23,53,2370,4,0,2.8968026288954327,0,0
78.17355760289693,7,33,1496,6,0,7.510732084646693,0,0
336.2180759233732,23,42,276,4,0,9.664416873346656,0,0
484.0947549780638,3,20,865,4,0,24.630700744021556,0,1
22.06445387597513,12,39,880,3,1,9.996154241748558,1,0
9.256393137366391,0,52,991,1,1,13.4638600423602,1,1
154.86314995060803,15,42,2009,3,1,35.984843764458894,0,0
304.6537181024495,1,49,2379,2,0,11.411041178398955,0,1
48.67899239966613,20,21,435,5,0,2.682147460567497,0,0
17.571104333721017,20,27,983,6,0,0.7711277086460078,0,0
30.44362450926456,9,71,1818,0,0,10.965411524764956,0,0
103.16099294845992,14,73,2235,2,0,13.899218152439175,0,0
25.298199186234243,20,61,2129,4,1,38.37470809976401,0,0
174.7969035560285,16,64,2568,2,1,17.84459421464909,0,0
224.1838001779072,0,55,2764,2,1,15.240056259351284,0,0
315.8165768593322,1,42,1273,5,1,16.63789302519181,0,0
41.86543440640661,12,78,2335,2,1,6.308315335106338,0,1
205.88912594014857,22,35,1839,1,0,1.1459846208192808,1,0
18.190640398718315,18,23,2094,3,0,10.405317913684978,0,0
115.65497622277609,19,45,2743,3,1,25.52740987238959,0,0
41.78418623425931,21,61,1831,5,1,1.5728562986721562,0,0
55.60311856715783,12,52,1952,8,0,4.85928469647215,0,0
411.00920737486746,16,60,1933,1,0,14.330088447890011,1,1
85.99483926431527,8,52,2943,6,1,54.564546681389565,0,1
55.32440440259808,7,39,1416,4,0,33.68256857914244,0,0
111.3371716131574,14,20,786,3,0,3.171159910420036,0,0
108.59049980151804,14,33,863,2,0,14.573435867332028,0,0
68.74521563101749,13,41,1902,2,1,61.5086761263992,0,1
183.58394486662004,21,52,1166,0,1,2.572429879731919,0,0
76.09659062779748,0,44,2619,2,0,8.103856182850581,0,1
48.26315485169453,18,67,325,2,1,1.771681087106232,0,0
176.2109429892721,0,61,2408,0,1,6.643103909306735,0,0
63.11864928669911,11,18,150,4,1,39.662520623295,1,0
16.699307154142986,17,47,1509,3,1,25.501361577087124,0,0
339.9877784348707,1,45,1033,1,0,7.6528265155380115,0,1
451.75810290918525,21,54,2433,3,1,3.2951221445728858,0,0
2.7681797717852965,18,29,1211,3,0,36.96416932114848,0,0
601.2891757812204,20,29,796,4,0,26.265524482462386,0,0
258.20125543856733,8,47,2198,0,0,12.488566326919504,0,0
180.87877327407423,17,60,2507,4,0,10.787124393102069,0,0
251.632981825422,0,54,1019,2,0,14.08907819775251,1,1
97.24548303491272,21,72,1768,2,1,2.788994715638469,0,0
332.6024598051478,1,43,2947,5,1,20.87901497663076,0,0
111.13611112254732,23,35,1733,4,1,14.303982225223336,0,0
362.6335057135272,14,40,1850,3,1,22.807045791685425,0,0
23.87005699854772,18,18,2292,1,1,32.45267055084051,0,0
25.66836833282288,3,59,2912,2,1,19.365220103690238,0,0
294.644730839107,18,20,559,3,1,88.12918996551193,0,1
473.43449484326186,17,75,726,4,1,10.74970387625229,0,1
30.449325524209144,0,75,845,3,0,21.51646371412048,0,1
79.46486508169144,1,23,204,3,1,9.689263933808544,0,0
713.5596276583399,6,40,1848,4,1,6.86336512571489,1,1
192.64832889969944,7,66,1176,1,0,6.795954711475416,0,0
145.9665614049699,17,35,2211,2,0,2.750220125867011,0,0
128.69379173655614,22,28,1664,1,1,29.521071602404096,1,0
142.43425048692737,20,50,1477,2,0,3.584284887695304,1,0
17.910174212781587,7,24,2613,2,0,7.850818854307546,1,0
5.719269242322879,13,63,2152,1,0,3.514798295909709,0,0
16.36753792161745,17,57,2887,2,1,3.439654412549218,0,0
141.0139141881239,21,38,2726,2,1,0.7576715160773194,0,0
390.9122238707727,21,31,1362,2,1,36.66277495457688,0,0
460.3361870828895,20,57,2454,3,0,21.251554713228813,0,0
198.3740380296158,8,18,2410,1,0,23.39963527680737,0,0
81.35779798866024,0,39,1710,3,0,1.9730926864036635,0,0
198.0433826171069,5,76,858,4,1,0.6912297170990316,1,1
209.94381497756004,1,29,1326,1,0,50.91738604249656,0,0
71.66641174920213,1,34,1443,1,1,22.870217779922,0,1
214.6486939600273,9,19,2374,2,0,5.212723418680895,0,0
87.15952714673983,7,42,1278,4,1,44.71314478758458,0,0
141.26674843575748,16,47,1605,4,0,60.367213959587,0,0
11.231611788152785,15,63,1905,3,1,0.7964577272428608,0,0
120.3745175046877,0,50,2826,2,0,6.852350670177679,1,1
11.75622134599254,12,48,1396,3,1,3.049382386801142,0,0
30.240061536884816,20,43,1266,4,1,30.882524980031853,1,1
339.97952193310374,23,72,767,2,1,1.4976545407572617,0,0
326.3747525573043,22,38,115,2,0,0.0648802996843347,0,0
986.8453862988218,21,64,279,3,1,0.047633916931747,0,1
30.828536342044337,6,24,286,4,1,11.251982270432473,0,1
292.848699549536,7,21,2685,4,1,1.1594577758588092,0,0
61.58982369005174,19,65,2444,3,0,9.158398684073385,0,0
576.6311092700328,6,48,1930,1,0,24.969704763013496,0,0
215.26580965713111,4,36,108,2,1,2.8027264662154017,0,1
41.34888309909345,14,36,748,2,1,4.488079516539662,0,0
151.8524044832284,14,58,1342,7,0,18.16409493301889,0,0
324.9124135703862,12,29,1280,2,0,7.637335445996527,0,1
29.10202175298525,1,77,1108,3,1,28.28188224142682,0,1
477.6906727891121,18,62,700,3,1,10.131729614786911,0,0
90.85241154470972,16,64,2065,4,0,7.316905607994013,0,0
118.87242259296258,22,24,767,1,0,31.24683932344853,0,0
418.46178463565,18,21,1410,3,0,36.171979283195945,0,0
2.4353911775400667,11,57,604,3,0,15.345923213110684,0,0
145.00165040908792,18,26,2591,2,1,28.077943375447827,0,1
315.259969184791,20,43,240,1,1,68.45049530612623,0,0
183.7959522150527,19,49,2251,2,0,1.5362607104486563,0,0
282.2925808285821,8,75,1450,1,1,2.3414215047692606,0,1
47.17160599164801,15,43,2615,2,0,13.384147357123062,0,0
255.01244538724487,12,79,864,3,0,2.1775272758157884,0,0
97.10016285434196,19,30,2124,3,1,66.26217606124838,0,1
159.6468450145319,5,70,2645,0,1,97.4273483850279,1,0
116.69124250727006,11,64,1568,2,0,30.025434022742036,1,1
29.21014963468416,20,26,211,2,1,1.031816537973682,0,0
172.49174623048543,23,48,1640,1,1,31.00286600567304,0,0
11.903416284884736,0,35,223,3,0,0.3923560826882076,2,1
120.75703029661244,5,62,1470,2,0,1.3470262415361125,1,0
27.595043942483173,21,46,256,2,1,5.107137459683528,0,0
24.171188974132583,23,71,1470,2,1,17.250693760464458,0,0
904.2636091539432,18,19,2897,2,1,15.670342951076863,0,1
64.01760258920018,3,78,661,2,0,4.469884407663306,0,0
3.41858401169344,0,72,2522,2,1,13.345360535555807,0,0
76.0051222113574,0,42,532,2,0,20.62332121509865,0,0
78.12659858951616,23,34,972,3,1,13.142905714082612,0,1
473.8991217419253,23,24,1099,2,1,30.967084312717464,1,1
55.06974485483729,20,19,1271,6,1,12.368161291115689,0,0
50.879277574188784,20,59,1825,0,0,3.572727013863512,0,0
66.39054133360989,12,19,593,7,0,11.77481963660983,0,0
9.272464804106946,14,43,2311,0,0,1.7498443623406204,0,0
81.36470167205097,19,29,332,1,0,1.240157391959961,0,0
629.8097749312343,5,36,479,1,0,14.12031069312265,0,1
106.1874862988726,15,19,598,2,0,25.589176631857917,0,0
101.66732291664138,19,40,1044,3,0,21.902951168711,0,0
23.846147729172124,2,57,2808,2,1,37.50290495147444,0,1
233.1383259848492,14,40,2457,2,0,45.695238701699125,0,1
552.7902601784148,11,27,1493,0,1,11.556044582898943,0,0
192.04550776807392,12,53,810,2,0,24.349918958236245,0,0
5.309191042933922,1,30,436,5,0,162.9560754145988,0,0
143.74028293021897,11,44,1699,1,1,27.679608007856448,0,0
145.42287179901732,18,67,806,3,0,22.5141314905399,1,0
63.3286538217213,5,78,1141,4,1,30.587388150594457,0,0
13.816486853249112,3,34,2877,6,0,14.354960699827677,0,0
194.8631139500897,22,53,2827,7,1,12.944539552617355,0,1
36.90831827984367,6,45,253,3,0,1.168963788429235,1,0
129.62841226884407,19,55,1081,4,1,13.265660419305323,0,0
238.94274834967595,23,55,2778,2,0,40.1384453268375,0,0
339.41295012601057,7,43,1181,1,0,44.340958354840616,2,0
290.7838164514312,14,27,2214,2,1,3.665395391538075,0,0
505.4304647583977,0,40,1955,0,0,1.3252153870282304,0,1
178.0534544578956,17,52,572,1,1,21.987934403538155,1,0
135.6586866683387,5,22,1592,2,0,3.968969097666948,0,0
60.93407529824687,22,65,1274,5,1,2.039174737774857,0,0
45.28795410999841,2,75,857,2,1,7.478986040755063,0,0
162.47205934233813,14,64,2152,3,1,25.656032573090357,0,0
24.862923171555952,9,52,2806,3,1,13.335491101892623,2,1
213.7899645975588,12,37,1714,3,0,4.925798531976459,0,0
293.92958808914705,20,51,1474,1,0,19.89239427293492,1,0
388.33593527448846,18,50,2961,0,1,12.77565406763166,0,0
199.46687714729663,17,78,270,2,1,19.04241089968444,0,0
794.5440415750777,0,57,2225,4,1,1.1126671651928022,0,0
81.06554567425681,19,24,2209,2,0,2.8888254066402608,0,0
32.220685042921914,9,66,843,1,1,7.119295593530383,0,0
195.55841381307485,13,55,2913,3,0,20.20951961223776,0,0
284.57244334524694,7,69,1832,6,0,10.027789323555396,1,0
27.872239766761155,7,19,1623,2,0,24.00207964078251,0,0
52.19927385021728,5,28,346,3,1,12.0141101559811,0,0
59.7102236001904,18,74,2836,3,0,6.195857900014649,0,0
86.37572336965674,13,55,1760,3,1,41.60813026857733,0,0
137.21888291937,15,33,2348,2,1,82.64543052006714,0,0
155.82297212485037,3,69,2220,4,1,68.47398194456169,0,0
808.9118997829152,13,51,2845,3,0,10.532304806585149,0,0
119.65987466954007,10,42,649,4,0,35.677564095514285,0,0
87.08326551735385,15,44,933,4,0,61.7309872794862,0,0
96.70602538356748,13,62,209,2,0,32.93356583661086,0,0
103.67997575476583,4,30,48,3,1,21.532175073325483,2,1
34.61088615207989,8,46,2549,5,0,7.528303065002616,0,1
53.99719068159187,12,60,2195,2,0,23.80894864158677,0,0
150.5527440939109,21,70,441,3,0,2.9325814480396604,1,0
19.26921742464157,18,20,1615,3,1,13.78377157291995,2,0
9.620608763749791,5,48,1732,6,1,10.635015013127587,0,0
207.25067714731188,0,61,1003,0,0,1.806432450292112,0,0
152.48277160980564,19,49,297,1,0,20.986893173732817,1,0
506.8817434221933,11,21,2329,1,0,11.73644110083159,0,1
111.84630255481235,21,57,1927,4,0,13.96881676045851,0,0
318.3104857286119,4,53,2150,4,1,4.083768371237433,0,1
32.84108531283636,22,28,2444,4,1,3.5527559850511854,0,0
166.8908215086933,14,60,776,2,0,2.515587303035398,0,1
222.3961441097876,2,65,2308,1,1,50.74505603735307,0,0
48.60310939325944,16,40,1367,3,1,25.70102542032988,0,0
78.97047665833375,6,44,2841,2,1,12.461641825008645,0,1
103.38439861519896,16,35,1476,1,1,17.505846404799467,0,0
122.13801417461887,1,19,1753,2,1,64.12888245767401,0,0
90.69813731177835,14,20,289,3,1,5.298299379733309,0,0
138.2170392705807,9,52,2628,4,1,52.544818163886326,0,0
13.068496076961832,15,18,2036,3,1,0.2038013506582576,0,0
156.99895770911013,4,72,1240,3,1,1.095175326129928,0,0
78.73249105458251,23,45,1620,2,0,1.7749022216208086,0,0
65.73807208009912,12,41,78,1,1,4.675359603397198,0,1
1132.5075007210892,8,18,797,3,0,47.83433021604885,0,0
564.9592072317046,17,23,1185,6,0,11.747535729558356,0,1
463.0514246115708,4,62,2235,4,1,102.3740762270566,1,0
130.83720007739967,11,22,1271,3,0,3.024661337507591,0,0
257.0681451978797,15,22,2110,1,1,15.901979660303594,0,1
51.43280237405676,12,48,1624,5,0,20.530689348629902,0,0
38.33122180336847,13,72,2683,0,1,25.075648471745225,0,0
307.49030931106955,2,78,2657,2,0,3.4444941307331978,0,0
148.94740979250946,13,67,356,3,0,21.36713863686375,0,0
314.48302753734464,6,75,1628,2,1,25.843128778351545,0,0
319.3300267505465,16,23,54,4,1,43.69441013165399,1,1
141.4734199117264,17,66,2813,3,0,25.591208049509916,0,0
43.6555100891286,2,69,238,4,0,3.1638889808385957,0,0
53.32970727818617,4,27,1441,1,1,1.440765178039708,0,0
105.69774754922824,15,31,367,4,1,54.8045553494821,1,1
566.0175435370109,2,32,1990,1,1,31.40640109549457,0,1
503.6314093035293,23,37,1602,1,1,20.80508237367433,0,1
65.20619969147266,11,57,111,2,1,44.43923366315784,0,1
164.24883691326846,9,53,1293,1,0,2.2474784044373712,0,0
26.35540334119882,0,68,754,3,0,55.50664610327576,0,0
163.8040660316842,14,68,1892,3,0,10.26614038891026,2,1
195.4966167977932,17,75,609,2,0,15.661727071659188,1,1
679.9729793395819,13,34,1329,2,0,7.543302448424289,0,0
228.02955905507372,2,48,1117,2,0,47.25270722000139,0,1
76.22661370871438,5,40,543,2,0,0.5015435415801552,0,1
161.4611387826822,20,29,251,3,1,27.333900425814008,0,0
86.9363293475762,4,70,337,0,0,3.273702140471617,0,0
54.58369464563232,2,58,2924,7,1,1.7385136542800457,0,0
60.535436522847576,20,25,2101,5,1,9.06490203414497,0,0
142.61039851194755,4,70,949,3,0,60.49247785887295,1,1
446.1612458394615,4,77,1944,3,0,30.6510437798082,0,1
13.229316618459816,17,39,1375,2,1,3.613941489945375,0,1
62.95816771943918,3,50,1702,3,1,13.029239784484004,0,1
59.19433783320467,17,24,2586,2,1,7.4354753071950865,0,1
65.45942323002407,17,26,733,3,1,8.102547976917409,0,0
175.1107554405737,16,45,1961,3,0,67.8099512625808,0,0
349.5294752550627,16,45,2435,2,1,28.765595142232865,0,1
128.58780291350485,2,62,2074,3,1,4.080613578027162,0,0
37.67838621181944,14,61,1824,4,0,0.5474051166746597,0,0
140.38943919264003,5,30,1644,2,0,0.5943348956960156,0,0
174.93308228610928,22,44,2858,3,1,3.669340581289926,0,1
3.705256207887843,17,67,1901,1,1,0.3045445114230724,0,0
479.8239040309607,5,69,1492,1,1,34.65062818819189,0,1
178.76699839369223,8,19,2502,4,0,18.04794137195717,0,0
58.29448955545912,12,37,70,6,1,2.433621961020584,0,1
57.66122643864525,21,41,631,3,0,1.575134973278446,0,0
213.5076794832478,18,52,2575,1,1,4.249076730228288,1,1
108.37172910217843,10,56,260,4,1,12.33343401015948,0,0
567.6576474346846,9,67,2373,3,0,17.106587470616354,0,1
472.7042540413906,0,25,438,2,1,16.23239903455541,0,0
324.95653333495443,20,25,407,0,0,2.1030563915592557,0,0
165.17338228395633,10,28,1016,1,1,40.516128801955006,0,0
121.22555113539018,8,65,2862,9,1,15.08667990929115,0,0
74.73984566614081,14,67,2615,3,1,0.6885004182736881,0,1
439.8756420399307,2,76,1426,5,1,4.665334167576278,0,0
18.34472811447553,8,63,283,0,1,32.72034705967283,0,0
137.16392705635732,0,19,207,3,0,18.24936604457434,0,0
105.89828438371228,5,51,113,5,0,35.41445530971067,0,0
86.90652025785673,12,74,2838,5,1,0.1382777900760537,0,0
146.8221791818457,0,55,2264,5,0,57.75639191296545,0,0
58.7350207333354,19,20,2608,3,0,4.804137661804504,0,0
17.024171938970316,4,72,2978,5,0,11.287239423648977,0,1
47.02278836185304,10,45,2743,1,1,24.09137723380264,0,1
403.1361963741445,4,54,1169,2,0,15.288994047903795,0,0
151.55592238445303,19,72,1019,3,1,63.96084497842715,0,1
86.40877579596332,8,46,455,3,1,25.42412316041673,0,0
101.44529685657008,0,79,2528,2,0,24.95433298358471,1,1
57.52493385924038,14,24,1027,1,0,3.7294959167012367,0,1
722.4618812325851,19,67,2733,3,1,27.232740515507636,0,1
127.2403576892371,4,42,2314,2,0,9.943349404931883,1,0
14.924606222921202,13,73,371,3,0,42.87499524674982,0,0
77.1857877995389,17,76,467,3,0,6.003267917497537,0,0
18.37662393060301,7,66,2080,6,1,1.1919396409097007,0,0
95.40261907634644,5,38,639,6,1,25.429296607369945,1,0
195.370267748066,18,32,85,2,0,40.88185191478257,0,0
23.276004659411555,1,53,1482,2,1,33.97804944949338,0,1
133.10659484463184,20,65,2855,3,0,27.480734151838195,1,0
240.0950047314362,6,31,736,1,1,22.839782722141923,1,0
65.5901308724793,20,19,786,1,0,6.044100726230127,0,0
76.18230895914206,11,33,2510,1,0,30.76623843112824,0,0
873.8008957111781,6,58,2795,0,0,2.251182840326125,1,1
184.22218156342203,17,54,2742,3,1,67.3617772425636,0,1
70.21399623729701,11,31,169,7,1,48.12935614451614,0,0
18.64461354487976,0,64,2341,2,0,1.15961647433971,0,1
245.36452139186895,11,50,1082,5,0,13.220780288862516,0,0
126.117353907741,1,26,406,6,0,6.420725020390622,0,0
168.08466982251625,8,72,1882,4,0,3.870346845227703,0,0
180.06425275232357,10,54,1853,4,0,0.8761521364487445,1,0
419.88316281738935,3,34,2957,8,1,2.15689845809728,1,1
546.045412460405,11,22,1526,2,1,16.329663707817218,0,1
65.32424122102826,15,61,1699,2,1,11.140779776040526,0,1
192.3070954440384,9,62,964,6,1,34.88730666989892,0,0
14.619961320134337,1,46,1916,8,0,11.969013188580304,0,0
115.48405371347228,21,33,1664,5,0,1.7979749775670646,0,0
157.26415532925796,15,65,2712,3,0,41.8595312213305,0,0
217.25115971299607,1,73,1715,2,0,22.978895526354552,0,0
32.36251544084247,0,42,2173,5,1,38.27352520382213,0,1
280.94818040727694,5,59,253,2,1,3.7107073541127527,0,0
44.47397488852866,16,74,1052,2,1,28.04133321159039,1,1
160.69166615962743,21,22,2940,6,1,22.17048004091117,0,1
209.6840099772192,14,29,460,2,1,2.4893568623871314,0,0
95.60041158162004,4,61,714,4,1,3.647339491681223,1,1
191.57403407098505,6,79,2410,4,1,3.4590685829589023,0,0
54.83999375359758,23,33,1586,2,0,12.202419564387183,0,0
156.04835761790255,21,43,448,4,1,24.79980253352725,0,0
262.51240590719857,5,52,1824,6,0,3.2896835850577557,0,0
45.69205862621254,7,54,242,7,1,11.442693833371749,0,1
1.8707804843896585,17,48,2627,3,1,3.845420472272238,1,1
26.55681243044528,6,66,1437,4,0,22.63925408244795,0,0
14.246340822651993,7,70,644,3,1,20.839919636692663,0,1
32.62040767632895,19,31,134,3,0,25.3422032994022,0,0
542.4579686447554,1,22,1760,0,0,42.65092488194098,0,1
185.16357288716037,2,69,133,4,1,13.279988352517488,0,0
112.76901575475824,19,59,2499,3,1,1.638244384371398,3,1
85.68881552194789,20,32,2453,3,1,1.200671473813372,0,0
354.6859296444477,18,37,2547,4,1,5.981853166870509,0,1
189.206094407487,15,58,530,2,0,61.77029597107105,0,0
105.53461188130662,11,27,2150,1,1,9.193899787699213,0,0
104.37412495474922,18,68,1554,2,0,7.727124045237411,0,0
872.8550936440336,11,61,386,5,1,35.28371910686068,1,1
188.09841419651863,9,79,2763,3,1,15.31481661042302,0,0
2.899615944160855,19,64,907,3,1,32.84525066791736,0,1
136.47985051053627,19,79,264,3,1,14.434127729048384,0,1
126.6390364339936,11,49,269,5,1,45.55357826254601,0,0
201.43143753940717,19,35,2365,3,1,13.991539568895258,0,0
402.125883498798,15,77,1751,2,0,4.5667890292558,0,0
445.2110422497046,20,43,385,5,1,81.74538712879651,0,0
178.85467087584567,19,53,684,2,1,9.327635051332791,0,0
275.94786143395027,19,49,119,5,1,8.499138468758014,0,0
184.10323360403856,6,64,916,4,0,12.177004669860208,0,0
46.61005604796304,20,78,1110,3,0,1.436087553349474,0,0
51.15002880675316,19,48,705,1,1,17.366739459962144,0,0
173.49239341762885,12,75,1372,0,0,120.03702383101188,0,0
123.07543316310424,18,76,2451,4,1,18.56901451684845,0,0
43.58968491046164,3,75,2694,3,1,21.71940405939616,0,1
344.29556217301325,6,19,2366,5,0,40.822134130624725,0,1
206.99048939818567,23,36,1195,1,1,0.6296755159372986,0,1
56.83048891622931,15,37,2948,3,1,2.648091900081775,0,1
251.2795305633481,21,45,602,0,0,1.5780923996324845,0,0
19.159773237595708,23,32,812,3,0,32.366473694064986,1,0
1.574499544794723,9,45,1786,1,0,0.3738313100341718,1,0
141.42087252129002,3,68,1226,1,0,2.659427022023948,0,1
162.98938077110077,5,44,2029,1,0,36.90632515877774,0,0
119.7653654799729,3,46,1190,1,1,7.918778769278617,0,0
121.786937571955,23,62,1555,1,0,4.102696467501678,1,0
263.13383481697934,9,24,2720,6,0,6.435621384453073,1,0
153.82352059653422,6,28,2222,5,1,1.3432342451885502,0,0
186.22850271282124,1,26,2926,4,1,20.5852130109934,1,1
11.649940764779618,17,63,2108,4,0,20.021490190863787,0,0
250.88015530496705,8,67,1382,5,1,6.423857542716085,0,1
79.04196719957203,21,69,1314,3,0,13.598731399352095,0,0
132.851661168674,8,39,2777,1,1,4.505308645541999,0,1
82.33314212377132,16,32,415,2,1,3.1488463557998765,0,0
628.3821025088229,8,58,2148,3,1,11.1751730078361,0,1
235.9033935969253,4,53,507,4,1,5.372671818814557,0,0
45.6532452564574,9,78,1793,4,0,1.9110250995753808,0,0
27.3626231693328,17,42,2527,3,0,18.474687311664912,1,0
459.7434951201892,15,64,1987,0,0,7.021705943222434,1,1
55.2841379323477,0,28,1395,5,0,0.5574971436296008,0,0
181.1096400886167,20,18,2499,4,0,12.733056594297924,0,0
3.6779775694467407,5,56,1488,2,0,19.01190481464508,0,0
90.84103821450566,9,78,61,7,0,18.25362372445809,1,0
319.81254389021325,0,56,2117,6,0,8.185641125048747,0,0
124.75973399332378,11,74,2569,2,0,13.266393738482233,1,0
45.04294175288231,14,46,465,1,0,53.32860721454246,1,1
586.4903921885126,2,45,2388,2,0,16.68636322768064,0,1
27.205748225579253,17,42,907,4,0,19.186528491602324,0,0
150.85977092569254,0,23,450,4,1,20.49600977849456,0,0
527.7669629782798,10,67,2409,4,0,4.834687552910993,0,1
156.8564764355527,10,62,2697,2,0,76.5146374629549,0,0
131.06011932735515,4,45,2455,2,0,39.607063286175936,0,0
208.94370682764293,9,44,184,2,0,69.29900799402154,0,0
230.8621049887389,10,65,1160,5,0,2.806406553267004,1,0
64.26322454683316,12,52,2667,4,1,5.360110731875211,1,1
8.00884546837371,11,50,385,3,0,6.836738273929077,0,0
99.15653301304104,11,49,397,3,0,34.47496644549044,0,0
147.0108417205436,16,32,1447,1,0,49.851513043649085,0,0
113.77709682391448,19,77,71,5,1,5.818775956960192,0,0
305.3373207297685,2,75,215,2,1,19.90689348040738,0,0
12.047261731786104,22,47,188,2,1,5.956111240193692,1,0
174.98454078580858,18,32,2393,1,1,1.4829358615895216,0,0
39.85062800984595,20,61,456,1,0,9.118612305437937,0,0
46.906475121607016,12,62,2234,0,1,89.4101701802432,0,1
133.3668607198428,23,45,1770,3,1,41.54330037515984,0,0
0.3988244319421252,9,48,946,2,1,48.344087330677176,0,0
2.0057796729096085,12,34,949,3,1,16.348811156770825,0,0
456.4871852436246,7,63,2966,2,0,14.238178698716036,0,0
601.5365430208766,19,21,1546,1,1,17.241214397055437,0,0
10.685167017802629,7,49,446,3,1,0.0263930276595126,1,0
42.642625503133374,1,69,2647,2,0,7.109077896537253,0,1
38.56440572771043,15,35,310,1,1,3.129536792032809,0,0
335.5242372943423,16,43,1368,3,1,6.446566030620123,0,0
229.4809921914464,10,40,151,4,1,69.52551644884706,0,1
355.4796070018688,9,28,204,2,1,5.204864309786864,0,0
35.91929886914543,23,39,2810,3,1,38.18935273217989,0,0
378.8916061828538,2,46,876,4,1,8.949434302366882,0,0
441.29754709701217,5,50,805,4,0,27.749172302694525,0,0
294.316254880101,9,58,1265,2,1,3.17336873767091,0,0
116.62683581641082,20,58,1625,5,0,12.774125991940751,1,0
98.14777400702992,12,44,1573,4,1,60.42771581562634,1,1
325.4010062313432,1,67,593,4,1,15.631268891237085,0,0
12.994651341455764,9,56,773,2,0,42.685892930910406,0,0
57.632098594220615,15,79,1838,1,1,15.801986148989162,3,0
575.728168139346,20,18,1299,4,0,0.6580341229391415,0,0
205.1678238076053,6,51,2640,3,1,13.457986191451612,0,0
199.618913544742,14,56,1562,4,1,3.797823986823028,0,1
10.049220150150044,10,59,2456,7,1,18.34454859585373,1,0
153.38191658796882,6,68,1619,2,0,4.310831665848153,0,0
195.2602383424748,15,71,1031,2,1,14.425546104795616,0,0
139.378650075045,0,41,995,10,1,2.141742614053659,1,1
118.5782025261945,17,31,2149,3,1,12.155397798700571,0,0
100.05480440500163,20,60,1208,2,1,30.853607795801445,0,0
48.22887194639892,14,67,2045,6,0,16.958199374895496,0,0
26.81746297822664,5,24,2667,1,1,28.22579551587777,0,0
691.7907138612632,4,56,478,4,0,5.105708939476395,0,0
46.1313872942018,21,72,1920,4,1,5.983323303138929,1,1
86.15869660601952,9,26,1378,2,0,33.398495090035816,0,0
48.46575121537875,17,51,2392,3,1,8.889409734410803,0,0
89.81078282052648,6,44,1694,1,1,36.04674082527652,1,1
105.70384201018749,16,26,2515,6,1,27.885793887588694,0,0
446.1626810471122,2,41,2588,1,1,22.193473480584128,0,1
195.502091592158,22,44,2745,1,1,48.64520960831234,0,1
233.02585502769008,21,31,2755,2,1,1.892087482302038,0,0
24.00454975883676,2,30,894,3,0,24.318467559570045,0,0
91.87115365375602,3,58,760,2,1,50.36369025436939,0,0
38.37355174919145,7,42,1376,2,1,5.673981341260285,1,1
249.11193852248715,8,66,2260,3,1,2.124026259371964,0,0
81.5570465444863,17,64,378,5,0,16.79554907417469,0,0
240.5544181756002,4,45,151,1,0,2.4344539985939555,0,0
178.48930091400646,10,18,2299,8,1,9.402696565789652,2,0
82.89267445893215,19,35,317,4,1,11.591024576595617,0,0
716.7577013150404,23,55,2285,4,0,28.835207626009232,1,0
287.0044167248554,17,79,2824,3,0,6.028495286487546,0,0
52.40152332617387,13,21,1796,2,0,12.032213864158807,0,0
16.614390765968892,3,26,2204,2,1,50.46416137876879,0,1
71.98653477278415,13,49,2676,4,0,14.774758900438092,0,0
407.8847862453727,5,71,2908,5,0,5.24376353090497,0,0
119.87285926072352,2,34,2834,1,1,7.4317882344911235,0,0
111.54490627004505,8,24,1423,1,1,4.824852175884505,0,0
152.53792493988954,18,32,2861,5,1,15.210293683992347,0,0
222.8829445655704,23,59,538,3,1,12.6895977947669,1,1
127.41861990818136,7,52,1038,3,1,1.584611756194628,0,1
248.7665563369364,17,41,263,2,0,46.30996892509128,2,1
154.5333824781773,22,72,144,4,1,24.36062384856035,0,0
209.1285506405937,4,46,1686,2,1,2.240734269566682,0,1
162.21376477146612,18,45,945,7,1,17.817741918643,0,0
328.0791890280041,19,41,2632,1,1,62.19767810289913,0,0
13.184067081431351,17,53,972,6,1,23.3018412223262,0,0
268.4349417290659,21,70,1269,3,1,15.460748586713304,0,0
51.98107824083489,6,61,778,6,1,11.008836145626397,0,0
59.58204004436515,18,61,47,3,0,14.569466169251283,0,0
120.11211913668008,22,35,2152,6,1,39.90844377880572,2,1
213.87678862619248,19,28,2310,2,1,2.2149618550422,0,0
6.640854301125658,12,34,2976,6,0,18.88712839190496,1,0
288.4509007465272,7,29,1374,2,0,12.502291855312732,0,0
77.03018770361734,3,48,185,4,0,22.594876149995432,1,0
235.8513728205395,0,53,1561,3,1,14.965026155637329,0,0
202.977871785204,17,78,1627,3,1,21.898542089591828,1,1
32.48435798408323,14,29,401,2,0,38.75414990036028,0,0
153.29320830147915,15,38,693,3,0,4.876352345802466,0,1
27.933275722706195,23,42,1018,2,1,5.388498405350031,0,0
51.839980883801054,5,65,414,4,0,17.403453492084246,1,0
300.28350596780894,23,20,2596,1,1,31.78283423292782,0,0
37.23870621674786,2,64,615,6,0,20.08665184243774,1,1
183.5555340441584,14,65,851,4,0,4.720536541296953,0,0
164.39649757727608,17,71,2183,3,0,4.676409615184176,0,0
1225.764598780817,1,71,215,4,0,15.481094085723742,0,0
572.6242245382299,19,32,196,1,0,3.026297624250929,1,0
558.0221749802398,13,56,114,4,0,2.849101351658731,0,0
628.5481524658795,9,67,306,1,1,42.48356720795967,0,1
269.65566761977857,19,24,1094,4,0,26.778729104215184,0,0
54.1179015503813,2,62,1010,3,1,0.9428447930450636,0,0
132.82129175905413,18,46,1630,2,0,5.250588930399008,1,0
357.285908670935,11,55,1165,3,1,32.49996578439755,0,0
241.5567656680338,16,72,142,3,0,18.044791517919037,0,0
714.0082045423928,0,43,540,4,1,19.98378087134993,0,1
48.58639960360479,0,22,1032,3,1,14.511068548249051,1,0
316.1065071842482,6,49,955,1,1,0.4308046301400572,0,0
476.0297240259631,0,73,1609,3,0,13.743382526888864,0,0
193.05491798472264,20,32,587,1,0,36.792248164973934,0,0
89.39084850506657,2,62,2343,5,1,2.20202624564955,1,0
333.37379444209023,16,31,315,1,0,24.94887046541624,0,1
235.30762141996303,17,62,2884,4,0,41.83482958185205,0,0
39.06403952478917,7,41,1285,2,0,58.04491240959443,0,1
195.41296972434617,3,75,911,4,1,47.465554118538606,0,1
188.60229188540995,4,60,1436,3,0,36.306436611752495,0,0
118.62864921671016,19,53,666,3,1,3.666920811685847,0,0
44.00126592189484,5,50,2486,2,0,7.081106793396341,0,0
74.7125102791601,4,27,2496,3,1,81.31378604313485,0,1
43.100332001635486,18,67,1879,2,1,17.520439001577362,1,0
529.7515761928237,4,65,614,2,0,5.011720002064529,0,1
346.0503807713101,20,45,2979,4,0,34.011265819009985,1,0
89.27614075512592,22,51,1665,4,0,23.531241362758948,0,0
781.5507541424635,14,38,189,2,1,27.338729771888,1,1
531.4822987195381,19,28,348,6,0,1.175027137384088,0,0
186.16660169344183,17,72,1058,3,0,28.78585239648078,0,0
190.3491728221744,9,44,1242,3,0,5.488479225185733,1,1
11.635108945407229,11,54,1762,4,0,3.923312120323445,0,0
779.7654386165731,2,40,2832,5,1,27.987243990367592,0,1
360.3301886104168,13,59,2566,5,0,10.487551207953569,0,0
212.25996059326525,9,42,391,2,1,12.55428185336478,0,0
391.232656422941,23,34,1611,3,1,27.656173052694207,0,1
212.36425196600632,11,65,1362,3,1,13.876828272625746,1,0
115.48986678773744,21,59,1915,2,1,1.6500660394343092,1,1
0.1812491525524916,1,70,2217,2,1,0.4557062204011388,0,0
186.2793344864332,14,75,2810,5,0,9.77242747122073,0,0
91.39325976185806,9,40,2052,8,0,18.100810474806785,0,0
57.26377351727552,23,19,2894,3,1,47.22637563388705,0,0
549.7562493322449,3,18,2235,5,1,18.644214355849925,0,1
12.921537712732825,23,45,2415,5,1,4.829699202513286,0,0
258.8930859454236,23,71,1820,2,1,12.1076134975783,0,0
193.22495189042445,14,43,315,6,1,20.44235891065337,0,0
50.87070673411041,14,61,1458,7,0,10.58895355511722,1,0
79.744364405191,1,51,663,5,1,24.767748502711413,0,1
84.82786315896105,15,53,1855,3,0,15.035978232767803,0,0
115.59668625466028,18,56,2353,2,0,16.00342199781878,0,0
141.81361603312203,20,61,488,6,1,2.2864670548129085,0,0
17.842205797979457,3,68,1271,2,0,10.25696651862204,0,0
118.39707059614156,2,37,295,1,1,15.16461646693054,0,0
2.6361889651318453,8,25,2621,4,1,46.844103206183206,1,0
268.10786287416465,6,42,2810,5,0,0.5744145272732867,0,0
233.648850275648,21,52,364,3,0,25.175670869172897,1,0
184.201160893896,21,54,2134,0,1,4.027112396079609,0,1
146.27278397245456,15,24,921,4,1,9.76288159711957,0,0
12.893054583317326,3,45,1959,2,1,15.758831678837808,0,1
426.9355622274833,20,43,2858,5,1,14.229207344756365,0,0
527.2553852505299,8,31,717,6,0,18.590615484923543,0,0
65.18582157445373,10,32,631,5,0,31.704006325425254,0,0
728.4023290659967,12,24,2938,0,1,29.502724312012635,0,1
217.8536394071978,21,23,2810,2,1,5.454916576046509,0,0
176.66876689271453,4,18,1345,3,0,78.34744298357845,0,0
29.352973925597396,10,65,354,3,1,12.435831999785972,0,0
128.60821076543124,7,32,2548,7,0,23.86536695312586,0,0
462.88624284360463,0,41,1365,7,1,29.31012446377732,0,0
170.63965087062468,21,59,2391,2,0,1.8380142838098843,0,0
133.75612173375063,21,48,1425,4,1,5.16543771933311,0,0
295.91676680266465,9,73,646,3,1,57.59509721243776,0,1
565.2008001838989,21,78,2474,4,1,34.373280983456446,0,0
176.31171280628453,23,33,1015,4,1,6.331342506652087,1,0
532.9936026365575,3,21,1629,4,1,15.164604115507556,0,1
794.1819778852893,12,75,810,1,0,2.8164646873812376,0,0
84.69215548465311,14,36,2029,0,0,18.344606469872502,0,0
750.670994469363,6,57,775,2,0,1.3609473051436876,0,0
33.861708395075134,17,78,183,4,0,55.25994951293732,1,0
148.21611815681837,22,18,1072,4,0,7.352781907660837,0,0
68.26930429688593,19,50,2108,3,0,57.2869138345097,0,0
56.728823851692354,9,21,416,6,1,3.344531101095281,0,0
138.77326630362796,13,47,971,1,0,28.392839260771208,0,0
55.09901162779062,8,54,1730,5,1,4.055969843180934,0,0
492.12037451477954,1,37,2586,2,0,9.209305298996464,0,0
408.1963372748363,12,45,470,2,0,7.669100167951402,0,0
382.8379575143488,6,60,404,2,1,2.175965814840945,0,1
100.08239676858352,13,68,248,2,0,6.065427243023808,0,0
191.08316704649832,13,76,773,2,1,2.6865208482207263,1,0
103.828216100869,6,56,2280,1,0,2.9722362552063384,0,0
286.133974825304,7,73,921,6,1,31.95782646728211,1,0
138.87101041050312,17,76,1463,1,1,56.73917934600101,0,1
217.55061502043128,9,25,630,3,0,27.794677541730557,1,1
242.2044883554692,20,53,780,1,1,61.58793331022208,1,1
5.057748782264078,20,71,1757,6,1,0.2054266354199244,2,0
11.066715366031705,22,39,2393,1,1,15.05207482599966,0,0
306.00482823770994,5,26,1926,3,0,1.9328174759520544,0,1
3.903370333975423,19,49,1472,2,1,7.936062066687544,0,0
111.2315202414146,12,31,190,1,1,0.0224338463057348,0,0
31.39767606606616,14,78,2706,4,1,90.4229872224128,1,1
3.7123774821532014,18,74,465,4,1,6.675952588030927,0,0
72.12945844751538,6,48,1007,0,0,93.201488542775,2,1
282.8785664175357,21,67,813,1,0,71.54881541182479,0,0
3.4229509531988755,18,18,608,3,0,19.37619729200875,0,1
380.945330495616,21,34,135,4,0,3.9083505479649183,0,0
56.65273347157338,10,41,393,3,1,0.4251380121087856,0,0
254.89054839840176,5,60,2729,6,1,36.55880617830618,0,0
207.45011369763392,11,57,264,2,1,4.594309834993787,0,0
19.188326570291032,1,57,1077,1,0,34.38532156686,0,1
35.7430397931036,13,37,731,3,0,3.6894652193427993,0,0
125.11091236000236,16,34,780,3,0,17.345329103360257,0,0
141.0162839568141,16,35,2985,3,0,8.997367982980336,0,0
29.441614137478105,2,65,2249,3,0,52.88681028798259,0,1
37.00946881311617,6,49,2090,3,0,7.056221992206639,0,0
133.71869842074736,22,54,1018,1,1,5.698180305528622,0,0
111.78765541061226,19,61,2506,3,0,48.76143418856873,0,0
62.70113059012101,8,44,2731,4,0,2.877138845667337,0,0
31.652422209052204,12,70,148,2,1,6.683840597977213,1,0
187.17254553234795,9,38,386,8,0,16.165527591420258,0,0
403.392592398881,9,39,1077,3,1,4.75530027115916,0,1
255.0338279484294,21,49,605,1,0,45.70847470291419,0,0
163.46312684145246,18,53,2964,2,1,1.3334980236141765,0,0
134.5293813085144,18,49,2566,2,1,8.88929735419939,0,0
120.37555469846788,11,47,1386,3,1,45.89648050799028,0,0
295.8153320436613,4,62,241,1,1,44.793897478384125,0,0
481.43397783049664,10,24,448,2,0,33.91301620776316,0,1
270.6785749328483,11,32,367,3,0,0.1116539898527419,0,0
299.7644019260762,17,63,934,2,1,44.7872364506741,1,1
155.0847028800099,21,55,612,2,1,30.6498551117178,0,0
29.977851500428955,3,59,661,8,1,48.15694965494119,0,1
262.5102726921015,23,44,2762,0,0,67.23966981336069,1,0
397.495935246518,2,31,274,4,0,41.75248519890327,0,0
107.4976062327609,5,28,1276,1,0,14.17505770183417,0,1
131.69358692536798,23,34,2371,2,0,61.9642782293234,0,0
28.046153561554437,5,37,2481,3,1,28.748453906117494,0,0
17.385765108647664,22,35,1361,3,1,19.601295025118752,1,0
93.09820694561634,16,67,529,2,1,16.110042495915526,0,0
76.15967654138028,6,67,2543,2,0,55.32935714014452,0,0
251.80061691075343,8,67,2975,6,0,12.975280773444991,0,0
95.92718178613464,12,58,2932,1,1,12.002487461148608,0,0
115.87103712945029,6,49,1582,5,1,13.22981716471996,0,0
70.54734398904733,19,72,2193,1,0,23.523293034994936,0,0
40.780728977822406,0,68,2510,3,0,47.511067709768895,0,0
223.56401635131837,9,25,1484,2,0,65.13598960255155,0,1
17.71513548516463,7,54,241,4,1,14.476857298513227,0,0
64.22457220740378,9,48,1123,0,1,6.30410357871202,0,0
178.52758711566463,5,29,2851,3,0,74.7657679339367,1,0
138.7899587976701,3,43,1022,3,1,93.7906324418343,0,0
11.605392768967244,3,75,2551,3,1,3.024326830629238,0,0
155.29940135553426,5,63,1908,3,1,4.492086957706226,0,0
28.148718368184667,0,26,2433,3,0,0.4479843164781521,0,0
113.46968904741033,9,58,2152,3,1,0.526392261126053,1,0
61.58958991071805,15,33,2425,3,0,55.82979506142915,0,0
69.82679540868601,15,37,260,3,1,17.852590992897614,0,0
2.211345926339439,17,54,1956,2,0,14.54034543077304,0,0
56.8610178389107,13,28,1268,2,0,41.9988566476536,1,1
575.6481039281431,14,65,1581,3,1,29.086768830508625,0,1
314.0059572790458,8,64,1474,3,0,29.0320733745046,0,0
162.75511420557984,11,45,2083,0,0,19.739510985009677,0,0
12.324507176324897,14,20,1844,3,0,1.733833467131517,0,0
544.735377152495,17,39,1969,3,0,10.792757282083292,0,0
43.28883641228272,16,49,2581,5,1,15.0885350208986,0,0
4.226242411225112,16,32,569,2,1,0.4790443982180648,0,0
157.203817632581,21,44,1770,5,1,3.645114222370632,0,0
222.79280953031537,16,52,1498,4,0,53.98953121097688,0,0
299.85727965169195,1,36,2809,2,1,3.4433922449044347,0,0
480.62351731109726,16,42,2887,1,0,29.42978819692644,0,0
123.55924078002992,9,38,362,2,0,19.29199284862208,0,0
96.88507100622344,4,75,36,4,1,14.905244480744406,0,1
543.1926729089272,9,64,79,0,1,52.33148819937402,1,1
46.10598036377814,3,72,1767,2,1,4.7068397367759705,0,1
121.02356515034258,0,72,1059,1,0,0.3110716263813063,0,0
439.8803534076687,0,31,259,2,1,18.55584904239013,0,0
238.47946750996164,23,61,477,1,1,16.029063079637826,0,0
39.50813787878043,23,24,44,1,1,4.96986539755918,0,0
351.5155502181067,11,24,135,4,0,9.032403287711826,0,0
57.468207250075565,9,75,2183,6,1,61.14570322169909,0,1
16.727142518400033,21,75,724,3,0,10.467061977305908,0,0
7.474590464295693,10,41,951,6,1,15.650700530232974,0,0
68.42806077741142,3,20,2548,2,1,16.716675484889013,0,0
329.8915685942147,9,54,2049,7,1,67.18417201852462,0,0
18.12060257168105,23,38,2191,2,1,9.522083587960156,0,1
55.42896271194524,1,66,911,3,1,17.627146112903624,0,0
1.9637790769126453,4,39,2252,4,0,17.87750313773161,2,0
132.75444019965389,5,57,2533,3,1,18.95697366973881,0,0
263.69322326266354,3,72,198,4,1,13.965243039378434,0,0
291.1446280958914,23,28,1401,1,1,22.690541229336063,0,0
135.45544716066274,19,78,2580,3,0,1.6345690269335031,0,0
8.270504741304704,15,20,1763,4,1,49.10699360078983,0,0
269.92582906839345,6,65,111,1,1,67.94273376710659,0,0
121.6365473246181,17,26,205,1,1,40.40639339884769,0,0
804.3383201279264,8,59,2455,2,1,3.3899994005044918,0,0
159.1949214739779,2,70,695,2,1,14.386389059495382,0,1
63.6192346191062,11,65,2355,7,0,53.01744815779144,0,0
132.80719307871493,11,24,1014,3,0,12.559098929777752,0,0
24.396654428827087,22,56,172,3,0,11.698441851462944,0,0
155.8701776191244,16,62,2382,3,1,2.7438936390943294,1,1
359.3513166563624,8,61,691,3,1,56.694971132891794,0,0
70.95596455958719,7,63,2564,3,0,20.543687643410745,0,1
210.5204801595098,12,60,2491,0,0,13.89688555263568,0,0
236.58455543326977,12,21,37,0,0,4.082827051626956,0,1
159.3214629469461,11,75,2971,6,1,4.451310461406757,0,0
93.94470948646102,0,66,1371,1,0,29.99388235091267,0,1
101.16148622131982,14,74,880,4,1,34.0608827237836,0,0
8.571317461821808,17,78,1183,0,0,39.21369842199338,0,1
60.06525042945571,4,24,1568,1,1,69.16074744325029,0,0
182.98889752290728,20,28,2659,3,1,31.34666990713951,0,0
136.2386548661629,19,39,1944,2,0,13.926625044769596,0,0
296.42020624634955,10,79,1768,5,0,6.609181750436512,0,0
49.70926098758689,8,20,1583,7,0,8.294299229499758,0,0
221.88650904226813,5,48,485,4,1,31.547485233264013,1,0
772.9500440141046,3,24,387,3,1,1.2179357617488251,0,0
242.4954405754175,0,50,1946,4,0,33.463540602869045,0,0
544.9366698870502,21,68,1013,0,0,2.817473199155086,0,0
363.0700836137668,17,33,471,1,0,25.315276018353245,0,0
149.47956279175392,17,37,1811,2,1,29.846496999542545,0,0
7.007606736386808,9,54,1416,2,0,4.177704081572376,0,1
337.02065651280174,18,77,92,2,0,16.538062790762925,0,0
40.72330005351434,14,71,524,2,1,26.808728530992457,0,0
367.6554186225306,20,70,2029,3,0,95.75437422624248,0,0
340.56762127717263,21,43,2087,4,0,0.0628971268300865,0,0
671.1608615639818,19,55,302,4,1,15.183116579643032,0,1
12.40536869664351,18,35,73,6,1,7.40090601452787,1,1
239.1159328743968,16,48,927,3,0,7.194723883648186,0,0
59.45286077775367,15,43,2795,3,1,3.2199665563131314,0,1
39.92861095103158,18,24,773,5,0,65.00272119573205,0,0
93.50787604305565,22,33,1175,2,1,0.0768279809665769,0,0
324.2980811157606,17,67,205,3,0,3.78115213326099,0,0
266.09070610202326,19,45,2459,3,1,8.41680430592531,0,0
58.08914739810833,2,19,2490,2,0,16.261210821978775,0,1
431.8474622336869,15,72,417,1,0,15.166329958634808,0,1
274.4405265957479,17,45,412,4,1,8.206524085017987,0,1
49.8492443961226,18,42,812,3,1,2.3067462221170665,1,0
3.638702351072528,20,19,511,4,0,35.82144980681838,0,0
175.27635291834363,7,79,2498,2,1,0.3176623025940395,0,1
67.29383148411175,6,63,1512,0,1,62.967411021294936,1,1
31.816375862967195,2,28,367,2,0,42.362392403127046,0,0
10.326656316311324,18,41,2297,4,1,10.816770166970604,0,0
143.724268224804,7,20,742,2,0,3.870917560930197,1,0
886.648423548463,16,20,650,2,0,40.03182828879736,0,0
37.53174967840485,1,41,1392,3,1,4.543447945207434,0,1
482.9397099583864,9,29,1725,2,0,33.3089272465186,0,0
539.9542870330588,19,29,2506,4,0,7.63591468153691,0,0
78.17184319512248,15,32,66,4,0,7.820773195109609,1,1
826.7541058263548,4,67,54,6,1,7.896190448507383,0,1
64.98729180338987,1,29,707,1,1,0.2083609416793178,1,1
162.49265546243797,13,79,1741,6,1,7.729138590505742,0,0
573.2070767560391,22,38,289,5,1,18.65165059546209,0,0
26.966055458195804,3,47,1509,2,1,2.6543501939465792,0,1
163.2344187867145,17,63,968,3,1,110.90934749063238,0,1
410.9006644285871,7,34,1410,2,1,4.317479280878539,1,1
104.57078107446364,19,35,665,4,0,1.885377163840224,0,0
214.55961883548437,23,71,1484,3,0,4.31369269182091,0,0
91.2554436441694,10,33,658,2,0,56.982214833364246,0,0
539.2882050795808,4,58,1484,5,1,19.3661565205879,0,0
123.49108280469522,10,55,970,3,1,31.476725207679443,0,0
164.35466158460247,6,77,2586,3,1,5.0396588451931095,0,0
13.63267848396437,20,26,1030,1,0,21.533457804760797,0,0
4.445402971200331,15,33,130,3,1,12.326217652198878,0,0
140.54026470166025,6,76,2175,4,1,2.6799576558919607,0,1
403.924127644106,18,69,2688,1,0,17.1903948770403,1,1
553.6507853677537,2,43,2717,6,0,8.39408733752718,0,0
208.9939417631036,6,58,1286,3,0,35.20680842010017,0,1
26.23156885046213,1,36,101,4,1,0.8952393444330227,0,0
102.79152842937128,5,76,2814,1,0,18.74863590857408,0,0
142.07449414001906,17,49,719,6,1,12.002867068350715,1,0
46.84871978007232,13,22,1202,2,0,12.913949001731444,0,0
291.50505182229153,15,79,2577,1,0,6.216811522595948,0,0
36.5079748940435,19,25,480,3,1,17.744979421582453,1,1
298.63890152748564,0,34,1961,0,0,0.2292203380867949,0,0
98.42605835884372,13,69,946,3,1,1.8425827670054409,1,0
25.01227276081484,16,60,1972,2,1,51.87434430080151,0,1
38.32084450782675,14,39,338,2,0,35.209114642498754,0,0
78.00394282119576,20,22,2803,4,0,40.7136707064593,0,1
8.027683281876447,17,54,1661,2,0,8.433308316057094,0,0
146.25331374118946,20,69,623,3,0,20.050817210391543,0,1
137.41850258415792,19,65,1008,1,1,22.55937333298703,1,0
330.4663145625753,7,72,1411,5,0,10.125961971776334,0,0
99.79228203562552,8,72,1302,1,0,1.513550384843255,0,0
88.0322120152546,17,40,1820,5,1,10.739283881196348,0,0
94.42094843326814,20,23,940,5,0,3.9483194347711352,0,0
188.49295219090249,21,19,2504,3,0,32.279556106140866,1,0
47.31217979000491,18,27,1090,3,1,22.34651090840288,0,0
44.33605705368784,8,42,446,3,0,14.179414794391098,0,0
647.5419284563654,17,32,2538,4,1,16.193566515726666,0,0
34.95769781466068,18,22,398,2,0,49.620891480399095,0,0
193.195993935251,6,53,2712,2,0,16.47219811034276,0,0
205.93775355004695,4,78,1903,3,1,8.558239919305228,0,0
263.52155582609475,9,78,599,5,0,57.63242305079754,0,0
26.935444707962613,15,57,441,6,0,30.648648030253792,1,0
25.829451688325506,11,44,364,4,0,3.294264831052432,0,0
222.17684348401377,14,77,2630,3,0,14.760682401540295,0,0
265.6587157528801,18,53,711,2,0,47.15695192622995,0,0
304.0622882956476,17,28,1427,3,0,38.03023593376261,0,0
369.1826414867269,11,52,2249,3,0,32.034816913171376,1,0
378.224958349641,22,52,1680,5,0,12.703138542736324,0,0
249.39090719848463,8,40,1226,6,0,28.03925666019216,0,0
74.30217137454463,16,66,2159,5,0,44.94933993387606,0,0
4.462649584848536,10,71,2889,1,1,25.067608644845222,0,0
139.92128218234166,14,46,366,4,1,3.276720731726646,0,0
67.69347337781078,17,64,2174,6,0,16.70225131036767,0,0
38.4456380918243,14,38,1179,2,1,34.87844981089465,0,0
212.08921062451017,0,72,2652,1,1,2.006298642713217,0,0
12.68303902214782,21,73,2829,1,0,9.38900126927098,0,0
123.90741675958606,20,40,753,6,1,11.021257025621376,0,1
24.586177950790077,22,54,1839,3,0,21.090790508846105,0,0
333.4457788620436,20,68,2382,3,0,1.3074628532378405,0,0
321.0473211638335,3,45,290,1,1,15.307170623842236,0,0
33.197502079890924,2,52,307,2,0,3.796209897157252,0,0
181.84083319542304,16,66,37,3,1,63.92022633888207,0,0
67.61175969023341,21,32,1755,3,1,3.542915677862226,0,1
327.6176949743045,8,38,705,3,1,1.204790131106827,1,1
27.2784623271347,8,38,234,1,0,18.47374671838034,0,0
97.92065355728816,13,31,1389,3,1,34.88389953832632,0,0
40.13176404734232,22,62,97,2,1,1.3012810154592844,0,1
33.9956825275119,5,24,32,1,0,1.605487415705139,0,0
163.14826524708477,2,44,1959,4,0,48.34668009742694,0,0
326.3510807413153,2,69,2528,1,1,55.9354935849412,0,0
253.6661908158245,1,48,1334,2,0,14.295050478978595,1,0
345.7961427963438,17,73,1983,2,1,1.3693480124529325,0,1
38.110116594534496,14,51,2186,4,0,51.12701647531114,0,0
561.0188838583165,19,74,1840,5,1,1.3225033724662243,1,1
113.28076326264778,17,24,584,2,0,5.103565452709296,0,0
6.16480439871988,7,47,541,1,1,3.4438694588255543,0,1
50.084233103818285,11,38,1478,3,0,0.8935263765190318,0,0
92.55702200487394,16,25,2615,3,0,50.38688447925476,0,0
11.606740174359164,20,22,2157,4,1,17.45521753588876,0,0
28.24058380703329,18,61,1694,2,0,52.20942572529282,0,0
22.5437829529356,21,31,1893,3,0,7.607741961015316,0,0
265.6240999476924,1,40,2178,0,0,28.134017056640637,0,0
83.27769147665055,8,68,939,2,0,3.774353460443049,0,0
136.57045175781997,22,44,166,1,0,22.46162173841995,0,0
30.11164928283852,13,31,2548,3,1,15.297288637022785,2,0
413.71428344233766,7,28,2627,1,1,35.123622560977374,0,0
93.06922006654966,11,75,622,5,1,14.931948729264068,0,0
432.0001838133101,3,38,1690,5,0,75.10014846342129,0,0
23.4687599253517,13,50,2963,5,1,91.15436740641422,0,0
35.960799723966694,20,60,1216,3,0,29.20855372730104,0,0
602.0242861835042,3,59,2798,3,0,8.086807575191383,0,0
283.17180677474585,16,47,147,4,1,41.62274273295223,0,0
424.47277019971193,4,60,1274,2,1,55.67340012223896,2,1
179.7589048373838,22,67,1387,3,1,0.6563888314846751,0,0
228.19916414744807,6,32,1797,6,0,15.166482809219987,0,1
262.3702690124477,14,63,554,1,0,0.8340914581735204,0,0
52.797843678350986,0,28,2416,4,1,9.513311086760664,0,1
59.44374818532091,16,53,2989,3,0,31.73224317950806,0,0
34.20604099701337,7,42,537,2,1,8.172958107183842,0,1
200.73946638690728,10,59,88,2,1,36.99516254103894,0,0
308.03052694861856,17,20,2357,4,1,57.49351217279083,0,0
18.746372219254106,14,36,2419,5,1,91.2048583312434,0,1
294.07281679195654,11,42,1970,0,1,5.972801724545875,0,1
244.06855282395964,5,63,715,3,1,24.208687009383837,0,0
149.3492634304409,17,65,2451,2,0,44.27877781934394,0,0
188.325511638364,13,18,2461,3,0,4.688694664737595,0,0
140.1910354737368,6,54,2798,7,1,3.623395515796448,0,0
31.774896625894527,18,27,2028,1,0,16.064282997266563,0,0
475.00001644670107,2,43,667,2,0,35.651945881118934,1,0
616.0447572883418,22,66,2426,2,0,20.953791525383743,0,0
209.24976833979017,8,28,1895,2,1,0.5788101709148542,1,1
529.6585189086856,1,40,2310,3,1,58.12905630853287,1,1
41.41559642921417,8,76,2636,3,0,27.784362328082658,0,0
74.05904146117665,5,48,2735,6,1,0.9963095439278112,1,0
48.20455036504154,13,38,167,3,1,0.6595924139595961,1,0
55.3522530882859,13,32,423,3,0,5.382766979151711,0,0
10.082069313839291,19,53,1535,3,0,42.19946473742765,0,0
475.4510184390181,2,40,2731,1,0,19.749835740480943,0,0
36.18445317094126,12,44,131,3,0,13.936071420027504,0,0
235.5384083915408,12,30,1030,1,0,0.8015605377062086,0,0
13.296182219192278,4,24,2125,2,1,24.24794957192161,0,1
329.0865070249198,16,37,2428,1,0,7.608656929432257,0,0
150.93384379572575,22,52,2750,10,1,12.581083288918984,0,0
629.9391460341037,21,25,540,1,0,14.916956889000394,1,1
151.40392750266452,0,36,1171,0,0,73.8095959127215,1,0
616.3959516959197,7,52,1576,1,0,7.9462322786156,1,1
143.69408438680708,21,28,2728,5,0,11.274759078786634,0,0
155.66567458677972,4,58,2755,4,1,18.312617658494847,0,0
18.62700444125934,20,65,568,3,1,6.075370189329772,0,0
1.975232339850701,7,69,1290,1,0,13.116331543077372,0,0
293.7017809618592,18,36,2786,3,1,11.973916426513115,1,1
417.0388699733221,9,38,2495,2,0,22.527420097676508,0,0
45.07795149260442,13,40,1879,3,1,3.7429519898440766,0,0
72.3404045327005,12,57,702,4,1,3.8719827728930714,0,0
213.51683813684184,12,65,410,3,1,46.31381405062351,1,0
46.97957251689074,16,47,1626,3,0,30.21000015435571,0,1
78.40991325684686,10,39,1884,3,0,84.76936494030008,2,1
180.9638648177892,6,39,2775,6,1,29.159977875075064,1,0
150.0186384974145,22,32,2247,5,0,23.148576979443177,0,0
126.62137985304751,8,25,2921,5,0,74.70198655662355,0,0
859.2750870183411,21,24,351,2,1,26.43517515573654,0,0
58.01673985188198,20,58,1044,3,1,11.609524245155782,0,0
923.2228930835944,4,25,1550,0,0,14.968642300576512,0,1
589.6366761707363,5,36,2511,1,0,33.1856057040253,1,1
112.95364976539123,14,36,2743,5,1,5.499829399741369,0,0
67.31384381201518,14,45,667,2,0,10.91745235299858,1,0
80.7155453139003,21,63,2401,1,1,45.29562530074347,0,0
365.394070602594,9,31,779,3,1,11.007705890452694,0,0
89.07744741041436,6,59,2108,2,0,24.42480169977429,0,0
1.3622636950771423,22,70,1335,1,0,2.3108298850539284,0,0
447.8451799614207,8,46,185,8,1,17.634849789900294,0,0
365.4944015809626,6,40,822,1,0,26.908343243808535,0,0
540.1540171939713,14,50,589,2,1,21.350119746612428,0,0
284.08175668183884,19,59,1251,2,1,12.626727563235804,0,0
49.37757301670222,6,72,1096,3,0,14.066950128033543,0,0
116.39312481307272,3,76,1452,4,0,73.24122883043462,1,1
4.552282833886996,3,34,641,3,1,21.637750963343613,1,1
350.2747441048288,13,74,1803,4,1,41.064546616524574,0,1
238.1590804842675,3,30,1789,1,0,7.728027704019301,0,1
44.66726679145959,10,73,53,4,0,7.677539756588708,0,0
246.72540548133333,16,34,1440,3,1,12.069535212639371,0,0
267.7825756869401,5,22,1000,4,1,85.0821524168447,0,0
311.09789403227023,22,72,2306,1,1,5.665155470628964,0,0
41.19237549486616,15,69,896,2,0,10.425636811989786,1,1
81.98884312148088,9,48,838,3,0,38.4149135471105,0,1
191.22701416354252,13,25,1567,2,1,12.358460784802997,0,1
502.75575838179,18,77,818,1,1,5.219806211395788,0,0
420.9357835819459,23,75,2279,5,1,17.068336215480983,1,0
558.5579211112471,1,53,1938,2,0,26.594168510455084,1,1
18.954240130102956,16,52,957,5,0,13.73355432405642,1,1
160.8161806149805,20,22,1920,8,1,30.668698126361576,0,0
543.7201055091848,1,76,2576,2,0,25.19078219980152,0,0
259.67027012414303,8,59,176,2,0,6.094009052810336,1,0
28.05335592202735,22,76,1013,1,1,9.17727415081166,0,0
84.91414813846046,15,40,2500,5,1,8.442786580559163,0,0
75.82302194710839,1,78,129,4,0,10.846024276253477,1,1
332.2937596976941,22,24,2579,2,1,3.134603794685235,0,0
125.72791541663808,6,45,2284,3,1,58.857848552816286,0,0
60.10657813564949,15,61,786,3,1,24.97087072028782,0,0
245.2726702691832,4,25,2267,2,1,0.994793686177023,0,0
0.644690670446925,6,21,1564,0,0,42.14269381443384,0,0
283.1942447448347,22,71,2877,3,1,1.6150891348754424,0,0
172.9327070408071,18,32,490,4,1,1.5658399523279996,0,0
220.9119197363567,1,61,667,1,0,1.070776327837054,1,1
337.67483112710266,21,64,101,3,1,38.7739577381997,0,0
50.225255946101946,16,46,2634,3,1,5.257307650179678,1,1
144.40583100662553,5,49,2066,7,1,15.836876489187308,0,0
90.05896097459647,12,63,2392,2,1,68.953926518343,0,0
94.72266269381812,18,34,2709,2,0,45.05437637728938,0,0
172.05730655612012,23,44,1922,0,0,32.91162394901421,0,0
64.31098476266133,5,79,2236,2,1,12.890869070050517,0,0
3.634129282832893,16,24,965,3,1,9.786835924941109,0,1
473.8250236290968,13,31,783,5,0,15.87220984774677,0,0
56.732379259145446,16,19,492,0,0,42.42407330959981,0,0
51.562800451625534,16,73,351,0,1,28.743565853029843,0,0
398.9257001267998,20,21,2993,3,1,7.621309042750336,0,1
13.75500599528558,12,50,1993,1,1,46.434097713800384,0,0
160.28790492717852,3,38,2175,0,1,9.905780193112223,0,0
103.18061776289524,0,27,1414,3,0,11.687105874894351,0,0
658.9725943615852,22,51,2389,5,1,16.063222608484978,1,0
19.153718525268367,17,67,1318,0,0,54.03308178923558,1,0
93.91177619454292,9,46,513,4,1,28.15458032896896,1,1
383.9365202378812,12,25,2710,3,0,11.72911033316942,0,0
281.4114905325171,0,48,2036,3,0,14.77627353992171,0,0
298.44907542762815,0,61,1357,3,0,25.11506761689965,0,0
28.349992265950775,1,47,2088,3,0,10.382018790608363,1,0
128.90564349149426,5,39,988,8,0,5.918469823080309,2,0
135.66565723792547,12,47,1824,4,1,79.00772597808142,0,1
134.8451046077809,22,71,2506,1,1,0.6798847591757404,0,0
21.98721172027456,11,56,1095,5,1,8.087624812341394,1,1
494.173052825106,22,37,1006,4,0,9.360499366118038,0,0
126.46748439864382,1,22,2965,1,0,22.247060904446585,0,0
30.59396823564051,14,29,2710,3,0,20.50293833174953,0,0
115.1670929650264,15,73,2188,2,0,6.084943794294128,1,1
22.33169355998751,15,75,744,2,0,0.0290696182905311,0,0
39.07694229383437,7,22,2416,0,0,12.494836066730349,0,0
47.39015948389249,5,66,2363,4,1,0.0685022462576057,1,0
174.94275525493467,1,65,1170,3,0,0.941361311187548,0,0
197.59434109241533,5,39,1436,3,0,0.9779267805184576,1,0
241.37252666841945,15,63,1893,2,1,0.0280986597179909,0,0
111.73002422222524,8,54,2771,4,1,6.610486250440134,0,0
57.84846247824049,7,67,2214,3,0,19.550692690428072,2,0
124.8549565552647,15,74,1006,2,1,9.784330596253568,0,0
4.299772832052263,17,33,1497,3,1,24.597231843435324,0,0
293.3316652340383,21,31,1690,3,1,5.522178665285501,0,0
87.83726749397677,22,56,739,1,1,24.89937622728245,0,0
86.66488161807587,18,32,1116,4,0,32.90833290934583,0,0
370.7178272935842,19,48,827,5,0,27.74231863262141,1,0
89.63780044862875,18,49,881,6,1,79.15095218223426,0,1
471.5152367539839,4,27,1458,0,0,1.212720557613142,0,0
349.9900093680927,0,54,1163,2,0,19.57969650037401,0,0
85.79749268688033,12,22,1012,3,0,28.78913536608358,0,0
132.66282482322637,23,79,239,3,0,9.266373702627114,0,0
46.59429789988924,1,23,673,4,0,41.39340046208419,0,0
633.8794009203831,14,38,1753,1,0,83.28968798787174,0,0
378.3912154926802,4,68,1256,6,1,27.509573055936624,0,0
236.31806247620605,15,75,2921,1,0,28.18365776723505,0,1
60.504604983823285,6,50,1554,4,1,3.7668155622631976,0,0
34.046002233042685,4,39,2757,4,1,4.843523116874321,0,0
116.23350361264926,18,24,937,2,0,3.07744470667073,0,0
7.247800582298397,14,38,1493,4,1,17.647374108384813,0,0
64.42190399602585,14,51,2127,4,1,23.64780096630529,0,0
263.8942518849676,22,20,1132,1,1,11.291323179200354,0,0
81.14277931803375,16,22,2260,2,1,8.163926884464809,1,0
116.88630447439306,16,40,2748,2,0,45.20950489247543,0,1
80.83004173809955,14,62,795,0,0,14.640720061239987,0,0
20.54170441824098,11,57,1586,2,1,37.91332822759087,0,0
450.98337961180414,9,28,552,3,1,1.7524565117074908,0,1
94.58096762479693,20,38,616,6,0,32.82817283968869,1,0
1178.3527968204703,17,76,2929,3,0,42.40414422426351,1,1
285.4523580790317,13,53,647,1,0,1.3003996332236771,0,0
75.54692536605245,5,24,1929,1,0,39.100637104952106,0,0
59.54088348821933,16,43,2701,1,0,4.2082293395613615,0,0
157.82137335253003,23,29,1390,2,1,44.331931650024885,0,0
97.89438638247168,17,71,331,1,0,53.4050766843922,0,0
58.13807426447018,3,32,1518,5,0,14.358600577572783,0,1
346.3251482455345,2,27,45,5,1,58.459417561293975,0,1
381.4131215595382,16,35,2983,2,1,8.481902569862683,1,0
146.11393504302592,22,31,2642,4,0,10.23018736048603,2,1
11.57114665598596,9,61,1814,3,1,10.104886009025346,0,0
666.8193705067521,16,70,379,1,0,3.339602974077631,0,0
353.9727542606882,0,26,2172,3,0,6.086069104419121,0,0
432.437273890049,9,43,913,4,1,14.153868618847048,0,0
26.924728383328745,7,18,712,2,1,12.056998405288091,1,0
48.47644176199476,1,53,1948,2,0,18.7068776926778,0,0
57.77097862495096,2,47,1420,4,1,0.0506103179270844,0,0
24.522731358721373,21,27,2007,2,0,24.001639754362277,0,0
746.0563700635516,9,23,1919,2,0,21.19962100614427,0,1
333.3123355804931,8,41,2333,4,0,11.056259907305414,0,0
206.2111356611753,20,44,2826,3,0,22.150194698367866,0,0
2.569520936724482,0,31,1903,5,0,19.78191176834176,0,0
56.47251331070885,15,53,771,1,0,30.71384618114352,0,0
13.57571740175722,18,69,496,4,0,9.619135457272828,0,0
366.26845470288833,5,68,2464,3,1,2.2476078685319014,0,0
5.149554798022746,12,19,1661,1,0,18.890089481441667,0,0
53.15705194003603,14,59,1339,1,1,4.577424205306826,0,0
97.5686622727609,3,35,1415,2,1,4.502888760225827,0,0
184.87116454215783,14,30,890,3,1,0.8743452585928295,1,0
151.99003177138664,7,78,2614,0,0,16.650264459819194,0,0
58.012258998441055,11,51,613,4,1,26.734267322310245,1,1
261.784545823174,6,19,234,5,0,8.445803858141607,0,0
167.33813210412197,2,65,640,3,1,22.79608095012452,0,1
71.69681896743889,12,23,2427,3,0,8.288182189647042,0,0
346.194672751058,21,56,1089,2,0,23.57070292270909,0,0
385.30424293012,8,43,1763,3,1,32.06464030388895,0,0
89.09846846298983,18,21,217,4,1,3.131828199672764,0,0
176.26947556145814,1,71,1991,3,1,39.53523347121572,0,1
261.38191421493747,9,77,2365,8,1,13.14559317182505,0,0
77.22038090910907,22,33,659,5,1,5.22259046434778,0,0
54.679868406926055,0,27,2192,1,1,1.4728372371005929,1,1
20.338906449370395,1,38,2992,2,1,20.99475635722301,0,1
385.5809943812893,20,34,284,1,0,1.2175964193944393,0,0
208.55216319051328,16,34,1088,4,0,16.77413744447087,0,0
33.63309409562946,0,73,1551,3,0,42.0054833506199,0,0
25.18889289720681,22,62,2393,2,0,19.393698078761528,0,0
117.05236259366998,19,42,998,2,1,6.540118493252455,0,0
25.15002396582153,9,34,2994,4,0,23.72797290353487,0,0
110.39378944872604,23,29,1119,0,0,32.887923209578474,0,0
119.25789529683068,23,44,2135,3,0,21.73934571028362,0,0
450.92128544067424,13,53,2942,1,0,29.896967893643204,0,0
405.40212530580055,1,54,1931,3,0,7.18616998819268,0,0
182.210882476655,7,34,465,1,1,0.5788290408040143,0,0
97.25838641973871,15,72,2608,4,0,27.76914250179745,0,0
196.82524115640223,15,29,351,4,0,44.9173355370266,0,0
151.90781854896943,13,45,1161,3,0,1.8760555050596397,0,0
25.38730994599573,22,36,2653,3,1,1.8053374345836328,0,0
256.3523606131608,19,55,2606,5,1,0.0717438773882795,0,0
219.7477725735312,4,57,484,2,1,4.373946405355528,0,0
162.76687174231915,5,47,2220,2,1,32.046687292135644,0,0
119.17205391634636,0,37,535,4,0,10.059404794321946,0,0
128.47622832931873,20,49,1682,2,1,26.097494497570796,0,0
7.703369556829247,23,38,2447,6,1,12.791043353268428,0,0
6.613382669997142,3,20,1558,2,1,26.86498897248828,1,1
99.66254993948898,18,31,810,2,0,4.8931101870942015,0,0
71.15888739842575,4,48,1701,4,1,2.5482608690348267,0,0
64.6809482616204,5,62,588,2,0,39.25402460152961,0,0
136.83404533261373,8,59,2926,4,1,35.64981711979997,1,1
413.621690105182,12,58,1628,0,0,20.362217942933047,0,0
23.19047483354707,20,64,2199,1,0,0.4075457440828237,1,1
51.18230918066684,1,78,641,3,1,30.089719162448016,1,1
108.46576073901444,19,24,1792,1,0,22.216616986288248,0,0
53.676113328313455,16,73,2090,2,0,32.35414931122665,0,0
536.1562413220563,21,26,2759,6,1,0.6406795076348332,0,1
104.0557863116872,18,24,798,4,0,46.26012354553776,0,0
246.8176899412562,10,68,2324,2,0,17.675774051602676,0,0
412.4923775796897,21,22,1357,1,1,23.298615874840483,0,0
155.88720345312657,12,27,2897,3,1,16.326169955646353,2,1
160.2177434672938,23,30,829,3,0,30.42192018019041,0,0
110.8704899206723,11,26,388,7,1,41.31163888922827,0,0
35.16167170001257,21,75,2800,2,1,13.313340733384983,0,0
7.480765183071454,20,44,574,2,0,11.832201879325964,0,0
153.54616405525263,14,18,198,6,1,4.283816183547759,0,1
215.1169771783742,17,50,563,4,0,17.288141883425112,1,0
316.6204446213094,2,28,243,2,1,28.68340692450406,0,0
323.2442316130316,15,67,178,3,0,31.550217083437225,0,1
74.8119067077543,23,25,1654,4,1,22.96444633434712,0,0
1077.2773336994098,4,40,529,4,1,54.56345886077344,0,1
222.98461952178997,6,63,1237,4,0,8.409435319017778,0,0
251.2195018181348,21,59,1424,4,1,0.719280151700824,0,0
363.381636294305,12,23,1939,2,1,18.53679323732412,1,1
651.9991678336318,18,43,1108,1,0,44.57504875187784,0,1
264.9655549905803,16,38,1594,6,0,10.782330804112334,1,1
25.785125888221287,20,37,1706,2,1,25.951892559818276,1,1
93.46043749502772,15,63,1830,2,1,4.343383962464205,0,1
220.2578167304761,20,44,1897,3,0,10.97792870185974,0,0
80.3637602502602,21,61,2242,3,1,2.345357450243385,0,0
137.1229161872084,18,72,2565,3,1,41.17810681679956,0,0
73.18143537444645,18,78,1011,2,1,12.678330565728071,0,1
99.36386747118613,3,52,2498,1,0,22.142052595130725,0,0
495.2520371751757,6,79,361,5,1,82.80822778274361,0,0
788.9941703090776,1,40,2798,2,0,13.350631182396372,0,1
16.943812500787654,2,47,1773,2,1,16.025775328681,0,0
55.0273089236741,16,23,1572,3,0,10.953609570742302,0,0
138.87929935427871,22,34,2541,6,0,13.293723403256186,0,0
6.289008945167307,20,33,2980,4,0,12.239296673044205,1,0
17.855548536898656,21,66,2481,1,1,36.89360013523413,0,0
140.11161923173876,14,68,1161,3,0,22.92320161994202,1,1
76.5461432836637,9,19,1005,4,1,36.48611062460362,0,0
35.40314889653688,6,70,595,3,1,3.508800323687973,0,1
286.1675484178223,14,41,580,5,0,26.920347849731204,1,1
22.3817860070722,0,24,756,7,0,27.160737752549068,0,0
89.3000524039034,6,63,759,1,1,34.18744620212925,1,0
251.408591152356,15,55,183,2,1,36.76206041180959,0,0
549.5784359757096,7,20,1774,1,0,28.89414770402184,0,1
237.37118082640004,1,29,2728,5,0,47.97665119636108,0,0
27.63761502153696,23,72,667,5,1,1.9139389664815376,0,0
540.2179665330414,3,49,686,3,1,27.999169834629217,0,1
418.5517286459543,18,64,2303,2,0,15.707090801409754,0,0
115.13019832739178,20,52,2201,1,0,32.26595811402088,1,0
266.3122956534074,19,38,2181,3,1,3.901123516366704,0,1
488.8434688339588,13,62,831,4,1,63.00427226554071,0,1
157.40415606941272,1,49,794,3,0,22.16824639080455,0,0
9.935600456137305,3,19,2466,7,0,0.8038969665578979,2,0
56.932258454812704,14,45,1029,3,1,23.99186051993464,0,0
29.42608976390401,19,43,420,2,0,25.21989692714376,0,0
84.62915069717715,22,54,1002,3,0,1.097358001150851,0,0
0.1579645842481071,2,24,518,5,0,30.55847874105025,0,0
15.103449325716037,13,21,628,3,1,9.07040470312481,1,0
114.5573331708217,20,58,2955,1,1,63.01696420032825,0,1
27.998301502836537,21,38,993,2,0,15.404595613476712,0,0
20.960184714101608,7,47,1695,4,0,20.647333876168958,0,0
128.73083392705854,11,61,130,1,1,45.75308300537641,0,0
251.86234492962024,17,34,2754,2,1,24.88966887474386,0,0
266.9640888288661,1,45,2836,3,0,4.745506658729452,0,0
7.40350404302436,10,78,981,2,1,6.584520136361594,0,1
14.887679385501972,2,36,340,4,0,89.5990729798431,0,1
93.87680093101233,22,60,1981,1,1,28.813679273732056,0,0
35.39120478681661,23,52,876,4,1,3.0299202300464234,0,0
92.76071815125889,2,74,1452,1,0,12.940863955471167,0,0
240.33703203293103,4,72,820,3,1,3.766319754255627,0,1
101.52853170116484,7,66,2800,4,1,10.525836428468908,0,0
100.52299731690822,3,77,189,1,0,4.248673677915623,0,0
197.5348346016044,16,66,2331,3,1,10.344614948568786,0,0
302.0113754141812,11,33,1213,1,1,9.037422816808128,0,0
104.4478663902047,20,37,547,3,1,2.240424298011984,0,0
401.3310005885194,12,19,1516,5,0,13.715200398937212,0,0
89.59355481473119,12,34,1466,3,0,29.899815931091386,0,0
709.1353475526076,22,71,1512,2,1,10.59406870634298,2,1
232.28003110578095,17,31,2285,2,1,26.411438206790635,0,0
55.30920222135497,8,63,67,1,0,20.369277246448043,0,0
98.3870685422813,19,35,2605,2,1,75.45814156833318,0,0
283.981146232072,10,25,441,3,1,32.91872372421163,0,0
70.2829379464611,6,62,2249,5,0,1.1603482353878372,0,0
146.8282893238613,21,23,1979,2,1,11.065131502495191,0,0
3.9694281377341656,1,40,30,3,0,10.030565714775928,0,0
48.03540167001057,12,36,2962,4,0,5.187940719562634,0,0
331.12112595127974,4,26,568,2,0,11.556737984544167,0,0
31.90527684537657,17,28,1263,3,0,7.527175865527052,0,0
391.3344475292397,7,18,336,2,0,23.3304847612831,0,0
526.7243008232468,8,64,834,3,0,3.849865218718128,0,1
21.056965272113278,18,50,1383,5,1,54.88355379743504,0,1
118.07719117630688,7,61,269,2,0,8.796378444336014,0,0
261.3046758672252,8,18,677,0,1,8.669931652319258,0,0
123.38030707949386,19,72,2208,5,0,9.696976694032235,0,0
87.56095119189125,12,29,2026,4,1,30.169057676825343,0,0
20.32789707668261,19,53,2112,4,0,10.66811872645176,0,1
4.834808634571605,21,57,2467,2,1,62.32361424622633,0,0
276.9596978181254,9,69,1547,2,1,5.837039950729789,0,0
267.2934629396091,16,70,2212,1,1,30.34784250035084,0,0
150.23057854796176,22,67,822,1,0,3.818794892385985,0,0
235.2996759849504,9,79,2896,0,0,3.573481434120501,1,0
255.34788671034516,3,44,773,1,0,12.897781935202682,0,0
109.06111998609715,19,78,1154,3,1,12.243970224664638,0,0
180.97858765190367,11,32,1023,3,0,16.139370213623977,0,0
299.5909006687174,17,50,2371,1,1,18.21169771447363,0,0
7.33670112226542,10,50,2804,3,0,16.553185827318824,0,0
90.23875860996156,14,69,1813,1,0,2.2259951378871285,0,0
35.99711672730946,0,60,970,4,0,22.2301224601908,0,1
35.51450875970192,4,65,2647,1,0,78.33739338951422,1,1
211.27824425034203,9,68,2729,5,1,32.1237716095016,0,0
10.73456765916481,7,65,2389,2,0,7.974056033338276,0,0
197.3739725017392,2,67,197,1,0,30.716769250602564,0,0
77.62427370931114,19,72,2988,4,0,20.8809345511417,0,0
172.58556448640948,8,56,2376,5,0,21.29337905296389,0,0
38.206739315237066,7,23,1598,2,0,12.380237812876768,0,1
100.93976138574236,7,77,859,3,1,2.766855616239305,0,0
72.17414841186984,19,18,2108,3,1,8.292120023877633,0,0
74.12339713489892,20,30,842,3,1,2.9341089772681563,0,0
139.8868021650587,4,64,2219,1,0,4.124138436818579,0,0
223.7986017718177,5,56,1365,1,0,11.029589553102436,1,0
340.73298400119245,4,67,121,2,0,132.00493435771654,0,0
93.65575857042948,15,56,2336,2,0,21.684213908905612,0,0
18.393783420810145,15,73,1787,3,1,5.389054091394976,1,0
16.35836657207217,20,55,551,5,1,0.3763183800329022,0,0
80.90016854010477,20,33,2960,3,0,7.348180437677691,0,0
49.45364737348612,3,37,1482,6,1,1.6040777581838952,2,0
80.33236737268501,5,54,1754,6,1,6.910142285220635,0,0
97.98332239331272,12,21,108,6,1,6.145006568580582,0,0
216.81040067660527,9,45,271,2,1,29.294195204078463,0,0
201.08124494348036,6,30,135,2,1,4.960508160414395,0,1
8.390018816146064,8,44,1216,6,0,4.5982670490458215,1,0
18.554774320512347,21,44,927,3,0,15.953277356848956,0,0
16.690105421241462,12,60,453,5,0,20.135508082066448,0,0
76.78495209076662,12,34,402,4,0,7.30638494872736,0,0
143.36811182721735,20,62,780,1,0,6.288001337249966,1,1
14.121472540822042,11,64,950,1,1,5.00530691127776,0,0
69.48325140732948,0,23,1676,2,0,1.6216387509557495,0,0
55.203792370059865,15,41,2059,2,0,13.946506346682895,1,1
73.81679470008577,6,55,1207,7,0,21.970478796969637,1,1
135.37235516112688,15,56,429,4,1,19.80061346642753,0,0
128.78342493375635,19,52,2554,6,1,5.433568751674132,1,0
0.2949818460770116,12,62,214,4,1,19.72782885733408,0,0
96.23383116586515,3,49,2390,0,1,1.3040786562938436,1,1
144.69379492541023,0,55,805,3,0,19.84063706552301,0,0
135.39842437228535,9,63,1472,3,1,7.396966622942354,0,0
365.6911128429573,19,44,776,4,0,4.847640518663866,1,0
60.68254627127664,1,61,2992,4,1,23.89300701893585,0,1
63.57751250924022,15,39,1589,4,0,9.320795432048868,0,0
41.72551517458537,13,29,2768,1,0,29.043470389968935,0,0
81.30680036029615,13,37,2889,4,0,3.964423543875685,0,0
59.36651540032144,1,78,1335,2,1,18.298477873761133,0,0
49.57792589440459,0,71,1707,2,1,9.69119502573646,1,1
175.77818527564867,18,32,345,3,1,9.147264132173609,0,0
256.0778742489819,11,30,1650,2,0,12.391447972840732,0,0
594.3660344404014,18,66,827,4,1,36.70426594872232,0,0
10.841667349013097,3,56,986,4,1,1.4827926307911237,0,0
146.2905611520304,16,76,123,2,1,11.8055951497299,0,0
68.27090969701284,5,56,2743,3,0,47.37820404505494,0,0
257.49203505624394,18,37,811,2,1,26.91023968970115,0,0
257.1672729558887,21,67,1897,6,1,50.68622451237375,1,1
219.29122262551888,1,35,990,3,0,0.0530402163909804,1,0
215.1073987336177,4,23,1331,4,1,6.111033073022942,0,0
104.90098230078868,8,57,380,3,0,3.271511783576166,0,0
218.2594527572664,0,48,2598,2,0,55.91984760712323,1,1
115.75130818466658,17,28,774,1,0,3.5910967099115214,0,0
78.6946453084272,2,62,1846,3,0,21.156852964942,0,0
143.84679726237854,17,48,1438,1,0,0.7408264614610132,0,0
746.0555169071689,6,22,2400,5,0,20.0917779364316,0,0
98.44210885223578,19,67,2935,1,1,17.62632248832419,0,0
118.37623701721772,21,38,1553,2,0,2.8402370180387786,0,0
0.9904445947655232,22,22,1439,4,0,10.550733326128476,1,0
140.61235526244158,7,67,1279,2,1,37.78328507498769,0,0
173.7804767570544,20,35,1079,2,0,31.22288204010006,0,0
217.74978496671412,11,62,1499,2,0,66.04310449348958,0,0
104.63549367425338,19,72,1091,3,0,20.37153765700183,0,0
63.12705797208689,17,21,1595,1,1,19.28045977155936,1,1
223.25788005109385,10,41,1181,2,1,31.74210407989457,0,0
179.49761531761496,21,76,1801,2,0,2.507435868472612,0,0
100.82643918435608,23,66,943,1,1,13.638059004151506,0,0
180.9234594258293,13,48,2001,0,0,22.16539736341221,0,0
2.496321695005604,8,22,1673,4,1,4.4161995432257415,0,0
10.674097135801606,4,24,1744,1,1,11.50623001785081,0,0
99.19819700467517,20,23,1353,0,0,5.033355909536472,0,0
2.2837178865083336,11,20,2738,3,0,21.30597301013881,1,0
47.507139130958,9,60,2038,3,0,0.0866831083379983,0,0
95.43348742035074,18,27,1830,3,1,0.3722186473607678,0,0
27.296933345862445,9,51,2010,1,0,5.598175775557269,0,0
47.867312165028295,20,66,1633,5,1,1.6544303933471214,0,0
357.7492548385835,6,40,160,2,0,72.27762964704966,0,0
373.0220306496266,4,42,175,2,1,17.26032944840479,0,0
487.41588793589005,19,73,1220,3,0,24.944267005525976,0,0
218.7468458815025,23,35,2800,4,1,3.978030062211051,1,1
175.67528648552403,22,37,810,7,0,22.270986234399683,0,0
66.89159933274841,1,22,521,5,1,17.245028539442895,1,1
303.0189568652909,21,30,320,7,0,23.927334567038223,0,0
84.0223839512816,3,69,671,2,0,31.68832205305923,0,1
224.7203089288612,9,32,1466,5,1,1.7637889920375058,0,0
83.5795306922338,12,49,180,3,0,6.842248004225308,0,0
74.79366789280813,3,58,2861,2,1,24.501261983810775,1,1
423.7824697954126,6,55,2633,1,0,2.8521100943111484,1,0
311.8189469560257,22,34,2291,3,0,43.9497272796516,0,0
25.649322333182624,22,36,1188,5,0,2.403417262944689,0,0
327.68533687302386,9,45,643,5,0,6.572260443694535,1,1
47.93201627577158,21,47,2951,2,0,15.035557426184596,1,1
6.851303045515957,8,39,1248,2,1,6.257103578145118,0,0
8.623356060082276,13,41,2702,4,0,19.407353891203552,0,0
106.61236475287748,0,35,1176,6,1,25.61994455298253,0,0
380.2470988526221,20,55,2563,3,1,2.5396481611217663,0,1
83.73491870901853,22,60,2587,1,0,11.09968219804365,0,0
97.64580716124998,1,59,2950,2,0,15.24811005466056,0,0
81.59622511275056,10,27,2472,2,0,82.61777209036511,0,0
20.08240345822516,12,61,1746,5,0,12.516222901992467,1,0
47.238686749926416,22,37,2894,4,1,7.997788093396959,0,0
81.33607596551768,20,48,2145,0,1,35.60756435631623,0,0
180.39958612113685,7,70,122,5,0,8.282951234519127,0,0
170.0866833425712,14,58,351,1,0,5.133580025922737,1,0
97.96761929882844,8,31,1987,2,1,68.4164576896481,0,1
83.69015975483455,14,75,2102,2,1,31.71191210902876,0,0
680.645252901393,5,58,622,3,0,25.25180440557841,0,1
56.88674289142449,2,27,2572,3,1,17.073328715092977,0,1
340.765945327789,14,32,1545,3,0,0.0414715512432447,0,1
109.79059418306171,19,44,958,4,0,14.3032177636199,1,0
126.16953130916151,10,79,2206,3,0,23.98729780631541,0,1
97.37964767167718,17,58,534,2,0,7.598109548951943,0,0
2.9604811388883414,12,55,158,1,1,11.651134250484636,0,1
79.14099051033851,22,27,1962,4,1,13.87282011344176,2,0
158.3412318337563,7,74,1573,4,0,10.680417533487995,2,1
286.2784225207454,3,56,737,4,1,17.863768944620773,0,1
190.01691557042915,23,46,2896,1,0,2.580612328592999,0,0
384.32342563786506,4,71,2157,2,0,28.07401216177025,0,0
1.6797707424233577,21,28,1167,5,1,11.660575931786044,0,0
142.469618060364,2,73,2024,3,0,46.38637283300538,1,1
480.6727687610114,16,74,2094,4,0,2.95987083512667,0,1
37.237244452702434,22,54,2376,6,1,53.74435637356243,0,0
510.7827223873424,14,57,390,3,0,10.216813401846297,0,0
539.7502386392767,9,24,1552,5,1,2.7016830116530377,0,0
131.12795092716115,6,75,552,3,1,3.041715835637964,0,0
288.1880534235472,3,60,1463,5,1,3.0430719629209984,1,0
35.10520337826965,5,49,1760,5,1,33.000858947045145,2,0
654.3419502490059,3,34,1860,3,1,4.999807470127557,0,0
84.3126896638384,15,29,2111,4,1,11.986438459411676,0,0
316.18045343483374,9,63,1393,2,1,13.366674812835107,1,1
271.1858032418981,3,46,2696,4,1,13.041600065825916,1,1
222.68825670382043,21,79,275,2,0,40.804356587465485,0,0
306.871165245739,8,46,1220,3,1,46.958686163310325,1,0
108.17484540587895,5,29,937,3,0,10.617718057497992,0,0
429.7149434968309,7,76,1537,2,0,2.1427160329123045,0,0
295.08907554513064,19,68,1233,2,0,9.194693903387977,0,0
321.8910642808085,14,46,1684,2,0,24.504728431463217,0,0
3.649310531666825,8,42,1739,3,0,2.032607351091332,1,0
173.4014920665989,22,64,2960,4,0,1.280975810996019,0,0
498.5399687075283,14,47,1571,5,1,19.778543052545896,0,0
782.4592405167873,21,64,2266,6,0,11.46372098276568,0,0
28.066609073845424,7,49,2388,1,0,3.2965886629520664,0,0
253.12498249779787,7,38,147,0,0,28.861788136394274,1,0
129.27195733805237,1,45,563,1,1,3.955303732326344,2,1
123.27524133327093,6,74,400,5,1,13.676986667992248,0,0
63.47836286486624,13,66,2683,4,0,11.759056305937214,0,1
1361.1502439778565,21,79,693,2,1,14.197037840264615,1,1
47.323018247249706,2,30,2382,3,0,28.103814446536628,0,0
367.0704980823026,21,31,2557,4,0,31.78928606618712,0,0
612.8329215016036,0,76,1807,3,1,31.05017403170444,0,0
187.25027165496397,6,70,728,3,1,22.01703574843073,0,0
38.647846665871946,17,61,2438,4,1,40.11828179556889,0,0
497.19585245121925,23,42,203,2,0,6.5922697061854585,0,0
554.6788890529667,16,36,1657,3,0,29.171054019281925,0,1
342.8132365020619,0,29,2090,4,1,21.70999131937561,2,0
163.366553158371,16,47,900,3,0,10.541195575592914,0,0
42.246330115824925,22,42,1522,3,1,12.91058793364954,1,1
140.60372920966986,5,61,408,3,1,1.6247529203654043,0,0
177.04073056756465,18,34,1981,7,1,52.91284026695513,1,1
118.59971828494513,8,49,2390,2,0,47.01456911313436,0,0
135.0990707127949,20,78,365,3,0,45.7912146295194,0,0
243.38262852702485,11,20,1603,3,0,11.160079601913866,0,0
17.43080506673147,6,66,75,5,0,32.54226671812773,0,0
465.402266449501,11,23,757,5,1,65.70469788835668,1,1
4.4743895468947725,20,54,1706,6,1,0.0614226116120384,1,0
956.4851503915132,15,56,814,4,1,13.769369195805348,0,1
11.347213911877812,12,65,375,4,0,39.43462807308281,1,0
8.513223883270872,14,76,2493,3,0,4.3920537747204325,0,0
147.02056235773443,9,61,1758,2,1,16.3318705836552,0,0
150.9515985456912,0,61,1408,5,1,45.90708657219224,0,0
541.9756900158268,20,19,842,5,0,31.61239101869895,0,0
480.3253533429852,21,29,1632,2,0,19.134276552143906,1,0
256.4674077763321,21,51,94,3,0,18.267515391880774,0,0
55.79537900974398,13,65,2712,3,0,21.495836439471457,0,0
77.38399032231565,14,57,2119,0,1,4.350885706462295,0,0
250.84442798125104,6,55,1500,4,1,50.81977861432353,0,1
507.2766603628528,19,42,581,4,1,22.168099970667487,0,0
100.91637097877614,0,30,2352,4,1,23.404955899307097,0,0
165.74543721485043,21,66,1776,2,0,46.47274639421617,0,0
46.10463985618696,9,33,634,2,1,13.71909819492637,0,0
16.586808642316285,7,67,2964,1,1,57.213257112621946,0,0
58.299194897793896,4,70,2131,1,0,2.656877404652306,1,1
16.35640082862399,11,41,2809,5,0,23.80304981622965,0,0
541.850145637977,1,48,1873,2,0,24.45439526151475,0,0
83.73117540410482,20,66,940,3,1,37.80417122526331,0,0
259.26273712225714,20,18,2605,3,1,3.1793168124672504,0,0
546.1267821631473,12,50,2643,1,0,1.410099413355016,0,0
613.2433058149837,12,44,652,1,0,30.88772484676277,0,0
294.7384087780073,9,47,2893,5,0,19.939014740167188,0,0
10.613019182061882,17,58,1871,1,0,4.00254732540575,0,0
327.1300932043419,7,61,2006,6,1,15.865212461114051,0,0
79.18166886067127,16,42,871,4,1,1.7422575990701394,0,0
38.93477490157806,0,32,2538,4,1,7.718783501333663,1,1
121.01218174624542,20,63,937,1,0,16.524815062466423,0,0
414.1202704106245,13,45,264,1,0,6.988425624212469,0,0
504.82332418963017,21,50,972,4,1,23.66643446032296,0,0
158.1860255211607,5,58,1265,0,0,27.64481385150626,0,0
140.9396469130193,14,35,2556,4,0,26.18508306213418,0,0
76.13570042435369,11,65,667,2,1,9.965641494047038,0,0
146.31027719372983,7,50,2302,2,0,0.4087314350316829,0,0
267.44861110702425,18,67,71,2,1,5.58668153761221,0,0
36.66227067879234,18,34,1172,4,1,7.381208670724423,0,0
294.9139466118524,9,48,642,1,1,34.520701590656834,0,0
218.56931144439443,14,28,1921,1,1,4.128727576994078,0,0
72.91962438952044,13,68,2621,1,0,17.112144632141398,0,0
53.96185919497511,12,71,2935,0,0,1.6276575297958336,0,0
210.0172611010994,9,21,836,5,1,61.1937833604257,1,1
177.96254707765448,9,57,2577,3,0,39.27562760635995,0,0
155.6511668598201,12,71,62,4,1,15.978662309887008,0,1
206.68461734800132,16,48,1279,2,0,41.22531762226511,0,0
608.2371022221027,3,76,1905,2,1,25.631890243226696,0,0
117.12903084575235,13,70,2975,3,1,31.67374491835004,1,0
86.24040714195547,15,72,525,4,0,11.14682904815492,0,0
371.8487347203073,16,42,621,1,0,14.681702787607158,0,0
35.466424662777825,19,57,1220,4,1,3.9962203975205406,0,1
83.06520261371341,8,38,380,3,1,6.102462615418127,0,0
111.6439493784204,13,64,2605,4,1,35.19658049137322,0,0
168.88111013665826,8,40,842,8,0,11.86053006909761,1,0
396.7304846132312,1,28,2056,5,0,8.037893489827315,0,0
124.60329215557915,4,54,83,6,0,21.013495899067216,0,0
53.4257754488062,11,31,2868,7,0,7.617388442278553,0,0
172.90883431642305,18,58,87,2,1,14.351506570872369,0,1
253.5982855064668,22,65,1447,4,1,59.57912566850161,0,0
26.44268697811425,12,34,960,2,0,20.71160782052136,1,1
765.3587712928802,7,53,226,5,0,38.21240975875122,0,0
104.3896256538756,18,48,2038,6,0,2.9047364758264598,0,0
537.3930104866427,19,18,2563,3,0,3.083957507795179,0,0
55.80183660205535,4,65,824,2,1,7.021023099660414,0,1
112.1255821772323,1,27,1823,5,0,7.450298419591648,0,0
278.2028058135017,21,31,2291,3,0,37.86010046721977,1,1
86.03797187637014,1,71,1410,1,0,5.3696043134997895,0,0
122.21407892645296,12,42,2442,3,1,30.901057895254603,0,0
47.649928870812495,2,56,194,2,1,49.892082226943245,0,0
6.799593973695589,3,69,239,4,0,22.27635901880212,0,1
241.5759931969776,10,32,2585,2,0,28.926236292768,0,0
2.5375338245871246,8,48,2350,2,1,8.819573727742721,0,0
200.94233968387897,2,36,446,3,0,0.4930474033701342,0,0
131.3178140087522,6,30,2396,1,1,19.081020824939603,1,0
431.1893060308067,0,42,1190,5,0,3.139735382645377,1,1
580.1465893154947,10,53,2070,5,0,17.0392978797305,0,0
259.6419510362378,10,79,1588,3,0,7.439014563924529,1,1
505.24588530050494,21,52,215,0,1,54.167755481384006,0,1
78.98039441005366,23,64,386,5,0,44.25627905081808,0,0
473.07742024201485,2,79,140,2,1,1.377578982189639,0,1
431.82164158081935,0,46,2878,5,1,7.961056602448432,1,0
72.04089521494758,23,77,2937,2,0,12.840724929157064,0,0
674.7974504950287,23,19,1079,0,1,26.213916341909904,0,0
276.7119049532051,12,69,2779,1,0,7.081390248484183,0,0
136.24833487723294,14,63,1027,2,1,10.394111605162689,0,0
286.0114736060043,18,22,2653,6,1,33.12843408413596,0,0
210.07140576155564,14,25,2618,3,0,74.74929033442106,0,0
34.98085402564379,14,76,523,5,1,17.576645818963566,0,0
118.89974248876372,11,74,1348,3,1,10.749491179391333,1,0
60.26366931013774,17,24,1754,2,1,80.64184962654879,0,0
13.410435702136372,22,55,853,1,1,21.00893749891968,0,1
411.8694621003291,13,26,2897,3,1,5.059780900398464,0,1
103.739933343646,15,28,2264,0,0,22.696858841183182,0,0
101.66642329615794,20,39,1692,3,0,35.09230957887681,0,0
85.48765618147648,20,39,1569,0,1,15.827207752360245,0,0
295.89280946928136,19,37,1393,2,0,16.770611075823172,0,1
55.40834454184227,15,46,2871,7,1,10.901433387466104,1,1
222.32413206146063,7,19,1612,4,0,12.595805868676646,0,0
68.67926196284448,13,22,1347,2,0,18.5218259607937,0,0
34.11323385678021,14,61,632,8,1,30.64098988458493,0,1
144.11102061812466,14,78,1807,4,1,9.731408130033143,0,0
7.871189342517219,1,40,1744,3,0,19.50375663204473,0,1
65.33845183763852,9,52,775,5,1,5.764270394156626,0,1
131.64298777598114,14,69,189,3,1,11.13375554914745,0,0
16.393603598872662,16,42,2715,4,1,5.524398259476668,0,1
32.98079031088928,5,50,1728,0,0,0.9834350292546356,0,0
122.6172987650191,4,55,64,2,1,31.709409561667464,0,0
14.837631083553468,16,44,2484,3,0,11.995846469288775,0,0
82.17250351335802,1,58,106,3,1,1.345377133556197,0,0
14.001369275488273,21,45,2348,2,1,21.430357056110743,1,0
296.11911458548803,23,75,343,5,0,9.887485665310686,0,0
100.75174062425936,1,68,2986,3,0,24.60725021884468,0,0
762.0169091822689,11,68,1585,3,1,17.97969316707815,0,0
71.31843798030918,19,66,504,1,1,1.2235279444051543,0,1
36.92862152595583,2,61,1140,1,1,29.430008011752417,0,0
809.3541389859676,20,18,799,3,0,0.7622436017743884,0,1
82.93654982928672,21,23,1261,4,1,12.788072666033775,0,1
6.195012420294909,18,40,429,3,0,23.55142467678424,0,0
6.086396183994254,9,26,1529,3,1,11.75385641317992,0,0
28.82082927758412,11,62,2758,4,1,52.9038744089529,0,1
44.30788810117719,19,42,951,5,0,1.651158257181064,0,0
75.77351876481495,17,57,345,1,1,35.52214814572817,0,0
29.01397233404449,0,22,526,3,1,20.49874204245049,0,0
10.17570941815368,8,61,56,2,1,37.32724453224127,1,1
326.0971392067096,16,40,165,1,1,6.638187205152358,0,0
125.2014833463884,18,39,2800,2,1,69.30577104539802,1,1
70.64210936277699,16,72,660,3,1,21.207282353163254,0,0
67.52004821541354,22,60,734,4,0,15.099785727938302,0,0
26.04677599662335,2,18,2967,2,1,4.659708918388416,0,0
287.48274317195575,21,32,413,2,0,34.76572159654371,0,1
1522.2672236765632,7,54,1022,1,1,14.743461248149185,0,1
181.35853105172015,12,57,2768,3,0,53.97450284445803,1,0
49.36321270750408,3,33,1256,2,1,21.966364264736992,1,1
93.42790505565269,15,59,1307,3,1,3.645151165287925,0,0
19.95639322098422,18,71,1326,3,1,22.04776475397709,0,1
65.42552803304643,8,47,2659,1,0,33.49506839234883,0,0
457.6461000355012,22,63,2997,4,0,22.87299113119113,1,0
435.3587380209741,12,76,1309,4,1,32.57549611028448,0,0
253.4918494699556,6,30,650,4,0,6.279352657003637,0,0
118.36690913374552,5,57,653,4,0,71.45107453193752,0,1
2.436476001959194,20,79,781,0,1,37.38374527572383,0,0
757.1477569718712,23,37,2000,5,1,31.191284245071294,1,1
732.9920245045134,12,42,766,1,1,6.756698752333071,0,0
198.86055255548595,14,68,362,5,0,6.293209002657651,0,0
139.86054648399005,11,51,1899,3,0,46.677082681348246,0,0
62.893037225249856,17,78,1311,4,0,2.751941067371988,0,0
41.94573499266711,2,59,2780,4,1,12.673025727761564,0,0
161.35792845831347,6,49,1086,3,0,17.9598399510741,0,0
148.65090762982817,8,62,1137,2,1,51.17162997315994,2,1
227.65772693582528,10,44,1879,5,1,19.32728388100772,0,0
31.47788945130537,18,38,95,3,1,1.366283054841834,0,0
28.63932399692552,13,20,982,1,1,15.513422461900204,0,0
133.15718160826023,6,44,840,6,0,12.49375812998412,0,0
41.65708012669001,20,38,538,1,1,8.99631215632675,1,1
66.2344011062332,6,79,457,2,0,5.301374681774771,0,0
81.18155996739767,5,70,1647,1,0,8.631650226592114,0,0
121.30743575809038,6,20,2444,2,1,0.8994390891381143,0,0
245.41918147740893,22,70,2228,1,0,6.804627880839896,0,0
31.905603096061448,1,33,1618,3,0,5.867756106884706,0,1
412.62835885641175,13,57,2225,3,0,33.027610302654374,0,0
274.3314516713594,22,62,2927,4,1,44.97080502321169,0,0
947.877361572874,4,19,2093,2,1,9.92697033705912,1,1
0.0269404152805347,17,56,391,2,0,2.9075798236093697,0,0
126.39583053937965,2,55,2367,2,0,9.957232164471291,1,1
131.95783837367603,23,59,2575,1,1,64.03026328468903,0,1
42.99719004366877,17,75,2568,2,0,38.142453658885394,0,0
142.85787452385,12,44,2373,5,0,5.651247213704368,0,0
568.4031489903095,5,43,2511,4,0,11.07938862304422,3,0
156.4814166415492,2,35,1529,4,1,21.17263541522821,0,0
300.0686251240387,5,32,2780,1,1,12.26671793817146,0,0
27.926897841067284,11,73,943,3,1,13.655321999526135,0,0
374.3219127798344,18,69,1126,2,1,8.951587668538231,0,1
161.99633728153378,15,63,2423,1,0,20.07783081420223,0,0
79.08966057052004,16,71,364,5,0,16.243483623603176,0,0
334.0179067687754,4,35,2091,3,0,1.2459683531682106,0,0
78.72698178361689,21,56,1634,3,0,11.800579872361324,0,1
1121.7262464095409,2,33,162,7,0,48.74454960258129,1,1
186.36954051772364,19,20,2033,4,1,5.278931381512293,0,1
83.48157628215954,7,23,590,4,1,25.80433901482095,0,0
395.2985743076132,16,67,1008,1,1,14.344569803495569,0,0
374.7487914423375,18,50,1079,1,0,98.62304739530212,0,1
127.39509589356342,20,71,339,1,0,0.3419880858700213,0,0
19.84100233115083,12,27,1529,2,0,4.684586055907743,0,0
328.8418366486839,4,62,1461,9,1,4.2962887318979055,1,1
40.13579774993267,15,50,1231,2,0,1.377044384784107,1,0
230.41834894621925,9,60,2926,3,0,9.925311956863869,1,0
537.7321951137103,13,20,1388,2,0,2.182024534160973,0,1
27.87095911479128,14,34,2128,2,1,29.160699758782155,0,0
394.7043324590407,9,77,1144,3,0,14.931796891310896,0,0
140.12277122233243,2,32,2883,5,0,17.614037779170985,0,0
491.6419121542603,19,74,860,1,1,13.102983796567232,0,0
24.993836098526486,4,74,2176,1,1,69.45994454765687,0,1
46.34533387646799,2,44,2332,1,0,18.0766377907915,0,0
700.8223472904364,9,70,36,5,0,5.442010773308562,0,0
249.66457237802348,7,34,1919,5,1,41.67269409669416,0,0
551.5498323431316,2,32,338,1,1,7.107170420187928,0,1
47.058642617915744,11,70,1790,6,0,29.43533807780761,0,0
131.78827948925627,23,50,504,3,0,14.881372484544215,0,0
133.52807037443426,0,36,1850,3,0,11.053522273782267,0,0
543.581985305265,19,71,1401,6,0,42.643949380809445,0,0
40.78494759007019,8,37,1549,5,0,43.63504624116108,1,0
132.10015849747623,9,33,176,5,1,12.523787431489634,1,1
67.24147442047841,23,73,1449,1,0,7.072887605207018,0,1
122.68929846580694,19,27,1988,3,0,6.521007911429379,2,0
178.27947513298892,5,64,2232,5,1,30.89023550652964,0,0
332.9062868095531,3,26,2261,0,0,72.20993259727247,0,0
33.643169372619404,20,54,1386,1,0,6.770143937208996,1,0
60.28497418291304,1,51,2720,2,0,1.2755234111129208,1,1
192.78728380443764,7,67,2522,1,0,5.421221619397417,1,1
155.91869937877604,21,64,2170,1,1,15.244528079923214,0,0
5.104405730478544,12,44,1749,3,0,43.87550623574296,0,0
29.756985565994725,21,74,229,2,1,24.843613179924823,0,1
107.54129097053637,6,76,116,6,1,15.535335759130785,0,0
15.860426954010162,7,77,1196,3,1,35.90021468684056,0,0
310.6562686827403,12,58,1978,3,1,5.038915483288275,0,0
428.97070903036285,15,68,2374,3,1,4.228433469153074,0,0
353.0819768244315,13,72,1409,3,1,8.276070167803528,0,0
375.9281336347088,7,38,652,3,1,0.5021728871039218,0,0
202.3459101855099,2,24,1452,1,0,40.40477663096779,1,0
439.1916196960067,10,23,2671,1,1,4.4338123010521855,0,0
40.04060065805455,2,71,2914,1,0,25.16738386745008,1,0
91.36912607908594,7,26,2618,0,0,95.15472192129448,0,0
397.08121726483216,13,69,2012,2,1,14.713979707188937,0,0
403.4986849146292,0,48,1097,2,0,12.451823022125303,1,0
91.8830849439558,3,62,2029,5,1,6.139120279026635,0,0
413.6269396976181,23,40,2857,7,1,30.07248569426368,0,0
199.55849193818528,0,59,2401,2,1,27.817335824233236,0,1
202.5013672777445,18,39,2012,6,1,0.5206740803774627,0,1
378.14080661666753,17,77,972,1,1,45.53469639754656,0,0
31.26308600702447,4,33,1508,4,0,29.93446541463595,0,0
133.29433756501356,22,70,440,0,0,5.829144648174208,0,0
25.555979526784395,16,66,824,3,0,14.893929483618727,1,0
83.34673418615063,20,20,1548,2,1,15.399410939421267,0,0
51.9610313834788,5,52,735,1,0,29.76905089605838,1,0
60.771777417541685,8,33,1898,3,0,1.607410250911866,0,1
263.8760207985537,19,43,593,1,0,40.03835896285161,0,0
699.4775662246797,14,37,932,2,1,9.597358678318464,1,0
52.168606222012926,1,50,1248,4,0,2.2823267524141877,1,1
155.3184505898072,9,74,601,4,1,46.607825086573634,0,0
94.46955231665255,18,56,864,1,1,49.97601499367421,0,0
115.17293484713684,18,45,275,3,1,33.97182316230759,0,0
10.272243990107732,1,78,2343,8,1,11.838027025941752,1,1
61.25234196642783,14,60,1060,4,1,6.3431361337318135,0,0
79.90994780088305,22,72,505,5,0,7.833706748897454,0,0
221.3604008068822,3,29,1272,4,0,42.36913067606458,0,0
243.8541297406312,1,23,812,3,0,7.283981454722191,0,0
294.0126274815199,14,40,1205,5,1,22.668738097227408,1,0
159.2175172495795,12,52,2194,3,0,20.32958997549608,0,1
127.6332769311519,8,55,2794,0,0,10.289247912149584,0,0
14.297053996023932,0,65,154,1,0,5.546390609856552,1,0
154.23910457138962,15,31,659,1,0,20.69066230092276,0,0
118.23597265391956,21,56,1172,4,0,44.48965029287527,0,0
75.42278476534531,6,61,1384,4,1,39.24302759084126,0,0
6.998744288695817,11,71,1310,5,0,21.128521576616336,0,1
200.7706122763254,7,42,1566,2,0,12.94999860972558,0,0
24.760465981910908,5,58,1976,4,1,14.44517919707356,0,1
35.6738973198894,17,36,2904,1,0,36.1710360622826,1,0
49.51165664526154,9,74,1916,3,0,1.637652086353519,0,0
101.3295368453838,2,35,397,5,0,5.820967000172045,0,0
566.4535208962706,19,56,808,1,0,3.331430843680657,0,0
121.02785449305875,19,25,2158,5,0,15.07135654519175,0,0
74.00070711451824,16,19,1857,3,1,6.004236374589608,0,0
207.42877056557785,6,33,2914,1,1,10.303392747070347,0,0
436.45038248030295,22,33,1133,4,1,3.8381341070506174,0,0
33.37415769212757,1,69,658,4,1,16.992779172198347,0,1
347.22909939479433,10,55,2101,5,1,30.98264209106724,0,0
76.74970310059919,3,78,2458,5,1,57.53926851219962,0,1
78.95556050868116,8,49,1979,6,1,2.1802736784274117,0,0
156.49382023912764,22,51,96,4,0,2.037293771825264,0,0
143.52611690989767,12,52,288,5,0,6.0539364371302185,1,0
97.40635827335484,9,78,1660,0,1,0.3731229753481776,0,1
102.39998487558428,16,25,330,1,1,6.597812143635081,0,1
16.020855710035274,13,60,47,0,0,1.9538733968229376,0,0
84.47319330077376,13,29,1215,4,1,2.4153940231116344,0,0
27.77862896938434,18,46,1059,3,0,21.32492621327368,0,0
101.26425437020544,3,76,2364,6,0,42.9148438753985,0,1
4.417777003745725,3,30,2195,1,1,35.05712586294929,0,0
11.590086213185154,1,70,474,1,1,16.681897180849578,0,0
452.0775019978245,21,60,1899,1,0,4.326658038395885,0,0
24.088857007399284,5,39,771,1,0,23.560116620586435,0,0
63.0376760232196,17,37,1317,6,1,52.69866597255798,0,1
12.070059262386842,17,24,2605,2,0,17.187422952705933,0,0
247.7423886624125,23,67,162,3,0,46.729249804159934,0,0
28.01738346040231,22,69,2870,4,1,13.354125963501044,0,1
30.861530908423877,8,65,424,4,0,13.626605275001108,0,0
54.758508006863785,13,53,1808,3,0,1.3893020720684277,0,0
2.1739896086029438,14,20,1368,1,1,14.90640724781419,0,0
225.62535832351992,4,53,570,5,1,5.432626799152216,0,1
390.9678314332498,23,25,900,5,1,17.885826911089787,1,0
225.51198890215107,17,56,1090,6,0,37.2969163216785,0,0
45.9664085742675,0,23,1531,4,1,23.68230357511594,0,0
8.237501191388588,16,48,867,0,1,20.880702634794783,0,0
55.38636697766027,2,22,363,5,0,16.739054733845503,0,1
180.81213037461944,10,52,1916,2,0,13.794615007106623,0,0
48.62360068598067,15,33,2126,1,1,10.534812788436277,0,0
49.36277136002178,13,20,61,1,1,8.528551393263337,0,0
197.1031627830841,1,58,327,2,1,14.320619068019148,2,1
70.17607567778857,2,57,196,3,0,140.34117767562807,0,1
49.72043538594264,12,76,593,4,0,19.88984376002412,0,0
634.6759293384877,15,59,2521,1,1,20.02355980608543,0,0
90.06630800591161,6,70,2069,2,1,13.315419583353892,0,0
139.40911594338155,13,24,1346,1,1,14.42506827656798,0,0
294.72999182934694,15,51,654,4,0,33.931151024428075,1,1
97.06774749981192,14,41,1157,2,0,4.287426740980475,0,1
33.30843352588585,2,60,887,2,0,30.624782767895216,0,0
106.21169996474238,10,18,1160,5,1,40.48163054890673,0,0
191.41496743295315,8,33,679,3,0,9.496236880521042,0,0
252.74707797251037,14,25,804,1,0,12.55954313259528,0,0
22.400037770931245,7,22,2799,2,1,55.176650219122806,0,1
22.849409751558504,14,78,2413,5,1,27.672456208811305,0,0
27.93075606586327,10,73,935,3,0,16.713334485699207,0,0
204.8168102151613,14,78,967,5,0,39.65683172033075,0,0
587.8351061018403,1,63,475,4,1,2.6021378155294874,0,1
46.45767827624845,5,37,802,4,1,37.70424442964315,1,1
700.7417108751926,5,19,2549,0,0,52.21308926838464,0,0
54.92569354312059,9,78,2737,3,0,0.5391918708421388,0,0
112.54541091223676,22,39,399,2,1,25.47872467302268,0,1
34.79125257494313,7,34,727,1,0,55.90187162623537,0,0
59.51024478285709,20,27,959,1,1,17.712190625443686,0,0
390.1854396094457,21,59,1395,2,0,16.503887240431826,0,0
194.8768919199969,22,68,2971,1,1,11.056099889584496,0,1
35.594685588030345,4,25,2775,2,1,62.58420232586771,0,1
127.06967104519552,19,34,1204,1,0,10.425949603591851,0,0
379.8480571038814,14,54,45,2,0,6.974505662779956,0,0
9.190212436336548,3,38,1768,2,0,7.846385328416336,0,0
349.09723193476844,12,23,1158,1,1,13.144001634929989,0,0
10.750390735716236,0,29,730,5,0,2.6920450583626176,0,0
20.487822709239417,21,71,1787,1,0,10.006257730424334,0,0
171.74042997051205,5,73,306,6,0,0.2553297853707281,0,1
103.87329683550672,3,64,2568,3,0,18.796989515588024,0,0
6.5034937461072415,3,33,690,0,1,7.891743223172227,0,0
26.921397842238655,19,31,2136,3,1,1.5248104608321331,1,1
191.7467548776874,20,64,1268,3,0,6.114831785109109,0,1
8.148260505969777,22,75,1949,1,1,125.58135163491178,0,0
511.3259498215055,14,75,2038,6,1,24.84563631887006,0,0
437.525904099726,8,39,2755,5,1,19.51066063525378,0,0
400.4886575920747,6,57,2888,1,0,18.966909423980884,0,0
856.7731151105077,21,55,1395,3,0,32.55456316271296,0,0
56.28150770826598,4,46,2651,4,1,59.6941645676376,0,0
282.3717502434156,11,38,1684,4,0,23.38531720070204,0,0
160.08295631397976,12,23,864,0,1,18.51553917248619,0,0
138.65274114618256,22,27,567,3,1,21.90724528190554,0,1
109.88856460398192,10,73,2164,3,0,5.152305118068767,0,0
56.95391502040152,18,25,157,3,0,37.9975246888695,0,0
369.7145153039615,18,47,227,5,0,4.254997536006543,0,0
101.01602625983594,11,30,1951,0,0,20.611723891360143,0,0
294.9255097578309,6,50,2717,8,1,0.3452249328278461,0,0
365.1436221636886,20,49,751,1,0,24.335301750028155,0,0
88.19654414957635,20,36,2678,5,0,29.386790215786128,0,0
185.0303785007891,18,34,2930,3,1,57.9354653285732,0,0
92.87343284015574,20,70,79,2,1,0.3502707399761678,0,0
210.15061802651132,12,22,1400,4,0,11.619715022768837,0,0
312.1585387128522,22,32,585,6,0,27.40944908339185,1,1
47.2143973847068,5,74,1000,4,1,8.125057771254845,0,0
579.1276519397838,14,48,604,1,1,29.21416252990738,0,0
168.58007251188124,23,47,2758,2,0,6.994652262916193,0,0
83.39377613043999,1,46,1261,3,1,23.67812706606424,0,0
14.528912385992047,9,19,1154,4,1,19.135046302996056,1,1
454.1948250256716,20,41,1766,6,1,7.649001477506455,0,0
93.85361799537182,22,33,1078,3,0,9.100935210659683,0,0
117.43805042146498,9,77,1142,2,1,7.454226517401455,1,0
371.5714852165319,14,33,1143,3,0,0.98195732631571,1,1
99.54686364875108,7,33,235,3,1,13.368539357429023,0,0
200.56119671487048,20,42,526,7,0,3.086506041646976,0,0
239.54310048295872,8,68,273,1,1,1.022178249334034,0,0
109.826139730267,3,45,2398,3,1,4.18514316764603,0,0
375.4227622065186,3,46,225,2,1,8.552061349632798,0,1
369.27742861045056,20,35,742,3,1,5.957939652147605,0,1
79.90262852485857,15,46,1528,3,1,65.59785650543363,0,0
166.8246492189989,0,20,1594,4,0,27.857468795529087,0,1
329.6626413957459,10,75,1245,3,1,0.1914383972236349,0,0
6.261938282828633,9,18,2219,0,1,4.656728332381242,0,0
39.45414110476706,21,22,2764,2,1,68.73218244298059,0,0
225.0668597004573,15,43,702,5,1,53.80088395338765,0,1
395.55750544466895,0,65,2248,2,0,41.64032669089255,0,0
30.82014059222692,15,25,1981,2,1,2.4800142434804657,0,0
223.8753492070759,2,50,2048,7,0,5.884016449476853,0,0
302.3866660767406,11,62,1353,2,1,15.821567169218918,0,0
537.9977073382504,11,27,1741,5,0,5.1813135302518205,0,0
295.89675524830227,12,44,1215,6,0,2.459842070177362,0,0
530.990017176125,18,35,1060,4,0,38.57728785713623,0,1
26.314383712286784,10,23,1680,2,0,18.850284214894096,0,0
149.65468481166866,4,37,2985,4,1,17.210905506524195,0,1
17.098166147751744,4,27,2080,3,1,18.42728185388231,0,0
40.9813834222041,19,60,49,6,0,0.2113165544579889,0,0
44.17831439026892,14,49,2512,5,0,18.52953040872255,0,0
336.9061012371917,6,71,140,1,1,40.82159637141382,0,0
35.032974990858804,12,58,2851,1,0,21.353155431425947,0,0
547.8911145142548,12,73,1715,3,0,0.089979932491509,0,0
232.607637821352,16,66,2300,6,1,10.95808427602413,0,0
28.955631043109097,16,26,504,1,1,0.7921711481778642,0,0
139.20685833060318,11,25,1200,1,0,0.5886772263757386,1,0
76.32799121552398,20,28,2107,4,1,1.2379165343681686,0,0
149.86347825053744,0,79,1270,1,1,23.074455772508063,0,0
273.8746922706088,7,24,1533,1,1,9.594260694770387,0,0
245.26404489001524,2,38,984,1,1,9.47158475148672,0,0
36.1328637886097,3,42,1089,3,1,35.76987144291151,0,1
317.51412698893995,4,79,1520,2,0,35.09172836634568,0,0
351.24234834392723,5,67,457,3,0,40.18356802490536,0,0
225.9091940880712,17,27,2849,7,0,36.108503289399295,1,0
87.5227614248373,13,45,83,2,1,43.90308155665296,1,0
287.2436868167779,11,53,1745,3,1,1.0957716983523271,0,0
119.53568669670784,23,22,981,3,1,39.80172112332613,0,0
92.48081524660026,2,25,1281,3,1,5.5755917182169314,0,1
160.00868372043644,15,44,1732,3,1,26.595500199566896,1,0
112.40891393079777,23,35,2635,3,1,9.625159164816507,0,0
27.134812285989103,21,44,1166,3,1,33.36785237079316,0,0
111.56283878168549,19,38,1290,6,0,10.02620567735578,0,0
2.438966049755524,18,63,1338,5,0,0.0026003944598868,0,0
285.6649363428756,10,25,1520,3,0,10.755887832659674,1,1
205.50605181278956,19,74,2193,6,0,0.2984191367746864,1,1
339.5205209131518,9,37,2309,3,0,5.332420652693656,0,0
242.7147115847389,14,35,838,2,1,4.560310920887251,0,1
233.5187262193625,5,27,2551,4,0,1.6149066891602355,0,0
309.8088619154197,22,78,2776,2,1,13.927775227349372,0,0
436.9052016892125,20,63,2383,5,1,15.459532442692204,0,1
119.15015047972445,21,74,975,3,1,53.92990990459883,0,1
453.16717180846473,7,59,1153,4,0,0.63799892503444,0,0
215.38224714325244,11,34,2987,1,1,12.258427961673604,1,1
45.75272819378071,8,54,2297,2,1,7.066820017772261,0,0
65.09974516429457,9,79,1653,6,1,1.6882578611733905,0,1
403.5717504517641,2,29,664,1,0,32.562476366667134,0,0
220.2842742396706,1,40,2385,5,0,5.75545691946031,0,0
480.5882370324289,10,78,2045,3,1,16.57489407883342,0,0
85.47163363440141,1,74,1468,4,0,8.779649536443939,0,0
179.7642685370157,19,61,1881,5,1,68.94206511771958,0,1
199.69560004510868,23,55,2420,2,1,18.46780643467517,0,0
298.80051871967447,5,71,2501,2,0,16.124318165224008,0,0
221.24842213761025,17,23,816,4,0,1.1723445039280789,0,0
172.81743821001697,21,22,333,1,1,10.571695386496105,0,0
99.66685537683462,9,38,2594,3,0,33.19236041170958,0,0
262.0309668425783,0,28,1800,5,1,3.7456063225524328,0,0
376.7377094535077,12,50,1514,5,1,40.85498673625974,0,0
51.61125748484957,1,20,1806,2,0,39.83113754340441,1,0
84.77088815454528,18,58,1125,2,1,3.506408717653372,0,0
19.520501797971207,11,33,2722,1,1,25.07756206840172,0,0
386.24596905807095,11,30,1843,4,1,0.0915074856480118,0,0
271.88624456540526,12,34,2438,4,0,39.41728885193814,0,0
222.17381468668188,19,44,2824,2,0,21.68307416059795,0,1
43.33137771587244,7,63,1714,2,1,17.732162749884438,0,0
83.60101498043558,21,53,1658,4,1,1.163059828190804,0,0
60.04134180842746,3,36,1974,2,0,45.92081017528562,0,1
220.53578073750444,23,42,2997,4,1,37.86412931209037,1,1
153.65704152919398,15,37,2739,1,1,23.35407089864871,0,0
69.64712030915969,1,53,2065,3,0,15.362996933675664,1,0
58.365206475702905,13,46,2181,2,0,1.1825325106832456,0,0
27.12363312440897,11,75,1514,3,1,35.25317323315973,1,0
380.5642510197408,0,78,396,3,1,7.981495827480139,0,0
201.7488398834247,15,32,719,4,0,14.46645432436576,0,0
8.122138230871052,13,35,2596,6,1,15.379088244723992,0,0
3.266611700668128,18,39,2990,6,0,15.280720848916982,1,1
282.5593605588225,0,24,842,5,0,17.202758872019615,0,0
438.193269584141,15,55,1801,2,1,36.41912787181484,0,0
675.295020546265,21,46,2784,1,0,20.72935368344036,0,1
28.874591119061865,1,28,65,4,0,38.42901694978439,0,0
197.88338950258048,16,48,2557,5,0,7.22808486900235,0,0
37.79535492398263,6,64,2839,4,0,9.228606487305758,2,0
17.444079333093608,20,65,2245,2,0,40.40204745171813,1,0
149.03993443169225,17,26,45,5,0,45.35544789994308,0,0
55.07497965013063,18,29,1629,1,0,14.045848676223404,0,0
83.7427837154539,18,31,587,0,1,2.907770344309157,0,0
3.655236081299447,23,65,439,3,1,6.161923659444096,0,0
96.59973841452056,3,36,1998,4,0,7.408019080769478,0,0
21.18999535825647,10,37,882,4,1,1.7252068731104055,0,0
55.46278705724795,13,60,1446,4,1,8.537346844862377,1,0
125.32138963642193,7,68,2915,4,0,14.6919899469648,0,0
172.65892604774166,18,75,2247,0,0,10.90542666533974,0,0
112.48551541792452,12,63,2715,1,0,18.841231266691608,0,0
72.55074589209542,21,74,2078,4,1,10.158741626159134,1,0
122.46106742608784,11,35,2990,3,1,8.439971163429771,0,0
365.0887271324647,2,65,1692,6,0,7.209168696895853,0,0
46.91608185918849,12,37,656,6,0,15.85998327036409,0,0
620.9985679201388,19,43,2697,1,1,19.424358367686622,0,1
35.322523183009444,7,34,388,2,1,11.340266373026658,0,1
109.25482211382564,4,70,2066,3,1,3.267741531577024,0,1
20.72222913992552,23,78,568,3,1,5.593593159265843,0,1
17.170916382021602,9,77,2153,3,0,36.54500161401791,0,0
80.97812871761356,23,64,2172,1,1,1.0321433559830766,0,0
117.41313468858058,15,22,2886,5,1,18.67018309755701,0,0
501.2499985674345,20,44,2794,2,1,1.1747238746502406,0,1
217.8324774580482,11,28,2194,2,0,53.248815157072,0,0
167.22126480448017,4,43,870,9,0,52.79455422142047,0,1
83.90625889351182,11,67,1887,5,0,11.983589970566635,0,0
501.1791791832372,14,53,2695,2,0,13.525389985674604,0,0
101.86844476206286,19,31,2025,0,0,37.26447782901017,1,0
420.8017934861908,6,57,513,7,1,9.76213135478968,1,0
250.32328870661465,6,63,1142,4,1,16.679002533276122,0,1
77.01177562099787,22,60,586,8,0,24.35494288858333,0,0
183.65461375105664,19,54,2407,5,0,3.974915557598653,0,0
63.39009716207856,2,76,2488,2,1,9.650242811153792,0,0
365.5286765322066,12,45,921,2,1,28.711363003764667,0,0
259.7805957635778,17,34,1570,4,0,4.014667107044348,1,1
573.9905602751003,10,71,1261,0,0,4.948319929646584,0,0
95.27064017546638,6,43,2436,1,1,47.378314834268416,0,0
46.38453970985004,3,57,1206,4,0,14.52198812059228,0,0
176.31255210799208,3,18,1728,1,1,4.765844158048535,0,0
268.2253571705317,1,19,183,6,0,3.1834284531464414,0,1
688.8575325455572,17,58,2538,3,1,13.902222490812076,0,1
725.2381723441355,21,21,2198,1,1,35.678857998475934,0,0
199.26733217074548,20,60,1790,4,0,20.05227048830642,0,0
742.0396508544623,8,53,1580,6,1,11.118438973769775,1,0
91.95125274874978,8,37,2504,3,1,29.335138494238265,0,0
203.0974688316776,6,44,1474,3,1,6.860347876300411,1,1
195.9865010976076,14,60,874,1,1,9.31225146104668,0,0
100.55670878773796,0,64,1123,4,1,34.30287317027389,1,1
772.1458228274424,13,62,2576,1,1,6.698011456805379,0,1
31.06804700446425,5,58,2190,2,0,14.43423140208845,0,0
106.15542869834856,7,29,1242,2,0,0.6167134427420291,0,1
44.85667505474056,10,23,2997,3,0,7.686454772376474,1,0
99.75803959557425,7,68,2400,5,1,12.385596362187943,0,0
49.59868570636121,1,50,2784,3,0,59.507123254842085,0,1
169.19158862557114,10,30,248,0,0,26.52002248973373,1,0
372.700098370406,20,23,2534,2,0,15.329578997287566,0,0
46.12933486386267,7,35,2337,1,1,22.093278788051435,0,0
42.31408596176317,0,49,2407,3,1,4.994848768072445,0,1
80.36049107160804,2,61,2699,0,0,40.53581006830969,0,1
170.6451204578931,11,40,69,5,0,16.60630859708526,0,0
138.75153591711756,1,51,1600,2,0,9.14470937275077,0,0
123.50911640267437,17,56,2717,2,0,4.666604808391238,0,0
66.2166933679259,11,67,2230,2,1,33.64723593791231,0,0
454.1502898711831,1,64,2157,5,0,19.41357595723827,0,0
94.91134416342682,13,35,733,3,0,7.889108352279196,0,0
73.40752372778347,10,27,1562,0,0,1.8553656843342037,0,0
113.73463246948528,23,69,2980,2,0,4.9445243617004,0,0
134.45442189472726,19,35,1544,4,1,13.762122188560378,1,1
139.88636655681364,0,40,2497,3,1,3.6617399004274422,0,1
299.93600934920937,18,37,2605,4,1,21.388992684969374,0,0
220.37989206224304,16,70,1818,1,1,10.728801998777415,0,0
39.79358570736756,4,63,1158,4,0,11.539780652286634,0,0
105.27232828697692,2,65,2068,0,0,11.09525414127942,0,0
173.58221097305412,3,19,349,3,1,25.705933682387094,0,1
143.21864738658076,7,67,186,1,0,4.7579375918639055,0,0
135.5829490817818,17,26,1593,4,1,38.07054491153916,1,0
28.451929681263337,9,77,2036,6,1,24.919063623325243,0,1
34.24584100946526,2,65,2325,1,0,0.3182630903416292,0,0
14.0866885693063,16,48,2963,4,1,19.306178250607424,1,1
83.09456285080682,21,62,935,4,0,30.96519510401121,0,0
146.88989520753566,3,73,2145,2,0,9.804474392397973,0,0
260.3460202902878,4,54,383,3,1,55.91335959490638,0,0
278.7026014628955,19,32,739,3,0,11.113198876771204,0,0
32.75285663893017,18,68,398,3,0,3.613744236474444,1,1
22.833487038373168,19,25,828,2,0,15.735413022133216,0,1
34.462297196387,21,21,2142,7,1,30.522080447983043,1,1
10.53977663162434,3,41,1875,1,0,12.32065872336658,0,0
16.807128414664675,7,75,918,6,0,8.73584583064175,0,0
45.71072774603071,17,50,2792,2,1,21.732169937842627,0,0
1054.386395347333,5,69,588,2,0,18.445712300764463,0,0
74.05702196813144,9,56,1915,3,1,23.643298991422185,0,0
175.52210450705994,3,73,1892,2,1,16.098726586476285,0,0
931.400978028046,12,77,1228,3,1,13.25499476336125,0,0
71.61127085267454,0,47,1605,5,1,17.19205742878175,0,0
108.05466418373426,5,34,1538,3,0,29.560410042909474,0,0
447.1539678574234,19,51,362,5,1,4.508327488016296,0,0
533.13784784967,7,30,1888,2,0,22.94113717852585,0,0
6.675268714508853,22,42,1058,3,0,10.429396281770783,0,0
52.52748109071537,14,59,2257,3,0,33.53186597722597,0,0
267.8191064746801,17,66,2250,3,1,6.341219187687999,0,0
314.72093778239696,20,33,681,3,0,5.4302433313674525,0,0
118.55272044852605,2,78,2197,1,1,4.802216465919686,0,0
363.91870325988816,17,43,1237,6,0,18.09945069056972,2,1
30.330118076101105,19,55,2359,0,1,16.204711221267996,0,1
30.929167510138743,1,22,950,1,0,19.49448166471762,0,1
295.961416192103,5,43,827,1,0,0.1403722411611382,0,0
75.66970427237912,1,36,1797,3,0,7.981425296970554,0,0
136.76521028844036,5,62,504,3,0,0.2558528730706926,1,0
136.04981701873513,3,77,2519,3,0,10.090187340938456,1,1
31.05830930472268,16,70,2338,6,1,0.8855313574160429,0,0
210.13419640583797,9,65,1142,4,1,54.83930816597503,0,1
56.69123461829911,12,19,2760,2,1,39.44593570546687,0,0
35.32906103866885,5,78,1404,5,1,27.978130690000064,0,0
176.77460456194348,4,43,956,4,0,2.496027494658476,0,0
62.36041577257369,3,18,273,2,1,7.7608748417360225,0,0
195.0842915399151,21,28,1819,5,0,4.752660062040237,0,0
137.9329232519219,17,67,2458,2,0,17.0221529405644,0,0
524.4655569123315,4,65,1412,6,0,0.269095622479802,0,1
582.6393854798991,14,35,1216,5,0,2.5194673588651844,0,0
2.1546239847182744,13,76,2072,3,0,37.524413432270265,1,0
36.68039748287574,22,20,2195,6,0,68.17196369190478,0,0
202.78152626691147,22,32,637,3,1,15.483245876178774,1,1
205.462138713541,17,51,1511,6,0,57.08426517410718,0,0
394.9906885483221,18,74,2229,1,1,2.2695673639415497,0,0
86.21398355684187,23,76,340,4,0,10.94933532920769,0,0
196.6418172804325,15,57,757,4,0,21.75970909312521,0,0
226.3993905765818,10,52,2574,3,0,8.272691471813289,0,0
408.66121368357096,8,19,2541,3,0,19.553288779779106,0,0
142.90293308268886,23,40,1724,1,1,40.59194789538495,0,0
151.67463940666266,4,51,1485,3,0,30.265245436324392,0,0
341.1464207785649,14,40,533,3,0,1.0656598756992743,0,0
96.37098175061024,11,62,1056,0,1,11.525622007477644,1,1
80.183346175706,19,49,1266,4,0,2.0200071696580304,0,0
67.44703542455456,3,53,1142,2,1,18.93896957168601,0,1
170.88542883973395,18,68,233,2,0,17.532612745658966,1,0
5.508655727376305,11,51,1650,3,0,2.749191467448388,1,0
142.97523186771116,13,60,2840,3,0,52.551408154960185,0,0
189.76063366165857,14,36,2541,2,0,4.387244646476724,0,0
112.6096027195722,6,74,1950,0,1,8.695447850284184,1,1
274.1195435192945,3,27,358,3,0,30.92067271645793,0,0
150.92328104536742,0,63,176,1,0,7.213492049478845,0,0
80.99362024476936,22,36,427,2,1,8.47866958267169,0,0
63.1462731385332,1,45,2858,1,1,9.716859943807725,0,0
97.69653631458746,11,66,2317,2,0,9.563545184779027,0,1
34.10143191200599,9,54,2620,5,1,16.91321236230989,0,0
383.8965511775718,1,67,2702,4,0,11.55045685498228,1,1
237.809258331198,2,37,430,4,1,42.85675561999085,0,1
114.84210082822624,7,48,1445,2,0,30.69447734743269,1,0
445.2817032647493,21,61,871,3,1,3.42616166577385,0,0
57.34776459665967,12,60,451,7,0,3.1730569271469533,0,0
215.8780699393597,4,51,2535,2,1,6.078143659817208,0,0
46.34048815041002,7,50,2422,5,1,66.06945682940523,1,1
68.51088810554417,5,79,2544,6,1,2.8090513034894222,0,0
318.359447156223,5,42,525,4,1,6.604869587946816,0,0
330.94829834738164,7,34,1975,3,0,6.0608574388094025,0,0
87.32588975696642,21,72,2034,1,0,8.769875852847912,0,0
244.54631263914575,23,24,2772,6,1,14.436005613297803,0,0
286.7775252478926,12,78,966,1,0,15.564536682634367,1,0
135.69825853347194,1,66,794,2,0,24.4040353083264,1,0
125.992165430824,7,67,30,3,0,1.040048349016601,0,0
48.43602775896352,0,19,2872,4,1,9.02232114716504,0,0
26.99557143620505,12,67,1497,8,0,1.1010550944108168,0,0
332.8670865733714,21,40,533,2,1,2.7095612119236727,0,0
4.110162127073138,11,27,2249,9,1,18.693938694666397,0,0
150.23547042144813,8,26,201,4,0,30.59404655019808,0,0
492.0453874875766,5,54,1750,5,1,71.8968770546986,1,0
145.80869376200798,17,75,2223,5,0,6.10754649250782,0,1
230.53498294249687,12,45,952,0,0,13.128888520735524,0,0
410.0184755771805,11,26,2332,1,0,12.32467424269858,0,0
9.029927824293278,8,22,1924,5,1,16.33275152911076,0,0
15.238905567778176,22,37,144,1,1,70.59135618947336,0,0
161.58886703923528,6,22,1452,1,1,30.27937983757179,1,0
34.92439916158676,7,74,2147,1,0,2.4388333651919707,0,0
112.0537168926944,16,33,870,1,1,25.539286793303454,0,0
574.0318848169962,15,42,392,1,1,31.41560820082699,0,0
119.41594947987032,22,24,2738,2,0,3.735282315060504,0,0
2.596272856967077,13,47,1056,3,0,24.11068525036408,0,0
391.1002356289164,11,46,1095,2,0,19.102083010646112,0,0
11.088289394723155,21,65,749,2,0,11.202484715038077,0,0
605.1999913268028,8,48,1939,4,1,1.4623525978920424,0,1
212.982500239724,4,32,902,5,1,42.11216992733895,0,0
41.11772286326655,1,58,2293,3,1,26.84015324124456,0,1
7.366073610310623,7,49,871,4,0,24.25987010317373,1,1
190.4710882559354,3,68,51,0,0,6.595177594018175,1,0
42.51235103191076,15,36,1812,1,1,6.298836485173107,0,0
627.0052972439578,6,65,979,3,0,16.447075310508502,0,0
184.88747652277783,4,19,2618,4,0,34.177153844700314,0,0
214.9949528109996,23,63,2105,2,1,41.14919225169209,0,0
36.5330644742418,3,43,771,5,1,18.793578601586404,0,0
416.6716811507175,3,54,650,3,0,2.3777026750584307,0,0
98.12759729878968,4,77,2598,3,0,3.3470851351574016,0,0
4.055072150062903,3,41,2983,3,0,28.364303406887945,0,0
41.299095271727815,6,60,2929,5,0,42.64095607806729,0,0
159.99659208405993,8,54,152,2,0,4.332357870896228,0,0
152.29756749107622,3,57,2630,5,0,31.01700597635756,0,0
165.2428520287922,1,29,1033,1,1,30.289221192935088,0,0
31.15306813237252,4,49,2632,3,0,37.64042644626261,0,0
417.9668292790172,5,59,1010,2,1,19.10447483230757,0,1
5.135521908294876,18,65,1238,3,1,3.1742199788557253,0,0
116.92805669938868,5,20,451,5,1,1.8451214294790736,0,0
106.51583503586428,21,29,2881,2,1,10.73289803097159,0,0
273.61054257143445,21,78,2966,4,0,16.334551312270428,0,0
72.9346430946071,12,74,2257,1,0,29.866203579069342,0,0
34.10083446579894,12,79,824,2,0,11.74850734100144,1,1
4.233483690323025,3,77,170,0,0,2.062562544543418,0,0
135.98364923025795,20,20,908,5,1,107.92758308624778,0,0
9.56194117400638,23,46,2303,2,1,6.36258146846095,1,0
92.06251260007024,17,20,1398,4,0,0.1492970474802811,0,0
25.995791904280107,9,41,1978,4,1,25.142850351740748,0,0
21.59103790158876,23,70,149,3,0,0.8238224539499394,0,0
448.6606661072891,16,61,2842,3,1,29.694071539652708,1,0
455.185703024432,1,49,2248,2,0,9.001165561593599,0,0
250.6495320377518,1,47,1244,4,0,38.65313852621166,0,0
74.02979448887466,6,39,814,2,1,4.21630583454511,0,0
38.81695307119055,11,35,1787,3,1,6.245457184326025,0,0
135.4264312955355,18,33,1516,3,0,16.36729869390818,0,0
275.8112535258224,3,30,205,5,0,20.80209409131429,0,0
14.613233578478829,5,33,1775,4,0,18.420014712127067,0,0
19.439999147722,8,21,2470,5,0,22.92496559542798,0,0
101.1650168683739,1,28,1486,4,0,62.33212926235534,0,0
201.1020754019545,22,27,318,0,1,3.0003934071510256,0,0
303.30047611790934,3,38,1429,0,0,1.748638188022136,0,0
352.598603287674,8,38,587,5,0,3.797342255407159,0,0
70.6357700003241,17,68,2149,2,1,16.438135240554928,0,0
14.537395755986228,21,25,1999,1,0,4.501219431230536,0,0
24.67607844799521,22,76,708,2,1,58.464763154374005,1,1
79.34984604639654,3,63,416,1,1,6.473611109897744,0,1
365.0707006573815,16,43,2311,3,0,3.017494620881287,1,1
226.0953046317403,21,71,2255,2,0,35.00259096479591,0,1
367.39701409556073,18,21,1616,2,0,6.970743588220717,0,0
38.62630666100289,9,26,156,3,1,27.374453906562994,2,0
118.98926964075744,8,44,2110,10,0,39.51911740458053,0,0
154.59532643861007,13,45,2124,3,0,11.613164209848092,1,1
618.614571475299,18,27,325,3,1,3.4233440672852584,1,1
251.7366519706091,3,51,1325,1,1,4.402080104346638,0,0
101.77310283959984,14,59,1445,2,0,18.19657803531758,0,0
105.30091516908465,10,67,575,4,0,16.36498610082407,0,0
879.9955958224605,6,29,2890,3,1,18.880872956664547,0,1
13.128780486388903,2,55,2537,6,1,2.195586038824759,0,0
51.54170866135698,15,55,2261,3,0,16.02018387329283,0,0
293.2845658368573,4,53,2237,4,0,22.519259088257137,0,0
102.26943067211349,3,68,1351,1,1,26.64121420591732,0,0
542.8622209483917,21,54,1926,1,0,3.740099831681966,0,1
82.25701279942723,12,77,2634,3,0,24.724340671145114,0,0
83.42648679903435,17,48,1710,0,1,43.08348075503459,1,0
264.1014044329653,10,39,1674,3,0,6.658305755183077,0,0
331.1325517218006,18,55,1932,2,0,4.847945496755145,0,0
665.2833904337432,17,38,2056,1,0,8.912352054041014,0,0
267.22096974216583,12,43,1533,0,1,18.020318749320964,0,0
572.634760684168,21,46,1562,2,0,1.1965938888540455,0,0
404.9598050715416,22,31,379,7,1,16.681676231675013,0,0
155.0199803932344,14,49,1649,3,0,27.27491271406325,0,0
39.64088004170221,16,33,2988,3,0,26.997257697811037,1,0
146.35155950609018,16,26,1015,3,0,32.508402325871174,0,0
334.2283495686443,18,19,2952,3,0,6.908456496378125,0,0
119.60204627578456,13,58,2827,4,0,4.111808425129929,0,0
19.976561774367543,12,30,1421,3,1,24.4366000384844,0,0
189.0736897523789,3,70,1919,1,0,5.879528779544366,0,0
589.3017145631176,5,52,2445,4,0,4.586165589923124,0,0
158.2447595963595,18,53,2992,4,0,10.510926356621049,0,0
124.61171976081977,11,48,2075,3,1,20.091296946257643,0,0
383.7000221152712,17,64,671,1,1,31.241819067934653,0,0
146.50766178581304,8,44,41,3,0,51.97209724808833,1,1
22.438989970817605,18,19,1119,3,0,16.455308247464853,0,0
54.02619319432006,16,22,2482,2,1,10.51778915370194,0,0
6.480837114561283,19,24,2973,2,1,3.075456032013499,0,1
201.1624987862577,16,23,1356,2,1,3.4616302794943583,0,0
1.2130801184774684,4,31,2426,4,0,47.08765022847221,0,0
100.44166619550296,15,77,2083,2,0,10.962070215142168,0,0
70.78323661283406,13,76,2917,5,0,63.70771548800909,0,0
434.272331744854,21,77,668,1,0,27.66681938911644,0,1
102.07166358555062,2,73,1115,3,1,16.497983542705224,0,1
35.21566194443919,5,77,552,5,0,39.77561880139006,0,0
132.40122646546368,0,48,128,1,1,6.089176840249934,0,0
140.96672945233456,0,51,590,5,0,8.422372960993021,2,1
178.46355002866105,8,79,2892,2,0,37.75031802070748,0,0
101.51778705925226,18,54,1650,3,0,35.243840482851375,0,0
28.13879718551649,18,77,1397,3,1,35.93360709406351,0,0
173.86043747977322,0,51,1944,1,0,0.2636235613621059,0,0
287.47286970940115,20,79,2870,1,1,17.931698816304966,0,0
145.99439243495772,14,55,905,2,0,10.13417593669292,0,0
217.13007974348128,15,41,1913,1,0,13.103072795354048,0,0
324.3039048666513,14,46,2624,0,0,25.332588746752904,0,0
55.940040732484256,23,53,2838,2,1,0.3997573014606515,1,1
105.415072159465,13,29,217,3,1,14.595222116908603,0,0
44.37690358575452,22,50,2098,2,1,33.51519005742961,0,0
8.051833273152042,11,44,2266,2,1,38.818897658827176,0,0
232.77231962673167,16,62,2294,4,1,23.66316440796861,0,0
356.68867879250183,5,38,344,0,0,29.32787654140497,0,0
491.9616465792632,18,75,545,2,0,38.84024831935184,0,0
222.185887130322,21,32,137,1,0,32.496005260360214,0,0
81.446720817727,0,35,698,3,1,8.475811874007979,0,0
15.780860112850975,14,78,608,3,1,1.3395101782686345,0,0
206.54051754475944,0,27,354,4,1,8.385053942970572,0,0
362.8514824225664,19,73,2972,1,1,11.26232652499766,0,0
159.49226313907857,11,79,2134,6,0,15.057448479544806,0,0
8.49716647298014,11,59,2394,3,0,18.68807852536501,0,0
133.06189644751197,17,29,2953,1,0,17.870665012799947,0,0
105.40078962234924,20,63,917,4,1,21.273929442492395,0,0
274.18736146400335,5,21,1605,5,0,16.014433238982228,0,0
290.28464525580927,8,45,653,1,1,1.0674718716511564,0,0
170.42838777252754,3,26,1383,5,1,26.54646267360954,0,1
162.1303185282788,13,29,927,3,1,55.80569701093975,0,1
282.7343495633032,0,70,2962,1,1,1.2282023028019478,0,0
237.4691165954207,0,44,255,4,1,9.721028182955106,0,1
34.85002254891614,3,55,2618,2,1,28.530271711733988,1,1
139.9217683835627,0,44,365,2,0,15.673793984009556,1,0
0.3132662496083496,19,59,134,4,1,32.215956065152625,0,0
86.35443226442555,12,76,2792,2,0,3.5937983413375303,0,0
16.519923092348773,14,79,2882,2,1,11.590003737454088,0,0
536.3447047947478,11,54,372,1,1,15.010831230487948,0,0
152.80854788663294,3,35,2336,4,0,65.60520999936162,1,1
28.545520870008367,7,74,742,1,1,25.357077470798664,0,0
31.47786795713129,22,48,2700,2,0,7.449216943271439,0,0
122.59135144186058,17,76,1355,1,1,35.70498301114333,0,0
32.05741347991925,10,43,553,1,0,17.10475035375564,0,0
3.2753628348681034,9,76,2121,2,1,4.790478262653351,0,0
175.09354426537163,13,42,1039,4,0,37.60275478442221,0,0
8.045020241075818,9,77,668,1,1,35.95785335263909,0,1
43.74101200689903,9,19,2595,3,0,8.270996680366382,0,0
52.81357319977935,18,33,1440,4,0,5.439909281100992,0,0
87.78906585369609,1,69,1528,3,0,1.747973375574592,0,0
144.69138658939357,21,46,2166,1,1,7.216108732042466,0,0
279.16757473261544,5,71,2973,4,0,8.135217603415292,1,0
403.590009473583,6,42,2062,2,0,24.181568399733635,1,0
221.28955627475727,2,45,2397,1,1,3.263573348135384,0,1
907.1278005359092,14,23,325,3,1,30.39511365280553,0,1
565.3144586567092,22,38,1080,4,0,23.28123404558436,0,0
272.8034335817141,7,55,1172,0,1,41.34791936391391,0,1
43.80246863178717,9,48,1624,2,1,33.17152683927225,0,0
180.94938500337784,9,59,2226,3,1,6.839266824356702,0,0
65.32518420207387,16,21,2077,4,1,11.516261847955745,0,0
61.132177149131685,12,32,1212,4,0,6.476066077217183,1,0
53.05864066803223,9,45,1296,3,1,4.096024140495748,0,0
115.61730062511242,9,32,1262,3,1,25.27912538078361,1,0
24.734708741815197,3,47,1573,3,0,6.817047401241453,1,1
10.524827318536731,12,65,1180,6,0,17.6598044281933,0,0
70.72432156353936,13,60,2908,2,1,10.338149328669118,1,0
65.96056802684984,7,18,2265,1,0,42.80974283260228,0,0
407.3395144352313,12,68,1019,4,1,50.924148468194026,1,1
69.10310240048045,10,77,1952,5,1,18.704392685957558,0,0
245.98187680415683,7,74,785,3,1,31.831050777038065,0,0
15.177940442768776,5,79,890,1,0,16.026392386463005,0,0
781.9595701671619,8,65,825,4,0,12.379957145922882,0,0
146.16689158139263,12,59,573,4,0,25.170181848958507,0,0
224.2894772199142,3,54,1232,6,0,11.399513613932337,0,0
452.311858533992,19,71,1813,5,1,6.2382189479169945,0,0
36.36561499915391,16,47,1178,4,1,3.735828521587062,0,1
266.98100645933096,17,43,1915,6,1,2.111243846889871,0,0
167.31397135530997,20,30,2019,3,1,4.807570219031472,0,1
69.80355170098413,19,18,2586,8,0,4.35638128418037,0,0
130.73746085703826,20,47,2004,1,1,30.469884083281148,0,0
72.83043150242523,5,54,2652,1,0,57.10080130638395,0,0
146.12812194485144,16,33,411,3,1,47.96195838842003,1,0
42.451140201114,14,54,844,4,1,16.864005920889294,0,1
373.5262316341256,8,62,400,2,0,79.44649544245398,0,0
157.10776554914037,15,52,1007,1,0,6.339546842874064,0,0
129.76880334835585,4,41,2759,3,0,7.299651945251436,0,1
443.5386938403536,17,51,2683,3,0,32.71450972929338,0,0
44.86226874845159,19,65,1332,4,0,15.472462473949538,0,1
158.21737979715286,4,37,1768,5,0,18.10537337745553,0,0
28.076387795327456,9,68,1623,2,1,1.8359105504283384,1,1
264.3723051624441,11,25,819,1,1,8.661292641797363,0,1
243.812981476404,20,36,2799,5,0,1.7847696082168287,0,0
216.92350168233645,5,60,622,3,0,1.90471207205002,1,1
65.38770479844176,15,28,1867,2,1,35.289022786079606,1,1
310.38460122386294,4,57,308,2,0,2.7018964607419726,0,0
469.0123045962883,0,40,1072,2,0,33.33926713256372,0,0
135.83188209264162,2,19,257,4,0,20.516118861768867,0,0
108.0450310898486,12,46,1210,2,0,6.593597269366595,0,1
58.96453419404587,20,62,1503,5,1,10.283678576829873,1,0
140.6861979227362,23,49,524,1,0,30.900749495449308,1,1
200.906000527352,15,19,2694,1,0,7.023341171483137,1,0
16.352642209818384,14,54,710,5,0,49.299592537605726,0,0
391.4650013610856,2,29,591,6,0,21.85381929963945,0,0
43.06410889059882,21,36,2848,2,1,76.96526908289178,0,0
4.663365007400511,1,75,2084,5,0,45.98874434409766,0,1
839.8031449859902,9,76,466,4,0,22.00816338445691,0,0
456.4687010091152,18,21,2974,5,0,11.039059683404204,0,0
416.47033825331096,15,69,700,6,1,18.957044920341204,0,0
84.90970653789653,5,66,2838,5,1,31.207315860577147,0,1
107.49375114808396,3,74,1837,2,1,10.465866240043372,0,1
83.6545610338064,18,37,1086,4,1,7.38021117567963,0,0
278.40077993678455,7,63,1340,5,1,6.196974979963718,0,0
61.829755283105214,9,74,2454,3,1,17.381466420693968,0,0
550.3269646536351,15,35,1619,1,1,4.5786321920463,0,0
202.28043097497087,4,35,48,2,1,17.686545805079422,1,1
52.43890223098862,1,30,2496,3,1,12.538309870000264,0,1
136.89851632861223,11,69,1184,1,1,5.578167674637963,0,1
498.4299231569099,8,58,1792,0,1,30.646964495583745,0,0
161.7657063057398,1,54,278,2,0,2.05047717648873,1,1
108.14256454860302,18,69,828,2,0,0.5918517929022364,1,0
19.945932369610937,21,30,1659,3,0,11.698881746060646,0,1
58.187324376479445,17,20,774,7,1,3.448859096628389,1,1
25.61419253071429,10,18,2721,5,1,0.5567675438591022,0,0
76.06927064762348,20,66,1914,1,0,3.904657053879135,0,0
215.5798228153552,14,43,1796,4,0,24.66704685876836,0,0
280.43409196998164,10,68,2497,3,0,10.347735260162075,1,0
181.2928915257866,17,30,1755,1,0,41.91310461273383,0,0
105.30461088487306,23,65,2573,2,0,8.938487398384902,0,0
111.58391226447246,20,45,2610,8,1,1.6165122910971936,0,0
222.50420884024717,1,38,292,3,0,36.75751615863657,0,0
125.5879352009015,15,77,2233,3,0,54.72556807354299,0,0
39.61291215602891,16,71,2493,3,1,0.1063957761895149,0,1
6.328908292260762,13,60,1235,2,0,13.760932486357538,0,0
387.4845195162264,13,29,524,3,0,19.91213800469913,0,0
30.046905745467733,1,75,2590,3,0,10.50282244948201,1,0
782.7306195161183,11,42,660,1,1,10.28277890969467,1,1
8.55653178984613,4,19,597,0,1,43.785952481926415,0,1
66.66456204894865,2,39,127,1,1,4.637822503990866,0,1
474.7444323398766,7,31,1660,5,0,9.13795428153144,1,0
159.22766751737424,1,67,2262,0,1,17.862388380549206,0,1
105.65639497653451,4,58,2720,2,1,21.771533347541304,0,0
129.00823776457094,14,30,872,4,0,1.161983977314686,0,0
266.3009460534665,1,66,1577,4,1,143.49911747602096,0,1
3.868265794578303,15,72,1506,5,0,21.95927573451579,0,0
419.68484056082855,0,51,2256,1,0,24.4748760794536,0,0
106.41728863006745,21,56,457,4,0,7.9689140797313085,1,0
289.5346257573762,7,34,1467,2,1,21.09843486952232,0,0
404.5716450963964,16,20,1540,6,1,9.070831893600232,0,0
152.5227901010554,21,69,1894,2,1,52.75634552920223,1,1
254.8598935065472,6,25,817,5,1,10.731209511113864,0,0
54.62377455657042,15,29,275,1,1,26.43113536716998,0,0
243.4363769647207,0,71,2585,1,1,5.048219856044631,0,1
103.06840179089842,21,39,2604,3,1,6.012594378360596,0,0
329.17426161318923,14,46,36,0,1,1.3375136703571475,0,0
242.99330558659287,3,20,1952,6,0,33.26864838580305,0,0
155.43597713604987,7,22,407,4,0,20.299150408988424,0,0
51.34772096399482,17,55,417,0,1,43.637072692434735,1,0
67.91696147563441,20,51,1615,4,0,1.6387879992581142,0,1
32.18938086203602,22,75,505,1,1,15.572544507188738,0,0
293.1204498396584,1,53,2841,3,1,16.3373415092967,0,1
32.986383547325964,9,74,1882,0,0,53.9450343763625,0,0
39.50871203199098,10,62,2958,2,1,10.2424598992168,0,0
315.91285472054705,23,75,376,0,1,6.6697831714649904,0,0
811.2738432047363,19,51,1513,4,0,0.7247284354907881,0,0
227.05730233993657,23,68,1621,3,1,42.44608898520298,0,0
51.06025502817646,11,31,1422,1,1,27.225746328604693,0,0
91.28691252583722,3,56,803,7,1,15.519668281509327,0,0
114.58507901822242,3,69,1248,2,0,13.18245504456376,0,1
366.2693023676061,8,55,1130,2,1,69.09570879027146,0,1
77.62205702332555,10,24,1155,3,0,2.686950659522793,0,0
74.03099796587978,3,19,221,2,0,53.27173672509379,0,0
96.9687889589484,5,66,644,1,0,4.214180885259506,0,0
217.84544959946624,1,70,1394,4,1,23.1585730696327,0,0
88.24539990597403,13,50,2396,4,0,1.0917698473022508,0,0
181.68576799751204,0,37,2421,1,1,28.06061090901563,0,0
2.619117510281669,12,30,2705,0,0,5.626993345389419,0,0
108.71614602718692,13,76,1332,3,0,1.192749557231208,0,0
169.3525532311585,10,62,1672,0,1,28.149166197337408,0,0
139.58042145436332,13,46,2838,2,1,13.482047767048748,0,0
442.1549713620236,1,30,2578,2,1,11.43137723552466,0,0
8.493619689286842,12,70,1225,1,0,19.660451028033187,0,1
260.7541593508799,4,27,2788,6,1,17.95401317095828,0,0
72.98288982403295,5,58,1042,3,1,7.191415128582378,0,0
641.7462293587214,9,77,47,3,1,3.103588467371809,0,1
441.4646952693534,6,76,2703,1,0,31.986134448508817,0,0
132.25318240263812,2,79,417,1,0,6.099566930161301,0,1
223.8159014450261,15,71,688,1,0,24.487068025828247,0,0
178.74264035996055,18,54,168,2,0,23.732954586642062,0,0
954.3105097269024,13,55,533,3,0,6.295438284590199,2,0
27.925527539884,8,39,2730,1,0,13.580105462486229,0,1
72.6970722795446,12,34,1220,2,0,7.89101135498797,0,0
14.882625955254904,7,35,1645,4,1,1.461992980210273,0,0
23.41333391613229,2,56,1722,3,1,14.994489282518275,0,0
311.7662063697483,2,38,560,3,0,31.34415705924542,0,0
550.4388108897817,10,32,2781,3,0,47.99913667885375,0,0
152.72583077809227,16,34,1806,2,0,13.902916278115452,0,1
295.22048455161706,7,34,910,4,1,12.928206542232264,0,0
480.7615461568678,22,57,1391,6,1,6.165305176199967,0,0
391.4376577120959,18,71,326,1,1,8.736170155872554,0,0
1.5183237062831378,6,49,2905,4,0,12.276241926527035,0,0
212.13497372983628,3,52,2889,3,0,26.72816088562355,0,0
715.4924805594347,1,26,1502,2,0,10.46792202457256,0,0
11.969524568741218,15,78,2640,6,1,5.861722308175244,0,1
203.835222084033,16,30,690,5,0,9.52291245002196,0,0
7.482513167639166,22,50,2579,3,1,48.5542701180803,0,1
153.05734220987233,9,18,2913,6,1,16.420977287732274,0,0
116.11896310804546,6,29,2043,5,0,9.185957442202536,0,0
19.9384841949454,13,57,634,3,1,15.698149238736756,0,0
117.43465110160976,16,55,1723,2,0,17.291596056101596,1,0
382.1740385106908,17,61,1216,3,1,24.76048740683591,0,0
237.98024762335484,17,41,871,0,1,45.52224928349908,1,0
135.30359315944665,12,53,1096,1,0,7.352075192784678,0,1
656.4019729082796,19,55,1185,1,1,24.33134916352946,0,0
203.84192271370017,7,67,2953,0,0,83.4252997024057,0,0
133.74079675752444,8,29,988,4,1,2.441469940900824,0,1
332.0666996077594,19,74,2500,3,0,4.895382975741801,0,0
500.6788802966707,3,71,1603,5,0,26.450451813144,0,1
607.5712173436884,5,55,2479,2,1,19.234543408245514,0,0
44.63094055346429,23,19,1496,7,1,8.779518121073863,0,1
110.9879517867179,22,64,328,3,1,8.289812042445762,0,1
12.567842379845262,6,77,575,7,1,0.0496697698351379,2,1
375.5429997249382,18,77,2794,7,1,14.272136229926886,0,0
89.8373521418981,22,76,2737,2,1,10.715413660803378,0,0
139.6585096432789,11,69,1359,3,1,37.851035980794585,0,0
19.545228094988147,10,22,1146,5,1,16.581165687205154,0,1
504.62782943894223,21,36,527,3,0,7.028942664685832,0,1
67.79821707924266,15,51,487,3,1,2.372974464958144,0,0
81.42605688443645,7,47,1920,3,1,25.295305553457776,0,0
276.4311082609331,19,28,1318,6,0,9.201740594790888,0,0
25.54192434996594,1,47,2721,3,1,21.85923403514625,0,0
79.12549395755805,9,26,606,3,0,0.0052257415088516,0,0
91.7045598528608,19,37,2723,3,1,5.3532618283390665,0,0
188.225711294866,16,67,2055,4,1,52.58938857887728,1,1
77.32751908000078,3,55,2067,6,0,45.03019047024512,0,0
278.724344925305,2,46,2202,4,1,3.5399016752763046,1,1
131.5718605257502,13,70,990,3,1,5.536328828455187,0,0
567.1803263285601,20,33,75,3,0,8.550885304494432,0,0
127.81322667526196,20,34,2217,4,1,0.510993538978517,0,1
12.844402494814547,17,72,2760,4,1,1.6118826340822086,0,1
169.7244906536377,0,28,921,1,1,3.059704777052898,0,0
81.67759011420681,3,21,1627,1,1,19.85999713276221,0,0
1192.2211394875935,13,31,1074,1,0,10.61011317218792,0,0
53.23381541370589,7,69,176,4,0,21.62369853880104,0,0
587.1265912002593,11,55,1106,1,0,31.81871770819281,1,1
258.0272874440755,12,54,2726,2,1,8.058568700705317,0,0
154.7421172007841,13,20,662,2,0,16.099954789316698,1,0
397.59688854832217,17,25,2264,1,1,2.5126257082055137,1,0
80.74508107230449,12,70,2780,3,0,3.667321591947237,1,0
280.3775275266543,7,32,2894,1,0,17.911990418202212,0,0
91.86670125332104,21,21,1664,2,1,1.2280804555942633,0,1
223.93235577695444,5,36,144,3,0,18.140761672159943,0,1
132.33767669992872,9,79,1305,2,0,24.557890932997797,0,0
51.24417419455772,1,27,140,3,0,8.540144219904775,0,0
1.155061103250771,16,75,1441,3,1,14.313155271511064,0,0
24.90119551049017,4,38,453,5,0,26.70460043658736,1,1
141.02691168196353,6,57,1274,9,0,100.3438442870886,2,0
27.802526751598982,17,50,335,1,1,11.699887891452397,0,0
674.9331588443348,10,52,2838,3,1,1.7585148486982536,0,1
597.2380830749336,14,25,1515,6,0,6.247164579167938,0,0
478.9981938518605,3,50,1989,4,1,1.298908558787477,1,1
47.7375250497894,3,41,292,3,1,13.612891768867623,0,1
22.364384749618328,0,77,1834,8,1,16.02395906211774,0,0
129.23066577702016,5,56,2399,4,1,10.688463381430502,0,0
55.29221063236709,1,51,93,3,0,26.97608516800697,1,1
197.119489655971,17,39,2309,4,1,108.96612384718796,1,1
147.5713005800191,3,74,2277,2,0,6.85279345690006,0,0
39.40772108962442,3,53,1542,4,1,30.53048144308672,0,1
137.494190526334,15,35,97,2,0,4.567239018472939,1,1
33.91925838292104,13,56,1202,2,0,12.938971290761284,0,1
37.479906557297504,5,51,2394,4,1,10.339655135002111,0,0
294.28978451677136,21,56,2741,2,0,47.61902450282367,0,0
136.4099193146712,4,77,95,6,1,28.618041662260683,0,0
39.49020839776964,18,67,2308,4,1,18.307701706555555,0,1
141.41694690315992,1,73,156,4,1,5.561204888030669,0,1
851.7274656679415,22,47,531,2,1,32.19420937706755,0,1
270.9418756145237,13,69,520,2,1,0.3401684813208841,0,0
190.07389770623772,14,28,273,1,1,36.57070799315293,0,0
70.57899294904256,8,41,1221,6,1,15.07549659320009,0,0
108.39087133403468,13,71,2905,0,1,40.851804389988295,1,1
16.165959314865066,22,57,2095,1,0,28.160741586771948,0,0
108.06746289457897,5,33,2093,5,1,2.595351726080017,1,1
132.28213648260774,18,55,2002,1,1,24.788314981662595,1,0
378.6872306742176,9,51,2831,4,0,15.254712055752131,0,0
23.39537484460502,7,57,1017,2,0,20.936696718887266,0,0
2.4151290560280168,19,58,986,4,1,15.191466551746409,1,1
80.91194656992609,6,27,2234,0,1,6.827552156592473,0,0
39.9953608313514,8,18,1176,1,0,44.81615637384292,0,0
82.65113904347378,4,69,1797,2,0,18.423449217198907,0,0
369.6203907145359,7,57,2545,4,1,17.910189253465663,0,0
82.19701596103333,12,57,2131,4,0,40.48967536724679,0,0
65.63608245050874,8,22,40,1,1,44.29148183965793,0,1
181.08931883382795,4,20,1041,2,0,13.715980079962192,0,0
347.85288930532,20,39,2412,3,1,0.9672634958623354,0,0
43.08198908244742,15,23,1989,4,0,14.539626730661253,0,0
468.7543192349008,17,47,990,5,1,8.281298162051087,0,0
211.23948618385765,21,23,934,2,1,20.126048529616337,0,1
174.27412983477274,9,62,2470,1,1,0.0469258046805618,0,0
215.04754303408052,20,23,1031,2,1,9.092207773155582,0,0
251.79140368486165,13,39,618,3,1,33.78220441350968,0,0
18.200979350470163,19,45,659,3,0,16.25728654669672,1,0
313.95359313857256,15,40,1114,8,0,37.89839883846358,0,0
104.86339874719394,7,74,189,5,1,1.550401711584003,0,0
1505.0406872064375,23,63,877,8,1,8.863437905381133,0,1
473.6475350956181,5,77,1132,4,1,8.737322773819923,0,1
369.9352274274058,19,19,2195,2,1,5.58175656854456,0,0
173.08616319294686,16,34,1794,0,1,2.745458374593804,1,0
225.52322023733024,12,44,2842,1,1,4.759165076525877,0,0
11.596444737815972,2,34,833,3,1,0.4616821614787927,0,0
270.1113692622208,18,35,1032,2,0,5.426699440004233,0,0
190.3681971714877,22,62,367,7,1,4.904179542047919,0,1
15.652580434678836,8,33,2394,1,1,3.042196875498456,0,0
404.0152343219403,14,74,2222,3,0,26.03585804461453,0,0
48.75416200094418,11,62,1407,2,0,17.669032082117376,0,0
360.6400826039479,23,48,2813,2,0,8.33039978481129,1,0
109.19958359123716,1,51,1338,4,0,21.50478620011343,0,0
71.5977536585969,18,73,2674,2,0,19.249720956285103,0,0
219.60032354921304,13,30,2878,4,0,4.966081769113601,1,0
34.887734097824755,18,27,813,4,0,6.522381145793492,0,0
178.23885696705918,0,31,1098,1,0,5.507265119837109,0,0
121.57808999284704,18,77,1857,8,0,0.6181324940343339,0,0
130.98036830042165,20,28,794,2,1,22.609165996804176,0,0
96.75058783679252,2,32,1298,1,1,6.439930019360243,0,1
118.05514995878808,12,65,1932,3,1,22.35168971590284,0,0
186.4987893931179,3,46,817,2,0,1.0727041954368208,0,0
98.37825244043836,19,72,2311,1,0,45.37386544101223,0,0
234.2397516936516,14,73,1735,2,0,20.096054698661305,0,0
35.92237324366271,20,66,2681,3,0,9.755974088189236,0,0
27.32746704578142,2,27,850,1,1,0.96649777180723,0,0
98.48305987637376,0,58,56,1,1,16.529600210174426,0,1
325.5239768907216,7,41,2639,6,1,11.191142058941528,0,0
14.66400291294247,4,38,730,5,0,14.602781824073274,0,0
96.06213210247604,15,20,2775,4,0,77.05857543447397,0,0
19.1681911211672,5,52,217,3,0,57.440845539241785,0,0
70.89280971052237,19,19,1942,2,1,2.655424832315396,0,0
21.845834218819547,1,28,1973,6,1,29.99667469581732,0,0
143.35582244168015,8,52,1469,1,0,7.930661347705916,2,0
143.57894646508566,15,21,2061,10,1,0.752745299692933,0,1
63.206215786911145,7,38,1504,0,1,14.399172866562004,0,0
562.4302117115614,8,63,2404,2,1,63.32721066817783,0,1
957.6516752743752,14,78,675,4,1,1.0823452145184658,0,1
259.69828468404285,16,52,2975,4,0,20.19228884512197,0,0
236.80109074049523,23,46,2421,2,0,27.603446914078912,1,1
273.46684336244266,14,64,951,3,0,16.277780484165017,0,0
188.8076957502533,9,19,690,2,0,36.530194112314206,2,1
197.5065815256231,20,39,579,4,0,8.43433510327092,0,0
17.842687530100626,19,75,755,2,0,8.075777125466226,0,0
168.50462407622737,23,27,2823,3,0,14.745879571815522,0,0
11.893142557536308,17,78,2772,3,0,14.07194343138164,0,0
102.80980052458816,6,55,1011,1,1,16.590297794610795,1,1
236.1631317313262,5,26,1812,7,0,11.1871315997675,0,0
201.15726984935267,16,70,1015,6,1,9.214943283873694,0,0
202.9074896409232,15,55,1375,0,0,30.507696670545705,0,0
41.31627779968365,22,70,1006,4,0,2.827666136979045,0,0
200.69883810410624,6,68,409,6,0,8.576101751879078,1,1
272.8433774448416,10,67,1653,0,1,6.328172805455381,0,0
422.7309802579727,6,26,1493,4,0,34.77123925882087,0,0
56.30000672008816,23,19,1394,0,0,5.521550362713948,0,0
5.344163373302273,1,40,2568,4,1,16.11849358401297,0,0
53.022184616092446,12,52,2379,3,1,11.027208386239252,0,1
155.43472633835907,23,68,1835,4,1,19.456155264919957,0,1
38.42136370803944,3,21,1180,6,0,6.169390768832201,1,0
178.87175271479882,4,50,509,2,1,6.40990626294093,0,1
1.8750864328912316,5,35,444,3,1,67.77113344854266,0,0
774.0951837360714,18,75,2031,2,1,2.917491820566725,0,1
225.98392763761132,23,78,1453,5,1,4.401863479426254,0,0
42.23849670784796,3,77,1423,5,1,16.33936252786613,2,1
127.69487464744608,23,75,2495,4,0,21.62739535076486,0,0
89.27319174155141,1,42,2174,3,1,2.660847109864741,0,1
282.4094720340436,6,36,2509,4,1,1.88284003921466,0,1
211.2721842211056,22,41,136,5,1,20.590315890117623,1,1
206.1654315689964,12,29,1264,5,0,0.8830830291460078,0,0
38.43526169091586,4,31,1859,6,0,16.112311577269914,1,1
23.5311809756145,10,69,2428,5,0,20.951472050908823,0,0
284.59605298196954,11,73,1546,0,0,29.1995457954888,0,0
86.34957821673652,6,33,252,1,1,48.76497365992773,0,0
126.84522794928544,0,45,1555,3,1,18.598408280676846,1,0
137.90646407894448,3,78,671,1,0,0.7501357210907236,0,1
38.25857629100438,21,74,2195,2,1,10.984415009458653,0,0
301.35090952069635,4,32,2992,6,0,1.3539003604658983,0,0
385.3777601363465,10,55,1170,1,1,8.577001014702923,1,0
13.92488145146022,15,30,2731,5,0,26.253500818978004,0,0
310.4935998776456,21,73,1320,2,1,8.024854799115033,0,0
110.60547134428192,6,65,2225,1,1,1.0094224316027771,0,0
238.3355899376474,5,78,1392,5,1,15.40378339717451,0,0
169.5431593007745,16,56,1577,3,0,1.900519541974452,0,0
196.0567596764842,7,72,1599,2,1,76.9687748255246,0,0
62.612999425465546,19,69,2710,3,1,0.4090031049329761,0,0
104.43588315461348,18,59,2576,5,0,7.21969370893584,0,0
218.0125050294198,17,27,559,3,1,6.633321076718585,0,0
252.64683323231088,12,58,1521,0,0,72.04811810995511,0,0
175.62994227461635,0,38,2719,3,1,15.428316694188071,1,1
420.7047536486472,19,64,2134,3,1,3.4702471235877788,0,0
35.49473082009767,16,66,2090,4,1,0.5851885632787132,0,0
744.1055524137777,13,70,2614,5,0,27.240802708912724,0,0
176.07636028204803,1,33,2962,1,0,6.707245254123272,0,0
557.6402731202855,4,64,529,1,0,62.09501172989977,1,1
68.19885378713828,4,66,416,1,0,8.523778895171805,2,0
428.8369608456883,4,47,1870,4,1,18.554969251781163,0,1
61.16199780055867,16,62,2893,3,1,79.35144743557066,0,0
50.94923405346552,0,48,314,4,1,4.512496009373442,0,0
27.65926886261773,0,60,678,4,0,21.40342459279587,0,0
322.25210292832253,2,72,2752,4,0,3.604476808116956,0,0
107.7647300426542,23,46,387,2,0,14.507850904033695,0,0
250.4135579171581,16,30,838,1,1,13.86373480869536,0,0
235.34943766060223,17,54,691,3,0,11.072858604117124,0,0
23.223228879145857,6,41,1044,3,0,14.404667529329853,1,0
399.5594323932003,23,72,536,5,0,11.340281198188734,0,0
189.64580877856864,13,50,323,1,0,22.934869557220125,0,0
63.938232511681406,4,32,632,5,0,7.456896554647528,0,0
76.76592140803179,16,55,579,3,1,1.4737488131327745,1,1
551.322071972194,9,26,1580,5,1,1.6078851978953643,0,0
43.13280760429696,11,78,1136,4,1,57.67241832310263,0,0
39.31265992096782,19,18,804,2,0,12.095585266770875,0,0
118.08299747914172,13,28,1269,1,0,4.159770914044558,0,1
457.3157099590866,21,20,2464,2,0,7.169460043652492,1,1
92.81096625827291,5,36,1811,5,0,4.505863188109103,0,0
19.866045727093024,23,71,1442,2,1,15.334501580522414,0,0
75.94070776789465,10,75,2017,1,0,2.243261471496451,1,0
139.17056495677718,21,71,1000,1,1,15.541305021697037,0,0
63.575294345786574,14,46,625,2,0,11.676197505338148,0,0
89.01030668379649,22,56,1490,1,1,28.68654998249425,0,1
137.9637564832202,23,21,1900,2,0,13.730612975388352,0,0
277.8755413183913,17,48,2927,2,0,5.959740666234421,0,0
177.24709264954316,14,21,1735,0,0,14.41805812084194,0,0
58.12458574922862,5,50,1346,3,0,26.368298023078232,0,0
233.0367869362041,18,79,2519,3,0,3.632021190294976,0,0
1.5387104540800602,16,60,2069,2,1,4.577940756381619,0,0
72.5257420640551,9,58,1732,1,0,7.005758586157804,0,0
18.53109179062313,16,64,1459,6,0,1.4719166028277797,0,0
96.2469066301624,18,53,1961,3,1,1.0211975984545432,1,0
43.62627284270896,13,54,2449,5,0,13.276630873577188,1,1
21.92712509982416,16,32,1224,2,0,4.717829174711239,0,0
77.13723536189704,0,34,273,4,0,6.231150779131275,0,0
21.643577162810853,10,28,1014,4,0,4.1165397385239855,0,0
174.32880295003267,18,39,1635,4,0,35.832206140845074,0,0
17.051749093933655,7,71,2568,1,0,37.91627871466006,0,0
149.90102293170062,9,25,2208,1,1,25.45787416336785,0,0
61.71207844024639,1,62,1144,1,1,5.591828546069751,0,1
161.3986037526363,13,77,2648,3,0,46.89757970265575,0,0
104.29859876948274,7,78,586,6,1,7.713076262869745,0,0
190.1785648625861,23,23,533,0,1,24.21584809222347,0,0
15.088206304784618,14,27,2819,4,1,12.131014676699031,0,0
350.740017385575,23,76,164,3,1,1.1619320603946612,0,0
191.12109539649484,9,53,1833,2,0,18.11555908858585,0,0
147.36841853915982,0,73,2064,6,0,6.379109786591842,0,0
41.5826264663867,3,58,2154,1,1,5.317100244609602,0,0
138.77283165916913,2,69,595,6,0,30.59653878264617,0,0
289.760673837556,10,53,2813,2,1,3.8527569383283984,0,0
47.110210721384185,22,78,66,2,1,7.947649497690507,0,0
168.56031740024775,2,66,1753,1,0,45.718708819788986,0,0
123.08323430119832,8,35,256,2,1,21.248128540178143,0,0
134.44353323424826,12,41,2855,2,0,1.294716325902376,0,0
172.04642053909504,23,51,1711,1,1,43.82603499410333,0,1
33.646194119216844,0,46,2874,2,1,27.692170797227025,0,1
318.4545077863279,15,72,2541,3,0,16.753110063385307,1,0
24.03574091035684,11,62,2250,1,0,2.5972716413565444,0,0
266.76712276174453,7,77,2180,3,0,21.819830491069304,0,0
735.8656927652032,23,47,1530,2,1,2.6176798007525863,0,1
247.4402360252573,1,28,2642,1,1,4.896846993502575,1,1
344.78678119179256,10,32,1004,9,1,3.3970244701972367,0,0
435.3484294709679,16,54,1300,2,1,13.79792806575493,0,0
126.75194643548528,18,22,803,5,0,5.790445936212139,0,0
220.25310064107404,21,58,148,10,0,2.285415945952278,0,0
160.88828331658974,23,28,1883,3,1,2.267131665868344,1,1
134.217099901772,20,26,290,3,0,2.3555313933432678,0,0
89.85831945796112,22,22,2845,6,1,19.329794592868534,0,0
43.94056203352539,17,25,2611,3,1,70.07661326344733,0,1
289.72468983094484,10,45,431,1,1,22.37120849006436,0,0
48.877083124979976,11,64,1374,2,1,5.256554820479432,0,1
180.88712282005443,9,79,2941,4,0,46.80461055219504,1,0
105.49431023394578,12,39,2042,4,0,42.97430835694461,0,0
106.77297467383546,21,61,1558,1,1,30.138005682008423,1,1
142.2455467875809,15,47,1213,3,1,27.729261985137885,0,0
201.3915418987042,4,53,37,3,0,7.370223307258815,1,1
87.89395347909505,0,52,1632,1,0,61.08006538896845,0,0
91.35553728463964,20,78,1693,3,0,39.379080784060754,0,0
6.335935764851569,3,77,2854,1,1,14.797046406143096,0,1
263.95272372943526,14,26,2583,4,0,6.862281644181179,2,0
227.66652972528945,2,24,1090,5,1,35.39769951275255,0,0
92.96001263187308,22,57,1648,6,0,12.491650890115649,0,0
115.68196944761544,10,26,1669,4,0,28.82832738634707,0,0
225.7837243837193,20,73,1866,0,1,64.63591066680948,0,1
83.6812807540526,23,18,1207,3,0,16.217386794998323,0,0
45.852766957417685,16,69,349,5,0,2.353577134022132,0,0
773.6484833189782,8,77,1415,2,0,63.35160728515361,0,1
810.8603546466451,9,71,1120,4,1,20.21438862132861,0,0
61.58645771440799,15,23,1082,4,0,75.89358212384442,0,0
166.8790591860861,6,51,442,3,1,20.53548338928401,1,1
251.872113698996,3,26,2047,4,1,9.43042827199963,0,1
324.7184577559071,15,36,1108,3,0,6.334255115319798,0,0
248.96448845548863,10,65,1143,4,0,16.385446550306625,0,0
241.3342336620334,7,66,1016,4,0,10.333682046218671,0,0
176.02111441989925,0,63,1444,0,0,21.21162280444656,0,0
253.89636489074024,6,31,1242,2,1,1.873874519364419,1,1
176.46597420082475,15,57,2179,4,0,17.740032033377663,0,0
25.87871863837208,14,42,2290,4,0,41.838762983407285,0,0
38.54783258814071,13,40,2778,2,1,69.55682822039654,0,1
214.4984636931713,1,47,664,4,0,10.939417212238634,1,1
18.19665532947585,20,22,905,2,0,2.1666175634671667,0,0
182.41297253805104,3,58,2647,1,0,5.546460139329077,1,1
33.96831327292033,23,68,934,4,0,31.53662728966999,0,0
71.58609201580936,13,33,1957,3,0,20.914071292784065,0,0
144.61499400157263,6,29,1320,2,0,3.2860526702279094,0,0
162.78223038618904,16,60,2511,6,0,4.001899535137913,0,0
243.4358637598586,6,35,2832,4,1,32.38159691514143,0,1
131.15983237872229,15,39,2153,5,1,8.30007860429709,1,1
311.84261951886947,6,19,1732,2,0,63.78746408863114,0,0
116.9141137912172,5,36,112,2,1,34.734488752452805,0,0
184.8404437970231,17,46,1381,5,1,23.386041179166387,0,0
82.421825179318,8,72,1558,3,1,52.30424673129522,0,0
424.5780000493593,15,19,1506,1,0,0.198750653464699,0,0
33.57034944912859,18,73,1901,3,1,25.939939197404957,1,1
476.6749771753044,8,55,354,2,0,25.874774523393924,1,0
281.40851890740976,15,69,2191,1,1,29.873656001365987,0,1
247.10252927139348,14,26,2620,4,1,22.09946795929717,0,0
14.714715699226009,22,42,728,1,1,43.66285276196594,0,0
15.398979618024994,20,27,1477,4,1,54.47577474256235,1,1
145.66045652212335,1,57,1843,7,1,4.045110669389041,0,1
349.4080320207032,18,46,809,4,0,23.5951001766924,0,0
143.79554698762192,3,42,2020,1,1,69.91434743059067,0,0
17.854236804260072,19,19,2068,3,1,19.278183028504007,0,0
269.7813207096188,8,39,246,4,0,16.102055189324776,0,0
116.1213863090131,7,62,874,6,1,24.41775943567244,1,0
465.0594609219916,6,63,2080,5,1,96.87267076805448,0,0
157.76287211526403,11,69,482,3,0,20.132419625760008,0,0
62.66655932249148,20,70,2052,1,0,35.96677131844744,0,0
115.78798356572526,6,78,1817,3,0,52.12595537447055,0,0
41.66110934749076,10,43,2305,3,1,32.85465965589388,0,0
192.3240134576401,19,26,1067,5,0,5.339517079097141,0,0
0.1887721127805834,16,50,337,5,0,55.75684254516049,0,0
119.33108238122036,4,68,433,0,1,5.389284764282172,0,0
117.65395598567936,11,19,631,2,1,1.2759058677585686,0,1
193.64044817977947,2,21,967,2,0,22.18155941638284,1,1
61.67758891889272,9,42,1592,3,1,59.02487925861042,0,0
137.15294977825883,6,31,1392,1,0,43.39228710591292,1,1
122.91305492728372,12,48,2087,2,1,16.794552539652184,0,1
90.85563938109158,21,51,746,4,1,2.7626323632730907,0,0
232.1051631273393,20,68,2633,2,0,6.996970161576948,0,0
496.55574576095376,5,54,488,4,1,6.218549128374448,0,0
21.3046407103123,5,20,2061,1,1,4.463942975560726,0,0
106.23750876250456,0,65,1983,1,1,8.06254341074122,0,0
113.00692987659642,3,31,2715,1,0,3.0636885158333587,0,1
366.6514364479272,8,32,2108,3,1,19.287919026640104,0,1
145.71395969064469,7,75,1274,3,0,45.00041495057666,0,0
25.628266314172244,20,73,561,1,1,8.339015233294974,0,0
277.79480105764617,8,67,988,1,0,53.0470244564532,0,0
22.334900119678387,20,20,2729,7,1,0.8925772209959869,0,0
204.88995267916368,6,79,2406,2,0,12.636609898700314,0,0
507.0458541719151,21,62,1927,5,0,16.837426306616717,0,1
187.1644445744388,3,49,2235,2,1,2.2494842386660903,1,1
47.464448345524,11,18,1456,1,0,20.124460902071423,0,0
292.5669036133366,22,44,2442,2,0,22.606692914232937,0,0
247.7427636691108,20,65,2912,2,0,56.09334303079157,0,0
103.12518624321754,17,58,2620,2,1,0.2266897342419535,0,0
703.0330315879623,21,55,1396,2,1,20.23768125804264,0,1
326.3105445737896,8,79,2947,6,1,130.34622774202782,1,0
279.97984602326835,22,26,1009,3,0,89.26863933758491,0,0
200.53398389657696,23,36,928,5,1,11.91471337186697,0,0
93.21292705875123,19,39,358,3,0,15.699227989368458,1,1
358.7250543212614,18,52,2188,0,0,16.656295381130317,0,0
859.74335773007,5,24,754,6,1,32.6688968328971,0,0
222.76590783465005,7,22,1696,4,0,6.481134959350473,0,0
679.7846153110519,18,62,787,4,1,4.517060530812333,0,0
84.64958145330455,4,63,1091,4,1,14.78234833682342,0,0
20.0523246073338,3,28,1570,3,1,13.76315049375668,0,1
37.55160002229916,6,21,1480,2,1,40.84420601414492,0,0
40.04131229672944,19,29,2512,9,1,7.250351298424183,0,0
238.8941556419437,16,53,2710,0,0,7.0977210480903405,0,0
30.62370681216703,5,42,137,2,1,1.1488952780510957,0,0
101.14217070711898,17,20,2970,1,1,53.198315853740645,0,0
181.9768805449953,23,67,226,3,1,4.988833281605915,0,1
156.07258256909142,3,64,2566,4,1,3.0123201427728743,0,0
232.8025282892511,13,24,1628,4,0,22.936523285727933,0,0
276.63358278337125,0,42,84,6,0,30.813563650553725,0,0
38.22662889634506,5,25,520,1,0,11.035415232687011,0,0
256.6314899759491,6,43,37,3,0,15.517440783602954,0,0
687.5591986425546,6,67,936,5,0,81.26449080936888,0,1
357.8249026198844,11,39,2187,4,1,59.53941531735281,0,1
193.51750708378748,14,71,975,1,0,29.83436505718742,0,0
377.3966727672802,8,65,275,2,1,5.8022818730135,0,0
95.18932456605512,13,67,700,4,0,10.903640293459706,0,0
682.0588139813656,5,66,2004,2,0,50.623426561432645,0,0
87.65316046155375,16,64,1839,5,1,2.1563489448496305,2,1
105.163229721533,7,46,1635,3,1,23.1737715541237,0,0
238.29125025755843,18,77,2398,6,1,6.685993446223098,0,0
219.63566258566183,15,28,891,4,1,3.3569097885513584,0,0
129.05271028441666,16,19,2326,3,0,3.7263877596723622,0,0
21.10654998825245,18,25,908,6,0,37.4896967660259,1,0
138.1881890319872,22,69,2831,1,1,14.131671059968722,0,0
200.14994096702523,9,50,1195,2,0,48.23555943518856,0,0
268.64089255174974,8,41,2261,3,0,6.503026754176058,1,0
584.0345096821285,8,62,2982,3,1,23.679129292481186,0,1
59.7622017625579,15,70,1380,4,0,1.7849099514900393,2,0
419.3217100727833,22,50,1970,2,1,25.19817346738202,0,0
1.0486671668489953,6,62,2570,5,1,36.53215383262189,0,1
351.0756510675283,5,25,875,5,1,77.07990317019527,0,0
285.81081826429767,2,49,1570,5,0,13.082125239156174,0,0
87.99819717647553,23,56,2731,7,0,16.939980321709164,1,0
126.5112753320564,14,31,2959,5,0,0.2557956272928458,1,0
449.2237024931178,4,56,2420,6,0,26.897445466690773,1,0
14.124544029252569,22,51,2570,3,0,8.896725809443497,1,0
579.8933130697628,10,53,1665,4,0,44.173744309951495,0,0
16.340911090966223,15,19,2914,2,0,13.163439070891608,0,0
15.39238818476334,7,30,2290,0,0,13.754785140118816,0,0
279.45256938677977,22,22,2201,3,0,29.271245328385763,0,0
98.59769081203424,13,29,1591,2,0,28.322324624584176,0,0
28.591691710188886,21,30,1835,3,1,33.53532801448293,0,0
95.67007265514654,4,30,2538,4,1,22.28616537381232,0,1
54.40024013938879,14,36,2172,2,0,6.106956740629209,0,1
52.26116249677809,2,34,304,4,0,5.829671430335863,1,1
89.77875039623098,8,35,2232,5,0,4.610384659884881,0,1
362.114755562796,12,49,2750,3,1,2.585707546128618,0,0
161.63198055376645,6,26,315,1,0,73.25259258580304,1,1
8.974597822865851,8,48,1905,4,1,41.88737284866916,0,1
192.5208500128257,3,64,1372,3,1,23.259729727930186,1,1
217.56247869211745,11,22,2071,8,1,19.758849064495884,0,0
15.003275790036902,6,23,2504,4,1,14.1216506735536,0,0
216.66060956830515,22,70,2837,3,0,14.102363476756429,0,0
53.102607480390986,18,67,1212,2,0,36.1031045937925,0,0
33.53295055413596,9,72,1518,5,0,13.700042271470746,0,0
15.836968038982462,6,68,273,1,0,6.746746337100836,0,0
52.62357510423544,1,52,1379,3,1,79.22394682658589,0,1
88.70164384922904,3,62,1273,2,1,8.304963656215675,0,1
229.4628813159515,14,22,1445,3,0,24.162033622938704,0,0
687.5310005674686,7,65,1033,3,1,3.0793513390199068,0,0
325.4610949982104,5,31,1229,6,0,14.073122662011164,0,1
464.43554983540656,11,76,2105,3,1,15.11928985924811,0,0
279.1901296469608,20,26,2593,2,0,8.151681229655201,0,0
207.0747295758262,19,40,2918,4,1,4.735857520740626,0,0
82.86184987832637,7,76,1234,5,0,6.166142669617272,0,0
382.70257087675685,23,29,2353,2,0,14.788769414680951,1,0
110.09880406268118,6,33,2198,3,0,24.392668738015423,0,0
334.11558948273705,23,18,1765,4,1,11.928562923681154,0,0
90.90298470565511,18,23,2724,3,1,56.73397186354724,1,1
9.160288594460557,10,24,323,1,0,11.174927651642337,0,0
997.102864900918,10,28,1007,1,0,0.6195756339829773,0,1
94.7329969604944,19,51,744,2,1,14.192937175685431,0,0
327.39505101947964,19,18,2853,5,1,34.61000920938984,0,0
16.81015028551401,17,25,210,3,0,2.8554886576686216,0,0
97.70279937048784,19,21,2964,3,0,39.585115933182905,1,1
57.91815248508042,6,43,2274,3,1,3.3889482485590072,0,1
185.46058840114145,21,27,1964,1,1,24.91907957355572,0,1
443.80080407290086,13,59,2289,3,0,6.270380106849601,0,0
165.75139865625434,18,66,2128,6,1,3.577669494445903,0,0
35.0325488009119,17,79,605,1,0,42.05068552720142,0,0
14.237701252529009,8,21,823,2,1,8.106496928019023,0,0
140.06258844442024,10,50,2286,5,0,25.67914460237833,0,0
25.005246401491256,2,65,1997,3,0,54.4941110796277,2,0
289.10075984474315,11,22,1293,2,1,35.183672005280265,0,1
15.38585310275927,23,42,969,3,0,19.94966785320128,1,0
5.205077266000462,3,34,2522,2,0,12.051651337577606,0,0
14.730958101447222,18,49,1875,2,1,27.97800574441444,0,0
263.57061869219217,13,31,116,4,0,16.370935386074844,0,0
8.316290383458485,5,36,1033,1,1,36.07859138500063,0,0
18.592705799239383,15,76,671,5,1,52.80104146248106,1,1
8.823799723700379,1,25,1074,6,0,14.253352945799634,1,0
166.82573426993883,19,75,932,5,1,14.313139824192902,0,0
76.55674089779978,5,41,64,2,0,22.697519067273344,1,0
124.70044270319742,18,50,713,2,0,4.109901484101565,0,0
705.1707924541578,5,29,987,2,0,33.35455534625367,0,1
10.695431502918206,20,54,1579,1,0,8.031943123445563,0,0
672.2188171799013,16,25,2041,1,1,8.030641133225839,0,0
28.195033183196312,19,76,2585,0,0,15.57003005972636,0,0
95.97746473745826,12,77,517,4,1,61.17574833028876,0,0
484.5933870118002,16,41,1433,6,0,26.155356512530837,0,0
68.16312267526575,10,45,704,3,1,9.105354382673172,0,0
81.77732725404557,1,59,518,1,1,20.102898914341488,0,1
12.948160931765356,17,30,1276,3,1,6.137916025061541,0,0
30.316575046750387,7,24,2129,1,1,4.745054224135031,0,0
534.0275848798652,0,68,1868,2,0,13.691331204985373,1,1
11.112611446662946,3,40,138,6,1,39.52917881653586,0,0
24.12778066017956,12,22,2806,2,0,42.591593710566364,0,0
159.35812966266292,9,67,647,5,0,1.1127156537360696,1,0
285.02379427895266,9,54,1125,4,0,27.772906447845664,0,0
18.55571447898315,19,37,723,2,1,40.254036585262455,0,0
508.8236813857433,13,48,237,4,1,26.47307946986316,0,1
46.08257604322921,6,67,742,3,0,12.260449831062555,1,0
124.82587975773843,4,47,2779,3,0,0.8031930163836222,1,1
85.48362678904304,9,24,2450,2,1,4.811990721866445,0,0
235.56392854516452,23,36,2575,3,0,1.1249304006217953,1,0
182.102658454824,14,42,1242,2,1,12.771939595325223,0,1
195.75986077146612,7,50,2154,3,0,18.41049784584774,0,0
180.69828842524183,6,51,238,2,0,76.73667986697252,0,0
357.48789078052863,11,79,1310,5,1,1.093039689489381,0,0
333.2179232156838,17,77,2491,9,0,15.881522784350723,0,0
102.41964025498427,8,61,2159,5,0,7.432561415287452,0,0
5.135082950555548,16,67,2688,2,0,1.8412939068214529,0,0
389.7256187171888,15,61,1849,4,1,3.430184834000686,0,0
523.5538332447437,9,26,1370,2,0,22.23976495383809,0,1
153.27700905297164,14,58,2060,3,0,25.428342828965217,0,0
89.30183612560076,9,33,151,3,1,3.90350686288333,0,0
173.9618779261282,1,73,281,2,0,27.383729240800093,0,0
29.89201321350331,20,24,164,1,0,166.06027051222983,0,0
105.9090421606008,12,79,2241,5,0,4.7254600737389465,0,0
246.44906418186216,20,19,887,3,1,16.19981308636617,0,0
161.5633882230301,21,57,635,1,0,38.86467643166901,0,0
135.8420348623657,6,70,1336,1,0,1.4620986878867317,0,0
858.8020224501532,5,57,1836,5,1,8.43158285773861,0,0
181.43968721981008,10,48,2916,3,1,2.342198850696384,0,0
794.700220639048,2,56,1172,2,0,3.717591583420029,0,1
104.56759631116832,6,57,1614,5,1,61.08230258907543,1,1
90.25651300129265,0,34,728,5,1,5.450416972130792,1,0
157.679770508331,3,18,1754,2,1,22.044440418762782,0,0
59.74709087027915,3,35,2421,4,1,17.05440503877273,1,0
329.876487394818,23,28,767,3,1,18.24252169547312,0,0
42.404095715143065,9,45,1931,3,0,2.315631738160125,0,0
693.5616293809899,21,36,110,4,0,4.738196692797684,0,0
133.6640659323833,17,37,384,2,1,0.3974912288463016,0,1
317.480880499899,0,28,395,1,0,52.336880040003166,1,1
109.87400794652964,11,71,2791,2,0,5.32649846275187,0,0
394.26899437596666,13,71,1155,2,1,45.864678220008194,0,0
1.7805595344570473,7,42,2157,3,0,11.34045820047001,0,1
494.9461556640923,23,37,1342,2,0,9.708196206594092,0,0
13.570297111374323,23,56,1803,6,1,27.17674541218116,1,0
160.90831747996597,1,58,2428,4,1,2.7024521154696384,0,1
305.0430786675892,14,32,269,3,1,19.077233453551425,0,0
86.33745230301385,3,25,2351,1,0,49.02131836218223,0,0
235.63589398563667,5,32,831,2,1,1.4556463119458587,1,0
37.67070935471425,9,57,1300,2,1,11.73304038499242,1,1
78.19715404344603,9,52,1216,3,1,13.189600642988353,0,0
259.7528347938528,16,42,892,2,0,27.52621702059849,0,0
203.8873122355617,0,31,2409,4,1,4.839772562233864,0,0
283.57893491474664,22,66,1322,2,1,29.60127046962002,1,0
190.90614310354357,21,32,1224,5,1,41.58974841595867,0,0
165.1405159368262,11,64,1633,4,0,0.0613765968322041,0,0
77.34206621256902,0,69,2120,0,1,10.948888965993476,0,0
124.2110603746878,12,49,1157,8,1,7.954818483155219,0,0
64.83536862573015,0,65,1266,1,1,4.361446185077423,2,1
343.77896227139,15,71,358,3,1,0.5761973899164214,0,0
214.2111846942619,16,52,373,5,0,0.5373102375475787,0,0
119.779327964467,21,26,1758,3,1,7.139441615022832,0,0
33.646498671225,0,49,2110,1,0,22.47253393317869,0,1
54.22617517608701,11,19,2138,2,1,1.9016935258848624,1,0
121.8777185000447,12,23,594,3,1,5.114609878116453,0,0
135.50055619910611,1,62,2529,3,1,2.322513171962051,0,1
171.39198125075637,15,30,1098,3,1,25.686911024621946,1,1
142.050137158793,8,28,1193,2,0,1.6256720223426946,0,0
86.68337421513527,12,58,2232,6,0,2.5170949331171006,0,1
54.06552292168861,6,28,2477,3,0,3.478798245639351,1,0
286.2633521251404,5,29,1191,3,1,7.389902966872377,1,0
136.17023364623066,6,77,1175,3,1,18.53030847399444,2,1
27.600293151681925,7,35,2636,4,0,22.514572883980502,0,0
90.94163005072522,13,43,1650,4,1,19.323927921027323,0,0
56.424467829617456,0,44,2263,2,1,19.21098941621092,0,1
123.52586867307582,7,56,2098,3,0,46.97302488413685,0,0
113.13343680919618,7,21,2941,3,1,25.57864881556434,0,0
31.65220535230907,9,57,2149,1,0,2.0473856636973875,0,0
6.113259594525442,22,46,2410,3,0,14.028682194549216,0,1
226.65077958457024,9,22,560,3,1,11.757005465476606,1,1
287.0417822291861,2,36,1021,4,0,25.734552136610954,0,0
48.41552708950251,12,76,413,5,0,0.1249814869915967,1,0
22.840914068625256,16,70,2650,4,1,0.8855914432571557,0,0
300.77060345126205,6,34,631,2,0,33.24452408033696,0,0
172.49839428761052,14,50,229,2,0,95.97209424681289,0,0
28.0857952481654,1,39,1836,4,0,50.51190018103856,0,1
286.05703118689576,15,64,2319,3,0,38.45909700357368,1,0
539.8036723094236,17,38,2733,4,0,31.77560702162513,1,0
110.1067406141785,12,54,2128,2,0,4.414819827918094,1,0
165.4220216179289,0,70,1504,2,1,20.21027928115513,0,1
4.747713020524764,5,27,2834,3,1,28.805453823141757,1,1
93.09622188253591,11,70,1879,4,0,15.17219929344963,0,0
132.94681645378412,17,49,2206,2,1,9.650116371533006,0,0
128.27607442531203,8,19,2542,1,1,7.213189544207562,0,0
75.86256042333176,14,25,2949,5,0,6.771638075628551,1,0
34.57013273473063,15,32,849,3,1,19.98011747113688,0,1
129.38090248233632,11,20,1920,1,1,5.687820720326963,1,1
16.018531435935543,5,77,2225,0,0,7.806148220381494,0,0
270.9555660736062,16,78,285,0,1,7.373114685657064,0,0
277.1468486336635,15,55,1012,0,0,3.041977454170971,0,0
314.68145330435425,21,25,1749,5,0,4.630935772316914,0,0
796.7396181811358,15,58,2788,3,1,7.421740622832001,1,1
173.86644102311072,8,28,1783,3,0,14.494225682861853,0,0
57.16472930930626,19,24,2169,3,0,22.55195304302276,0,0
451.8203510760624,14,67,785,3,1,5.667253512882921,0,0
197.41182238451736,18,24,1095,2,0,10.662815582999194,0,0
565.9276272126145,14,63,171,2,1,15.160509539262534,0,0
101.9427751304753,12,18,2871,4,0,4.303070894317068,0,0
93.40086422926956,9,70,2316,4,1,6.496523912571952,0,0
28.73443898145924,6,28,2413,1,1,1.9797544110968743,1,1
159.18742530118942,12,36,2608,1,0,3.709019199517312,0,0
147.06708565171323,7,36,473,1,1,7.190578138677131,0,0
198.9841314710044,5,56,1916,2,0,9.001251474394365,0,0
455.3782418741062,3,49,1284,4,0,4.040511261784038,2,0
650.9916981713345,6,70,1515,4,1,11.543804513491292,1,1
154.57941409271984,13,67,2243,4,0,1.7573122012850275,0,0
236.92010227254053,8,57,440,5,1,1.0355029207897808,0,0
18.36114668956184,10,32,891,5,0,12.277691241783286,0,0
21.604915066060045,3,38,698,1,0,9.383397920386187,0,0
25.16222495575812,4,45,1430,2,0,44.97788302964587,0,0
170.38245684908156,3,46,2358,2,1,19.195408876722905,0,0
117.1745047843888,21,78,2437,4,0,3.968339505604441,0,0
559.6009318702107,11,19,1078,4,0,19.223169917146432,0,0
232.8771767115938,8,48,140,1,0,14.833815240425414,0,0
582.5487647253242,2,24,594,5,1,9.26192800285546,1,1
159.6922000766586,13,46,1056,2,0,2.56322884286004,0,0
10.613854081246126,16,54,1210,3,1,67.2556920183896,0,0
137.31195417994454,10,59,902,2,1,2.969481271813292,0,0
300.3878701348531,18,19,1734,3,1,44.97828045384051,1,0
413.28313807412434,3,18,1571,1,0,14.139161631820382,0,1
129.09865302943976,4,72,236,3,1,16.896798438942795,0,0
280.68668766400816,21,79,2650,5,1,10.96185760600017,0,0
58.4109593843989,3,79,1935,1,0,33.820026335056006,0,0
397.2205188180581,4,50,91,1,1,7.574610791160705,0,1
209.11185616462635,1,64,2432,1,0,16.485305387065598,0,0
164.03269142757495,19,67,50,3,1,3.023926498515049,0,0
72.67637391835736,5,23,2801,2,1,21.207442814431023,1,1
413.8168226475087,15,77,951,1,1,9.447366627389858,1,1
39.33554189035707,5,78,1298,2,0,26.741493554261236,0,0
117.94411996740766,19,70,1152,0,1,7.102740293384438,0,0
119.00293272457152,0,49,812,2,1,3.2678937052722468,0,0
186.28848955363145,1,69,835,3,1,16.772426893867085,1,1
153.9945968581674,1,36,2459,1,1,5.700713760070867,0,1
59.32080160224101,13,50,1000,5,0,5.170430399156631,0,0
131.94794048335942,17,29,1660,2,0,10.744596176031171,0,0
76.22924628614342,23,22,2559,6,0,12.528519295977556,0,0
256.2508205408578,16,54,1400,8,1,45.44824722527689,0,0
289.23247930051724,11,32,2476,4,0,3.782418607083758,0,0
267.450383828549,21,74,2082,5,0,24.509134709872225,1,0
223.1825219635884,9,68,2445,3,0,37.396270552584525,0,0
56.139988771328,3,73,2360,4,0,28.958027103195796,0,0
66.41047861241049,12,73,2475,0,1,12.036095650683484,0,0
469.188917949432,4,30,424,1,0,3.647787826989455,0,0
135.77769792850535,22,61,2864,5,0,18.7821197292647,0,0
200.69725479153192,2,62,766,3,1,34.28994825017335,0,1
19.73920783747211,16,55,189,4,0,1.7663414344351405,0,0
109.55818033651688,22,77,2160,1,1,16.2276174904957,0,1
207.5363907273512,16,49,1212,4,0,20.758495609030987,0,0
230.21254249094963,21,22,236,2,1,11.308593586762266,1,0
218.84272780319375,18,75,1609,6,1,2.5018844127618585,0,1
797.149247942405,23,30,550,1,1,55.77220272837551,0,1
156.82649381727927,9,28,1259,5,0,29.5466447668886,0,0
37.49168215421764,21,55,2282,4,1,11.140836786095118,0,0
127.3383425544154,8,73,2572,4,1,11.04551528511159,0,0
101.45159874848608,10,57,558,5,0,18.332825876150988,1,1
70.56242294367189,2,35,1050,2,0,16.559632709897663,0,0
21.011268796403783,15,29,2868,4,1,18.967840304023973,0,1
117.08373846893572,14,67,1509,3,0,21.866353494773676,1,0
131.37167205395892,5,75,2941,3,0,4.3064015339492165,0,0
270.65163868629656,23,64,891,0,1,72.63989850089092,0,0
515.9800439283318,10,47,2704,2,0,26.671080374132053,0,0
457.6587498444518,3,50,172,4,0,5.612556086563857,1,1
434.4624912940855,10,29,1527,4,1,72.77149034371266,1,0
7.650197464494017,3,28,889,0,0,10.507015010419824,0,0
425.50926361043065,8,35,835,5,0,28.232715083581567,1,0
193.30078377851703,14,45,962,6,0,1.46255836838603,0,0
355.86241816244086,22,40,579,7,1,20.65043090239228,0,0
41.18390253811239,16,61,1941,3,0,0.9837246581138158,1,0
324.9366039930847,17,65,2837,2,1,12.773480971042492,1,0
158.20269834928013,7,41,1545,2,1,14.736906852633942,0,0
9.8771308903084,5,40,803,2,0,31.190625894907956,0,0
65.69500616213017,23,31,373,0,1,14.408191608397598,0,0
638.2126081885484,5,62,1307,3,1,18.747522896782247,0,1
536.2866662320209,7,19,462,6,1,22.02323587477632,0,1
614.2317643496284,12,64,1904,3,0,0.5526686604844699,0,1
136.3903412996305,23,44,2643,2,1,124.13600636729296,0,0
287.7695237862971,0,33,2010,1,0,21.756258462319632,0,0
100.8154312617058,17,44,620,4,0,36.75118280300932,0,0
286.0785506153728,14,48,159,0,1,22.158257810281796,2,0
326.433499098281,7,77,2177,3,1,8.767840071718588,0,0
384.75150311464057,10,67,576,4,1,10.666780272741123,0,0
128.57228103969166,6,74,375,1,1,49.28397041060571,0,0
58.89762890646711,22,36,2917,4,0,9.081832279303034,0,0
166.82769519931162,12,33,722,3,1,3.676189367674913,0,0
604.9219314864861,11,50,123,3,0,3.257979292744684,0,0
44.1619408269858,6,78,515,2,0,14.76581036374542,0,0
28.015785172069023,13,67,1618,4,1,13.561044822744412,0,0
304.677813403733,18,38,875,5,1,37.53818555588985,0,0
155.28711975982455,12,50,1357,2,0,11.242914022502434,1,0
62.55337757306933,7,55,542,3,0,23.625871837372017,0,0
50.48615783621853,18,62,2516,5,1,0.2500683598229932,0,0
194.61809507061707,2,46,323,3,0,38.77057892796769,2,0
437.32373284416025,18,25,2601,0,0,11.953071370773166,1,0
237.72113104444605,5,49,1433,3,0,0.1821187418964227,0,0
134.52169506290642,5,25,2863,3,0,35.01958891576222,0,0
110.80108479465136,9,66,1323,1,1,11.591520508748625,0,0
81.53021167871523,17,53,2492,3,0,20.89603393338209,0,0
86.45700070949407,10,38,1734,3,1,9.51066298702345,0,0
604.8401040249465,20,78,2046,2,1,27.086525942275856,1,1
101.24309655175966,4,22,628,4,1,1.6115960839431165,1,1
125.5840591322481,11,62,2107,2,1,14.44200573243286,0,1
54.2419183374324,9,61,934,3,1,10.795619348556976,0,1
127.24222727447987,15,36,677,1,0,15.226531428652146,0,0
339.765477155612,18,34,1330,1,1,4.927644186943898,0,1
100.59110667654144,4,42,2414,4,0,22.847794821873872,1,1
41.90170710174213,20,51,2701,2,1,20.96809527977671,0,0
170.01037184423035,19,59,55,5,0,2.2942750906724387,0,0
44.01861816030011,8,22,1105,2,0,4.809138540968188,2,0
340.7096063039529,18,26,2300,5,1,11.434364225224998,1,0
70.24560835871664,11,58,624,3,1,7.947082496792853,0,0
108.6638664533173,13,29,1486,1,0,1.1128884383353848,0,0
130.85588873212436,11,44,1604,2,0,12.066028411201712,0,0
66.05795528969495,17,46,918,2,1,12.358317244882794,0,0
557.6856071809165,21,29,104,3,1,9.034297066737576,0,0
137.90902174468675,1,27,2755,6,0,0.0377224512443425,0,0
351.5331278457016,16,35,721,3,1,8.561701310645436,0,0
16.301560237959183,23,20,1323,1,0,18.883556753283774,0,0
81.83932169327453,7,75,1562,4,0,5.734275043444621,0,0
324.5454778835983,14,37,2574,2,1,4.594836000841199,1,0
35.50315697291459,16,75,412,2,0,17.328510112731227,0,0
266.66602415796683,6,41,939,2,1,23.74231145147986,0,0
140.28944291551647,11,33,2081,5,1,1.995523871422728,0,0
340.51395613916924,6,53,794,4,0,4.349062458386026,0,0
44.26475633701008,12,32,1885,3,1,6.244443738676091,0,1
389.2329961026725,9,42,2784,4,1,0.1469945811793371,0,0
393.3975008806205,6,21,2308,1,1,8.324078615858362,1,0
63.83716973474793,1,68,1314,3,0,1.290840339339559,0,0
126.90182715229749,13,28,1427,4,0,0.4507129226556957,0,0
130.4708783030499,4,39,2533,1,1,15.753780823018602,0,1
168.0088611174515,12,49,424,6,1,35.94216475414256,0,0
41.4901636066848,11,49,462,2,0,39.87583062135998,0,1
270.6230712980416,19,54,276,4,1,68.81502513504873,0,0
179.86618273780363,19,55,2857,0,1,51.53538657739881,0,0
204.57888954885263,15,57,1882,0,0,0.1665145384498522,0,0
374.058534935761,11,38,2274,1,0,0.1291387835033373,0,0
700.12209088488,7,76,2803,2,0,2.9949094013423605,0,0
8.34544254351306,4,49,56,5,1,0.2225344177906798,0,0
105.9328893542212,3,37,1882,5,0,4.077108229799233,0,0
89.94033600681709,15,40,1332,5,0,16.99265698434046,0,0
382.8432525609747,4,64,1388,2,1,19.572889702916186,0,0
153.44012580569645,22,24,2498,4,0,3.5154843940593232,0,0
156.33402736958897,4,66,1939,2,0,35.20295560919924,1,0
17.59429726078821,16,51,729,2,0,1.6672391269402147,0,0
98.20027252601628,15,34,261,1,1,18.72015499320189,0,0
36.97937540554233,10,31,2762,7,1,4.545621444044902,0,0
415.5143582370361,9,53,384,1,0,43.920493044629694,0,0
24.841650887401208,20,20,1384,1,0,16.35518265425969,0,0
195.19351113134135,15,25,334,0,0,7.41163666834977,0,0
72.89656253332043,13,42,2996,0,1,16.665746799510615,0,0
90.64027335478234,9,21,1287,3,1,4.232971088285913,0,0
160.51596568068953,18,64,795,6,1,1.3013002601223125,0,1
828.0794073682617,11,48,1417,7,1,11.969602628126456,0,0
24.375220794797933,16,21,884,4,1,23.528125799943265,0,0
58.44463555197044,19,38,1283,2,1,5.179796907043044,0,1
177.3466108924877,15,34,2804,0,1,4.954393276798539,0,0
341.97027717913096,1,29,2620,7,0,29.113705134916287,0,0
321.304312792038,1,60,1785,6,1,69.93577601456175,0,1
29.502532626943797,9,67,1980,2,1,0.7928173865112093,0,1
244.8746400038709,23,49,678,3,0,0.0741651612463152,0,0
511.0000194379472,23,26,2064,0,1,33.93469465446733,0,0
143.26987229659397,21,19,1264,3,0,12.61806438288042,0,0
45.37850378172749,16,79,2320,4,0,5.686757716059786,0,0
272.1317606321483,16,39,1714,2,0,23.88072996721085,0,0
282.2513317084913,8,53,340,3,0,2.2571889336490254,0,0
83.8545652379918,6,46,2181,5,1,16.51477367645685,1,1
26.30609815461368,21,36,2001,3,1,5.219941734295611,0,0
103.98095130800226,23,77,1634,4,0,1.905955440719288,0,0
295.7098143811851,8,31,1493,0,0,1.2980857812400828,1,0
28.245796688234947,20,62,2601,5,0,4.127565458203407,0,0
108.24650040251116,8,70,1591,3,1,134.02949101172987,0,1
276.7550566484629,12,48,1581,1,0,18.737822771166982,0,0
316.16749762215915,15,21,2984,2,0,11.587127956829953,0,0
60.15448469525689,7,25,836,6,0,69.74193289053966,0,1
106.93524982577571,16,37,1576,5,1,14.933443683598442,0,0
45.20302134673321,2,53,1824,5,1,55.3149179561638,0,1
298.20515021660856,9,74,43,0,0,6.594155310649651,0,0
719.2107308362558,5,49,715,4,1,19.29352408809922,0,1
364.63991463165786,12,74,1804,2,1,1.5533555715767924,0,0
40.207420795770574,16,25,2798,3,0,61.56032829820434,0,0
209.1881941964144,10,62,2275,1,0,18.256217702768527,0,1
205.67882942177823,21,46,1495,1,1,12.727761911112731,0,1
203.75497873762168,6,26,275,4,1,8.527606881053924,1,1
250.58124076510992,11,40,1615,2,0,93.88687643226484,0,0
61.63202957176623,17,39,1449,3,1,19.520992617904906,0,0
164.77749897716575,12,32,2843,2,0,7.524299765472698,0,0
1056.0099538099414,1,23,2164,3,0,12.05586224718678,0,1
22.170710161909227,14,67,78,4,0,10.833970169066474,0,0
35.46944553313378,10,19,1494,4,0,13.804468945152127,2,0
43.75130079954086,5,69,565,1,0,65.78865996074593,0,0
373.2922613501064,17,48,1858,6,0,15.26712077133574,0,0
23.887468496218844,5,61,2606,2,0,6.981293328611972,0,0
18.4508161772139,12,79,1624,4,1,3.538958970263824,0,0
426.89043045163896,18,24,1634,3,0,18.367057222445872,0,0
102.7951827748881,11,69,1202,1,1,38.17503498238446,0,0
101.84553092257605,8,54,2902,2,0,7.234418379384023,1,0
325.7389738244296,16,48,393,1,1,41.9129665977778,0,1
198.25951499868157,3,72,138,5,0,0.742678321150013,0,0
96.77476840426762,9,65,2284,4,0,16.11910666299117,1,0
181.5031576818308,2,62,637,4,0,2.8597262600831863,1,1
191.3444865826269,0,34,2542,3,1,7.701677473996764,0,0
41.91659602051773,6,64,2991,3,0,4.199004981847667,0,0
247.71964656418143,0,74,1652,4,1,2.6150490144727123,0,0
29.537662164381405,14,64,520,2,1,28.331824732681767,0,0
103.53978743944006,18,62,2136,3,0,3.782957592183732,0,0
430.46419400520006,9,72,1866,1,0,18.41733664435016,1,0
120.61865284386636,23,40,1558,3,1,7.920266334298719,0,1
2.3699617538341684,8,28,2856,2,1,11.270791333748686,1,1
131.14777872735405,4,60,730,4,0,11.65968860915421,0,0
360.2979781542269,8,48,1644,2,0,67.25572159596928,0,0
181.39612872745312,22,46,1669,7,0,11.813161025171969,0,0
402.8741653297674,11,60,1464,4,0,8.559338446879092,0,0
276.1489247534796,12,34,727,5,1,26.249210882592195,0,1
654.9440418204754,21,32,2020,2,0,12.593902572223378,0,0
542.6494549035045,21,50,1453,3,1,12.153110513387514,2,1
108.5746152048474,10,69,1249,2,0,0.6968356148390643,0,0
522.3264448945991,15,69,504,3,0,0.8733264882499208,0,1
136.32771081697285,20,47,574,2,1,32.95054628473418,0,0
217.0792956916198,22,62,1442,5,0,6.60079561823562,0,0
185.35608040608304,16,27,820,3,1,25.79755207203577,0,1
683.0183846100175,8,57,40,1,1,30.278896380040543,0,1
2.355134522896405,19,20,1143,4,1,10.734676330605966,1,1
235.76430164048307,16,19,1543,2,1,0.7308518016038739,0,0
335.2527753086699,5,21,1263,3,1,8.662722334022085,2,1
111.61552012217986,1,50,1133,2,1,18.634673757398343,0,0
100.89340703773348,23,31,1783,7,1,32.23789796700427,1,0
166.81866820699472,19,75,2292,2,1,5.253564210469986,0,1
83.10441790580774,3,39,2565,2,0,10.266435463932098,0,0
54.6717233914294,23,40,1063,1,0,21.844599510454973,1,0
241.02662135435463,14,30,2423,3,1,13.805463121099598,0,1
47.39948788476923,21,56,870,3,1,15.418116056180793,0,1
352.8782639932176,12,62,2862,2,1,6.431154746943811,0,1
271.6436372469671,22,60,526,3,1,51.08996083287124,0,1
335.11508065653544,7,55,186,0,0,33.53991143039664,0,0
174.4883276685598,6,71,671,5,1,41.84812650899661,1,0
196.51323982046287,18,28,2781,1,1,26.024959733192706,0,0
71.75147539982146,15,25,755,4,0,1.920068595887972,0,0
80.82121405602336,16,23,669,2,1,3.1992882309124577,0,0
97.81518846299004,18,26,2973,3,1,18.62950823019067,0,0
75.09157876956112,5,68,2789,4,0,14.895207532322816,0,0
98.6739994030154,9,45,446,6,1,14.688846199682144,1,1
30.351397474217,15,24,1010,4,1,27.48156814720632,0,0
93.20516832576722,6,44,1374,4,1,31.581012209998946,0,0
183.7373174276821,17,24,325,3,0,12.041653580932769,0,0
216.92403101710363,10,61,1229,8,1,15.196876649679634,0,0
20.54363761091401,11,67,1634,4,1,35.4587010014405,0,0
37.03899601676849,3,63,185,4,0,3.3667298937617582,0,0
47.45656616187025,4,37,1002,6,1,83.3986296126474,1,1
133.8214219389978,5,18,685,1,1,35.366909169436816,0,0
538.9596150713019,4,77,1387,2,0,2.9075795130841,0,0
5.373814533478885,20,26,2003,1,1,39.273089827813735,0,0
47.323449317878186,14,61,400,5,1,24.26381336493288,0,1
204.96884174747817,8,27,1320,3,1,6.0211844833863015,0,0
219.733849193537,4,79,1913,0,0,34.23556685662701,0,0
125.11128976480546,13,50,2212,3,1,2.2610297231706418,0,0
327.99643976229345,6,50,2251,6,1,24.01872693174566,0,0
22.947619100343207,2,40,897,3,0,18.006418508122305,1,0
58.300035295322935,20,57,1020,4,1,13.997736362673646,0,0
563.4510910774304,8,52,1682,3,0,1.2101284580916127,0,1
77.96061810100048,15,77,1855,1,1,25.22535062937034,1,1
180.79653006679,4,50,2367,3,1,0.6542698789078706,0,0
17.73077355556134,16,53,472,4,1,7.7170929078448385,0,1
7.158443489847337,9,56,302,1,0,6.4004708118779785,0,0
77.42596007771472,19,53,802,2,1,41.96173873882128,0,0
220.27926343446137,22,51,2618,1,1,21.855475510136426,0,0
105.79412054399708,13,60,2822,5,0,2.9793386927452663,0,0
472.00500062140935,11,38,1549,5,1,11.016352615676633,0,0
33.29708121293001,7,79,2101,3,1,42.47726638904573,0,0
129.67676268711634,13,25,1405,2,0,44.55528734154988,0,0
45.87740848748519,19,66,396,3,1,0.1562023136988641,0,0
12.91331406466294,22,35,2072,3,0,53.16115794000963,0,0
436.2265138793226,8,29,1088,4,0,64.84639768080923,0,1
107.17659281380554,11,35,72,3,1,31.618871222145877,0,0
77.15001580724368,15,28,2961,2,1,3.397977909677845,0,0
227.36983769660276,21,46,1680,4,1,38.094734657555904,0,0
137.49954604677666,22,77,2618,2,0,72.31197747280626,0,0
93.25240910777582,14,58,2684,3,0,71.36834668910129,0,0
285.2763737786412,14,42,527,2,0,14.667304532007693,0,1
11.984780020763171,13,55,896,4,0,5.697317841391426,0,0
380.1990933837103,4,30,2807,2,0,44.204625966980224,0,0
93.85770084815596,2,33,1185,4,1,5.246252708504404,0,0
17.778567818186026,18,59,1648,8,0,26.82227780417633,0,0
350.266511504666,22,23,1278,3,0,50.09263273507746,0,0
31.790403133565032,12,28,2414,3,0,12.789911990511552,0,0
50.52873683072787,17,67,1928,1,1,67.43121237787913,1,1
17.578345239216812,23,33,1524,0,1,5.185148041530887,0,0
584.182341852937,21,47,2302,4,1,11.923922940177787,0,0
698.5614265472453,4,36,2974,5,1,52.0219804995432,0,1
327.0469380976857,13,18,1739,5,0,28.8667753633178,0,0
1.6282494175031124,1,22,1218,2,0,13.295612526737148,0,1
477.3753515726689,13,22,2259,2,1,5.925187583166419,0,0
125.10126440267877,7,44,2038,2,0,21.301564822839318,0,0
282.9783716243495,6,18,1943,1,1,4.449336169617409,1,0
26.13142929755501,19,30,2251,4,0,40.66811406966613,0,0
86.1374621543159,11,43,1390,6,0,0.9452324623391422,0,0
239.0895936677277,4,29,1908,3,0,23.606480200847205,0,1
782.1081145434437,0,22,2940,3,0,14.75743282263817,0,0
45.51438690076365,4,71,2818,3,1,24.912378954355457,0,0
358.7322095416907,22,44,655,5,0,23.967846192822226,0,0
155.31093822971894,14,25,2455,3,1,3.034192140402946,0,0
239.3549448913991,23,74,110,4,0,19.866606175021552,0,0
21.82795999517512,8,22,1765,2,0,25.338610633197625,0,0
539.5577580085977,6,21,1399,3,0,18.603683845711423,0,0
41.33916056162189,10,76,2135,2,0,2.241789174470757,0,0
264.347099575491,23,71,836,3,1,32.58548303129356,0,1
144.32201433036673,18,31,641,2,1,9.403231424216909,0,1
172.8703482705325,11,32,2501,5,0,10.66417111425119,0,0
422.5885920281707,6,36,431,0,0,41.004898573935726,0,0
129.25963865832355,11,52,2780,3,1,9.061684533748322,0,0
502.4799086548464,2,59,985,4,0,18.16505531712427,0,1
169.6464192151551,0,20,2915,3,1,39.68540428191977,0,1
149.9807472405311,7,30,2799,6,1,3.907259083551751,0,0
10.877707641935288,13,58,1583,0,0,8.761456115478634,0,1
33.86683437281195,14,38,631,2,0,42.43688616703187,0,0
72.23080801031003,16,70,2405,2,0,2.1860713329092287,0,1
10.739046561162136,22,30,2517,3,0,1.004910793615093,0,0
217.621283208722,2,38,2799,4,0,38.11926692582156,0,0
355.1214142283596,21,62,1746,2,1,47.69352814131391,0,0
85.53253203321768,10,29,1828,7,0,22.40686129350129,0,0
137.10562631414592,18,33,1845,2,1,30.359212977721025,0,0
156.0728637874271,3,69,2578,1,0,18.01672572691592,0,0
192.53408694861437,2,77,1557,5,1,30.919122328927312,1,1
138.98038620271856,18,21,1997,0,1,16.766770030442903,0,0
20.889541942218557,13,32,825,5,1,17.998343214365697,0,0
23.144906373806016,1,58,1139,3,1,23.810526327637707,0,1
110.75132385172148,12,18,840,0,1,12.687476749667352,0,0
37.43667847223361,17,54,2692,4,0,41.41829166063087,0,1
56.195190661148494,6,34,544,0,0,26.27204460982309,0,0
319.7130952895551,22,18,600,2,1,18.280812217317123,0,0
135.53989592630086,23,58,2591,0,1,41.91262977699242,1,1
166.69178320281472,21,61,97,2,1,18.162269067860944,0,0
414.7831022890391,18,59,1198,1,1,16.075544450155903,0,0
324.9223728758715,8,53,1758,10,0,23.20219616622673,0,1
83.28625342214832,23,46,2603,5,1,32.12372413959607,1,0
438.9242984476584,11,60,2448,4,1,19.203831517095264,1,1
40.53535753844695,19,77,1958,5,0,6.174945139758201,0,0
170.2641707480872,15,53,467,3,0,15.710634120561693,0,0
58.031256115229176,11,57,2457,3,1,1.1683919386770591,0,0
57.1938473951702,17,18,51,5,0,20.841698539013795,0,0
1308.734490246759,23,27,1192,2,1,15.63793932087351,2,1
400.6014602637655,12,61,2169,1,1,7.299151734184996,0,0
101.71996313391357,11,46,1962,1,0,7.473827386643968,0,0
65.79382183731813,13,63,1294,3,0,16.787606136900525,0,0
71.31187912493482,23,70,1748,3,0,28.03838247484105,0,0
59.351712615634376,22,77,1208,4,0,27.546286638336667,0,0
63.47602237087438,7,56,1148,1,1,2.401865541648486,0,0
11.013039733940364,10,72,136,4,0,42.67461663535747,1,0
46.15294877754717,2,53,701,1,1,9.003803561725743,0,1
462.3407690802076,18,25,207,1,0,3.7625533451471553,0,0
13.151246430506305,19,27,1992,4,1,10.492923510702074,1,0
245.5004851186646,12,34,2714,1,1,0.1635072862151931,0,0
84.5008697079072,0,79,933,3,0,5.141286994124741,0,0
202.69669093722425,15,24,279,6,0,33.7513276199819,0,0
132.83057512018587,13,78,1170,4,1,39.29853945892611,0,0
27.35870999138324,4,26,368,4,1,5.022696971878704,1,1
30.688372246716987,10,77,1429,3,1,7.995279935688795,0,1
329.5089023665168,11,37,1484,1,1,42.04358502379314,0,0
117.36842584557928,4,45,905,3,1,2.9023390402671168,1,1
68.42145216472079,8,46,682,2,1,19.19148092433809,0,0
141.77608589899378,9,20,1693,2,1,10.172896766198887,0,0
125.17458559648178,11,73,234,1,0,95.03567891557338,0,0
955.7675156049964,5,64,2214,6,0,12.076791987494964,0,1
165.40677773013158,20,76,2656,1,0,8.792939490121185,0,0
317.2100222063736,17,33,2541,1,0,24.39677055178816,0,0
211.52946017005775,1,31,1044,3,0,4.803573376053204,0,0
425.13995292437767,13,21,1536,3,0,18.257861728954182,0,0
123.35913563939876,5,34,2583,2,0,35.7452586122804,0,0
13.237260688248018,5,66,1222,2,0,7.517675571794175,0,0
283.96069509625414,0,65,2218,5,0,36.05156262648556,0,1
1.4234158411969071,17,55,1540,3,0,4.160353012825181,0,0
53.39951340019585,4,46,2604,2,0,32.4011357775494,0,1
140.85003495115674,8,49,2109,7,0,23.322455577267508,0,0
290.99683688787394,5,72,2405,7,1,34.747566309413514,0,0
377.3253483143489,5,24,1895,7,0,12.93862839758114,0,0
2.2185120043067728,6,75,2605,1,1,25.248888033495994,0,0
550.2586941614084,14,78,118,3,1,14.823264441652096,1,1
85.34081111890731,2,19,1265,4,1,11.72767484052234,0,0
14.01333854390326,3,52,906,2,0,16.162712547346295,0,0
588.4329075926487,4,21,118,4,1,21.41416923941554,0,1
78.64790769328205,18,58,607,3,1,33.28227529329129,0,1
142.5708457803433,5,58,1018,1,1,3.462015132297899,0,0
83.21974028269089,22,28,2951,3,1,37.16592002406668,0,0
136.70944562683002,22,63,2993,2,0,13.198169397458573,0,0
15.706305322214472,21,65,269,0,0,20.28349687114669,0,0
166.8732946149207,18,39,2485,0,0,15.542600507784504,0,0
288.45894239285184,8,28,771,2,1,35.251028404051816,0,0
157.2705772704821,13,77,1865,9,1,0.1807219031243523,0,1
69.6392579172738,19,32,2868,2,0,9.454401987909028,1,0
34.452244453394435,21,65,554,2,1,7.443141914172636,0,0
124.71878240269452,1,25,2594,2,0,27.390347428874332,0,0
795.8152357683365,9,38,1524,4,0,52.84765353349802,0,1
174.65710040897008,17,24,2440,5,1,16.60799862088992,1,1
17.897335492537692,9,67,487,3,0,23.27355835862349,0,0
1.6779600656832645,13,71,288,5,0,7.862374922779828,0,0
47.27830601855874,3,37,1088,4,0,24.16755276000118,1,1
742.7180604254165,9,62,1583,4,0,26.08912256745624,0,0
202.1783317055842,4,59,2946,6,0,2.653267832782804,0,0
3.87181892724596,23,57,2293,3,0,0.8252956858988086,0,1
140.3421328664337,13,44,2209,2,1,3.5105256878795243,0,1
247.1882552134239,10,48,1396,3,1,23.291142408978686,0,0
26.229403511135395,21,34,433,1,0,5.249309550030259,1,0
73.14702957619889,14,29,417,4,1,11.982731654321082,0,0
11.749405364967492,16,35,2132,1,1,1.7045372649214836,0,0
755.9726225124457,17,34,757,0,0,3.4435615667281745,0,0
289.084399266982,9,48,403,5,1,42.74346738127672,0,0
493.0244227605693,0,73,735,2,0,31.844485656645016,0,0
53.48233754311112,12,41,560,0,0,7.621203918719135,0,0
195.26889626834352,9,18,2809,2,0,18.84481982308774,0,0
47.42971877827222,23,56,1465,3,0,25.832757724194177,0,1
152.952072737393,3,59,538,3,0,5.027324946837223,0,0
5.649494091744466,11,31,951,5,1,12.0079650557223,0,0
161.84936800116512,6,37,2355,5,0,3.3644031037168407,1,0
295.0429052087027,19,59,2124,3,0,9.57009386812556,0,0
231.12182232729143,9,71,398,1,0,61.513294203573984,0,0
35.57057375346147,12,23,288,3,0,0.9090019968778628,0,0
95.07483108634798,8,48,2737,4,0,23.41127190111072,0,0
464.0969246999534,18,36,2713,2,1,11.51396953279287,1,1
263.6531741967603,7,22,1704,2,0,7.482862005820441,0,0
136.69740886241567,8,38,1209,1,1,14.154389225409927,1,1
290.62115267649006,15,45,1014,1,1,1.2515620304163106,0,1
70.14541850473618,6,35,1304,2,0,14.171274190927504,1,1
854.1389625892195,3,36,89,2,1,0.415410106998632,0,0
48.96038291435546,2,18,584,2,0,7.272342387751518,0,0
67.207605350551,9,31,1384,2,1,4.049894131094648,1,0
25.908187600990463,22,57,1873,3,0,21.57509526549188,0,0
169.66673924200902,16,44,180,2,0,71.65933208710999,0,1
11.573348309165334,11,44,1424,2,1,8.279769423450164,0,1
28.37463837159826,2,68,1171,1,1,55.044984573151126,0,1
149.28705133581326,20,78,2466,2,1,58.66656412293814,0,1
540.9507914435743,12,32,2701,4,1,7.758656268340816,0,1
195.30348099273843,1,64,1199,1,1,9.512771008562629,1,0
399.54761176535874,10,63,1376,2,0,10.447495689820403,1,1
254.83139786187292,17,46,910,3,0,26.105354146588745,0,1
174.0906136584887,6,27,2430,3,1,2.021864447494415,0,1
322.82851394126925,8,73,1477,1,0,29.536396237973463,0,0
373.82948260502087,20,47,2246,3,1,6.6651566655481,0,1
105.9305072409802,14,78,1892,2,1,26.278727992301462,0,0
473.1971292062333,12,27,2642,4,1,5.096337181256229,0,0
252.8588071433596,13,46,545,3,0,32.73043432600753,0,0
459.02322502468166,8,26,516,4,0,68.95490605961197,0,0
112.3645845027401,20,21,1569,3,0,0.1906221848523016,0,0
157.26712566885658,18,76,2139,2,0,3.139280924963801,0,0
169.07781841380117,10,54,1002,3,1,10.210890970660172,0,0
456.66297136232606,13,71,870,2,0,22.685775577128613,0,0
339.73260680723587,15,32,54,2,0,24.63884620642267,0,0
206.5111267127418,23,34,1720,4,0,55.64725819567305,0,0
463.8063796252413,3,25,1916,2,1,24.507014526907867,0,0
64.47313805758968,0,48,2452,1,0,19.484305022241813,1,1
16.037837492673827,18,75,2925,7,0,47.44942162449018,0,0
203.2734497154017,12,54,2309,3,1,5.693830816396846,0,0
792.9739128389394,1,45,2988,3,0,23.171131067354608,1,1
25.47447872310038,17,72,2477,2,1,14.102268668041235,0,0
337.9793554972252,4,45,1280,4,1,21.996102658581066,0,0
78.48583818863757,23,21,1948,0,0,11.260861301167182,0,0
442.9737314543447,12,65,2360,0,0,64.012231816698,0,0
13.75083235802742,4,47,2444,1,0,14.25313842275795,0,1
135.66032622055403,11,55,2576,1,1,13.964268774313576,0,0
55.28156927931942,11,54,631,6,1,4.6344184586653,0,0
92.10668962374788,19,79,1090,2,1,15.253376599454771,0,0
43.49642160619232,14,29,1058,1,0,6.401442280740096,0,0
75.4776301222793,6,32,2997,4,0,39.361182217324256,0,0
116.73523463269876,2,78,2007,3,0,10.33520272691243,1,0
152.4508526131865,7,54,1259,5,0,30.109403258091127,0,0
127.46196880878522,19,74,1385,1,0,13.098928040680043,3,0
128.1918682954378,3,23,2925,2,1,37.75751156169071,0,1
1.0655284770946407,3,45,406,3,0,34.8455220323722,0,0
369.0302174146904,5,68,1138,3,1,3.811118366469886,0,0
84.89382630227223,8,72,1426,0,1,3.0978905166080075,0,0
80.4980097288224,19,36,1673,2,1,1.6229127837220567,0,1
18.139611274190656,14,74,306,3,0,8.22770357494821,0,0
202.3251705381757,17,75,1207,4,1,0.8852884543374068,1,0
254.5908513380788,11,74,374,2,0,22.711404603453108,0,0
124.49711705387108,1,44,2467,5,0,20.2798460715546,0,0
705.8154312624833,1,78,2874,3,1,4.164795324644209,0,0
6.797827248093845,23,24,1230,3,0,15.709003799561604,0,0
593.8339636146342,5,74,949,2,0,3.2057634206219445,0,1
697.811932825343,3,29,509,3,1,16.213831580372545,1,1
109.53974027080496,1,47,1736,2,1,11.26410263105997,0,1
115.26266364882532,3,79,2487,2,0,31.723447640075616,0,0
301.0573013258938,21,18,2036,3,1,51.13081759435984,0,0
104.07906155579111,23,78,2969,0,0,51.89590005873518,0,0
14.99065963272196,21,48,2607,1,1,2.7186436696734,1,0
600.0981306245525,19,48,2434,2,1,4.071128357159389,0,1
270.87878825612484,0,35,1515,6,0,12.258405710347413,0,0
256.2086195289811,23,53,1843,4,0,18.90181061266065,0,0
60.87508194218309,5,41,1525,5,1,34.52884171417474,0,0
33.956720659902125,7,42,467,4,1,0.6268002623497172,1,0
238.1285465598683,10,30,2174,4,0,12.364286690265017,0,0
88.04135193036123,10,18,450,2,1,1.7082022053505748,0,0
71.31481765441472,10,19,853,5,1,51.46571744768814,0,1
121.635052391924,10,68,1962,2,1,0.3141491431047685,0,1
192.1291310251212,2,49,321,1,0,8.349271848153684,0,0
429.5845112825169,19,27,2503,4,1,11.56483732620226,0,0
190.6640988578486,15,49,474,4,1,12.272024326814286,0,0
602.8957573174412,23,53,528,4,0,114.30137758285863,0,1
51.78015212014533,18,64,1778,6,0,33.65923840781829,0,0
167.12870614114044,4,48,2452,3,0,25.694670919184844,0,0
34.02414831457083,19,18,1847,7,0,13.867688694658115,0,0
633.0186808793513,12,79,2810,7,0,4.455281491159815,0,0
154.9555404170977,16,19,2252,0,1,5.663753941144657,0,0
68.34024283884241,15,70,1058,6,0,13.394951474917036,0,0
109.43726367356008,6,62,2247,3,1,6.268131085458869,0,0
6.325809819111,4,30,2299,0,0,9.136902851408886,0,1
342.06044294154583,3,20,1918,5,1,22.722107228706268,0,0
121.12645167291956,21,30,535,5,0,8.333518352119452,0,0
37.84177087964943,23,66,2973,6,0,14.531549344597018,0,0
315.79930181237523,20,63,1342,4,1,47.48522229182178,2,1
54.16475181056119,12,36,2945,2,0,21.408371995504503,0,0
13.452786175860847,7,48,958,4,1,2.681043040513532,0,0
4.859572296171013,19,40,2535,3,0,32.71497694427651,1,0
148.9088709087208,7,53,1566,4,1,14.599397465154912,0,0
302.8692667952104,4,75,1075,0,0,20.419187819894034,0,0
25.863029670177056,12,27,1915,1,1,156.28184677347792,0,0
105.3394961277942,9,33,1433,2,0,66.23014771875074,0,1
187.56788560754663,19,50,1017,2,1,83.93459410937484,0,0
221.15971887420565,1,22,1936,3,0,7.925024341049134,1,0
198.8691461056508,19,24,2413,3,0,10.840867099260125,1,0
697.4316083642287,5,71,605,3,1,10.81087409834111,0,0
293.0006695456033,4,62,1477,4,0,18.0765147584382,0,0
96.62215986557368,6,57,1725,2,1,1.926757254300928,0,0
76.90477226475294,12,25,1726,2,0,15.281215060161204,0,0
1.8591185802218184,14,47,1081,2,1,13.782770517000491,0,0
483.3079569227942,19,26,1027,3,1,8.76954201061912,1,1
25.882017811420237,10,55,166,3,0,18.5197048749292,0,0
200.10074954635425,21,28,1579,2,0,16.391405058968708,0,0
132.39678067749793,20,77,1377,4,0,41.67893221793455,0,0
54.07952756893024,23,31,650,6,0,1.3988729868027403,0,0
139.86226811220857,12,34,2254,3,0,3.102083068152195,1,1
192.36915410136152,13,58,1734,1,0,27.74168085518713,0,1
492.7531016732848,14,37,863,5,0,3.265122341306425,0,0
24.32798816582444,12,59,1801,5,1,24.32171343842382,0,0
108.25669715078534,11,22,1410,0,1,31.098310246343694,0,0
191.1106816303799,2,73,2663,1,0,0.7518492194424466,0,0
453.1277180606472,17,28,275,0,0,1.5036145835537087,2,0
26.13517742781785,16,27,1278,7,0,9.718088585610348,0,0
60.16793940202341,2,18,2329,4,0,6.473485411900777,0,0
87.21209568470294,0,22,1581,6,1,63.58719447058044,0,1
185.0123651620192,12,78,1171,6,0,12.161124652945078,0,0
39.9078430580872,12,48,2466,0,0,41.13758063233752,0,0
256.98618350002744,3,31,1707,4,0,9.033129655548944,0,1
400.93474212085096,15,33,1317,3,0,118.32760651156308,1,0
199.84601607810487,15,61,476,3,0,5.137925341720621,0,0
78.46391810717189,3,46,2683,3,0,100.5878157598496,0,0
356.2516709797054,13,30,1709,5,1,17.05030665576398,0,0
58.34507134943144,14,44,1081,3,0,9.429484501437017,0,0
188.82541294190608,5,43,225,5,1,2.250643852023963,1,0
76.23528276288258,15,19,2877,3,0,8.168984605637128,0,0
261.1325817575998,4,39,622,4,0,33.45447265396101,0,0
853.7547879203968,5,58,2279,3,1,10.824755357510734,0,0
236.12217372879428,10,47,1206,4,0,13.889251402236177,0,0
45.43611058167728,15,28,208,1,1,29.986854994993127,0,1
119.92645048696556,16,30,1561,2,0,16.297043579745356,1,0
107.62360528819508,8,73,67,3,1,1.6044052062210865,0,0
511.6824072323614,22,77,2855,6,1,6.719319688060216,0,0
85.57146861866832,7,41,1671,1,0,12.109884926944831,0,0
0.7675289697028422,11,73,1996,2,0,16.224373967838794,0,1
356.18566739240606,14,51,508,2,1,54.61710649694149,0,0
418.40080937289486,3,46,1554,4,0,15.315745644384467,0,0
114.12479982577146,18,41,2531,2,1,34.54146864244103,0,0
26.85745463567144,2,66,501,2,1,15.646217043410196,0,1
174.25813768158383,14,30,857,2,0,16.4596951058544,0,0
117.95271348445522,7,77,1291,2,1,5.189049794787587,0,0
76.8314376589737,17,45,1192,7,1,28.052887222100807,0,0
306.66876350122953,16,28,1403,4,1,3.5964229421656317,1,0
45.87868206579616,12,74,2026,2,1,17.102579449879773,0,0
252.9400980610554,6,25,898,5,0,0.2998958001105663,0,0
341.9647397142392,4,35,2110,1,1,10.53332599569153,1,1
17.378218562937104,1,58,2781,2,0,10.021810340256335,0,0
109.33163684312812,8,51,1781,3,0,15.470886788730498,0,0
25.53607830912936,16,31,2954,2,1,2.9945413195402533,0,0
89.56199511596441,6,78,1233,4,1,54.90272368588563,0,0
196.61499186866564,10,66,2102,4,0,39.77105825095499,0,1
185.08506538853345,5,63,617,4,1,10.841230256190148,1,0
145.48014548449112,0,62,2931,4,0,31.52209115828139,0,0
101.37833628572156,3,53,1709,8,0,5.244593288595456,0,0
424.757117726289,2,39,1322,3,0,35.017727810434415,0,0
39.06665920808939,19,77,392,2,1,12.183404405740744,1,0
1.0726691508605517,20,73,1758,5,0,11.188347006689304,0,0
54.242129746395584,13,18,1742,4,0,8.530164051647468,0,0
149.7619754906486,7,30,1902,2,0,42.87990141096141,0,0
4.476618777644879,21,69,141,1,0,23.23818596495388,0,0
136.0645849311906,16,53,794,1,1,22.88467260767789,0,1
460.5632707425712,11,25,2796,5,0,34.66282407168531,1,0
72.46460494479172,3,53,811,1,0,11.819159042106106,0,0
264.4025616003339,19,51,908,5,1,21.37651418961872,0,1
128.2763500917089,15,75,134,6,0,10.4374937535986,0,0
23.428860357490603,3,43,1157,2,0,28.417652681544546,0,1
14.307135388085982,9,56,1233,1,0,178.5334021527569,0,0
54.57083328138416,5,38,2106,6,0,0.928268994572729,0,0
251.14097219594828,0,56,2466,4,1,13.913434888121165,0,0
15.1384349018732,6,47,810,1,0,10.151364810298585,0,0
12.859306005425312,10,74,1381,5,1,0.3767126911709341,0,0
60.17054080436526,19,29,2554,0,0,12.1932561771271,0,0
536.8611434336113,23,36,2653,5,1,6.853571088010902,1,1
45.62986275510845,5,76,1625,2,1,5.00314031876705,1,0
201.3429035666552,20,69,2599,8,0,23.66212428773513,0,0
205.62639929492892,22,53,1696,3,0,5.149560749324756,0,0
64.19113247160699,8,58,2511,4,0,7.763648787481271,0,0
245.87372579071828,16,66,1338,4,0,27.895157867359668,0,0
210.5214668628117,3,37,468,1,1,6.44989012642765,0,0
4.9232962161377225,7,42,2297,2,1,4.328513366900355,0,0
772.4667935952644,10,59,118,6,1,19.881656286505603,0,1
120.03854120645413,5,47,1845,0,0,16.699173578387732,0,1
77.47459817892948,22,27,1504,6,0,11.331391541082978,1,0
41.07219673553782,3,26,340,4,1,10.68750652464731,0,0
5.920918384234496,22,26,702,1,1,29.751739201498552,0,0
173.80760022316514,18,63,2845,4,1,2.527685521126411,1,1
9.344696800468242,1,66,1182,1,0,10.45018090045655,0,0
38.99712733624854,22,34,1039,2,1,8.119947791236603,0,0
99.46982593233696,17,19,2590,3,0,17.743710457773176,0,0
21.213815219617683,13,20,846,1,0,24.955936347723057,0,0
320.9718279780645,4,73,1762,3,0,1.3055793080768774,0,0
489.03017190796254,19,66,1912,4,0,2.3103590473975566,2,0
152.95408131807164,10,36,1478,3,1,1.0202359682730728,0,0
344.0526860311973,15,32,2232,2,0,2.2201393748555,1,1
423.15919531102696,10,79,1990,5,1,19.140429571744995,0,0
199.16892285057688,13,34,1461,3,1,26.282277971150418,0,1
195.0776400490702,3,40,567,2,1,17.289152282076742,0,0
72.1697939964626,6,71,2196,4,0,59.98041882139388,1,1
261.5755050966134,21,30,1240,2,0,17.959427426890922,1,1
250.4134945744053,14,26,871,0,1,18.6311079502321,0,0
275.85485686875177,23,44,1876,5,1,56.10963245651375,0,0
69.4045557492394,12,52,1310,1,0,11.101873449618225,0,0
411.3107963161012,2,64,1356,2,0,34.89042345824856,0,0
222.34739670048788,12,44,2951,3,1,17.53918972834922,0,0
254.20776928969696,8,28,2984,1,1,14.004178615464618,1,0
60.95026804357184,1,75,1124,4,0,26.418636111864416,0,1
45.57254862268262,16,64,578,5,1,7.683777424629936,0,0
13.272610158691933,18,49,2537,1,1,59.93317727967781,0,1
251.51878018692065,3,73,2580,1,0,1.611869887755656,1,1
89.2027094585455,19,19,2154,5,0,46.28422455005341,0,0
61.95217612562573,4,40,1243,2,0,6.380885894725377,1,0
185.5153268817739,6,72,2769,3,0,0.4815724578155467,0,0
129.0795258087159,5,52,2381,2,1,2.0646344497357374,0,0
313.4220251438745,19,32,864,3,0,18.909273156927554,0,0
13.66761171806382,10,52,2852,2,1,20.04316064739763,0,1
62.80845730326964,20,62,2939,3,0,6.413703618570969,0,0
61.1006111532981,17,26,269,7,0,46.86766141425868,0,0
122.9173934741395,18,67,746,4,0,11.470469896212984,0,0
103.23820944966651,15,41,229,3,1,10.480796137340947,0,0
154.47906191809193,2,22,489,2,1,37.05875958217728,0,0
117.19573707747814,1,36,526,6,0,18.680720448755658,1,1
123.21572951949952,23,67,790,0,1,55.1774120604707,0,0
22.263530282193344,8,59,990,4,1,22.25598266347756,0,0
24.63002092088993,1,76,2308,1,0,13.776191699990983,0,0
242.457511244898,14,60,1243,0,0,15.591822652968084,0,0
139.4051708923013,18,56,252,4,1,23.333959688589086,0,0
71.68709706908254,21,72,1504,2,1,67.8845410293159,0,0
20.97872794116864,8,70,1616,2,0,0.9200004817649586,0,1
15.712234785966924,9,71,1433,3,0,9.390758373945951,0,0
247.52872027325927,7,55,2619,4,1,46.587683148647976,0,1
121.56482199390275,14,58,183,4,0,12.306498284676838,0,0
74.075860310872,13,51,2599,5,0,49.86469604828854,0,0
72.53823522683403,4,64,2615,5,1,6.882518955398011,0,0
564.3690807170789,19,59,435,0,0,27.759244767107383,0,0
32.879450205609864,13,65,1252,7,1,1.7597610325785762,0,0
59.05314403938807,9,36,271,2,0,8.354147324900184,0,0
3.981476258427881,13,57,2694,2,0,14.983630232248604,0,1
10.25424390722537,19,39,357,3,0,38.71418523608672,0,0
14.390272146325966,16,44,2130,4,0,14.300299975802776,1,0
34.2224927752622,6,29,2756,1,0,17.899951946349635,1,0
113.83908344384665,19,52,2178,2,1,1.356552968171178,0,0
140.53426850085896,9,76,1961,2,0,26.68564356616074,0,0
328.69567374587416,7,51,2199,2,0,3.71661983175394,0,0
437.072570584052,18,53,2166,5,1,2.6132270583183863,1,1
105.75808340633542,16,57,855,2,0,2.8467939744364483,0,0
99.45388335703132,23,22,2391,1,1,26.173051505804924,0,1
150.76455046490386,5,75,1971,2,1,0.2654031570004891,0,0
109.85411587744512,19,57,1962,5,0,3.844444161195412,0,0
43.4429790650477,15,71,884,3,1,15.390867947902818,1,0
26.35227561877133,8,66,262,5,1,9.687213974933345,0,0
193.95551383966915,23,54,2305,1,0,7.479617411743878,0,0
68.11267368730836,12,62,897,6,1,28.486141542495844,0,0
127.28397479823832,5,34,1012,4,1,38.073991261972886,0,1
19.31693526416135,22,29,1989,3,0,10.525189380253195,0,0
229.9272469969244,10,34,642,4,0,9.261229109225663,0,1
270.0952759255631,11,75,2605,1,1,28.82884068111333,0,1
155.85874382785215,15,34,781,2,0,24.406313816018702,0,0
301.0020407549385,20,47,1604,2,1,0.4034519156080358,0,0
575.4178071784992,23,32,2053,2,1,11.935571121650776,0,1
22.63178244696898,5,52,2896,1,1,24.08070189159883,0,0
267.3919756049582,13,30,260,5,0,41.853168341346674,0,1
462.4481027622359,0,43,2370,5,1,12.85257626561876,0,0
119.2325947750277,1,77,425,5,0,39.1847887752023,0,0
7.823826824506982,18,27,1118,2,1,7.445815283812123,0,0
69.13257618775555,10,27,1831,5,0,18.69310220371234,0,0
194.93738632326568,14,71,1727,4,0,30.610275012701536,0,0
213.70117814960992,5,48,312,6,1,22.87605765437717,0,0
99.96158797566208,13,21,761,2,0,5.505483959798924,0,0
3.860233873117168,8,77,1282,0,0,9.488613244374491,0,0
7.94159874277333,23,21,2204,1,0,33.702983528042964,0,0
216.84674539304623,16,73,1336,3,0,7.093758046771837,0,0
293.26080866080406,5,39,890,1,1,2.2818944956776157,0,0
33.55590070503998,14,33,1423,6,1,13.39118080222384,1,1
124.69861955421256,16,60,765,1,0,17.98999687071758,0,0
600.9916225071519,11,44,2443,4,0,12.17265765744062,0,0
342.2921685468679,7,30,1312,6,0,8.005589765880508,0,0
420.4684802530976,7,33,889,2,0,21.712772964013595,0,0
281.6566897686181,5,58,2278,2,1,7.207624317121246,1,1
0.222542606356573,5,69,2815,4,1,5.793016223557565,0,0
131.9016481575418,11,24,1095,3,1,22.50066513656188,0,0
392.8626177924903,21,39,1871,5,1,4.95669643462545,0,0
134.5849549386791,8,72,2660,2,1,25.630093901362,0,0
201.5204459490133,7,29,808,4,0,1.178552439813383,1,1
284.9224507194322,8,63,745,3,1,25.814234904597186,0,1
324.7615822132357,5,53,2152,7,1,39.63658665116127,0,0
61.526981729453226,15,18,711,2,1,49.766848356501896,0,0
354.6301983946649,18,42,1419,4,0,10.436108716569992,0,1
35.71145952352627,19,24,2657,4,1,7.717943029879411,0,0
212.27664091691523,22,73,1680,1,1,18.37470933498289,0,0
392.41645919188375,14,73,162,2,0,5.828051312718135,0,0
39.88177962125471,19,36,2564,2,0,7.548178908877787,0,0
76.09318095535616,9,27,713,0,0,0.879256204156435,1,0
42.80613908200791,8,45,103,2,0,3.2117223112099875,0,0
12.423372722435763,4,33,1636,3,0,31.07968512216759,0,0
174.89835021813423,22,63,2191,0,0,33.21560731408284,0,0
337.12453607643613,1,61,2311,3,1,9.96318026859622,0,0
7.947401322443562,16,40,1177,2,1,9.060640281336733,1,0
47.2728470549683,0,34,911,5,0,0.8984406131477591,0,0
59.87311649906385,17,54,1405,5,0,18.73975694976995,0,1
124.69903363446436,11,35,413,3,1,30.01947043773754,0,0
247.8659898778821,21,67,203,7,0,19.127463910160408,0,0
360.2774174324784,14,30,2923,8,1,20.198899014140505,1,0
233.66263453174128,22,19,2504,4,1,40.36727833320237,0,0
1.9946780916305435,15,64,820,1,0,36.223133359127736,0,0
823.4602100224644,14,30,2826,2,0,15.040530141519806,0,1
186.15882456472897,2,74,203,0,0,53.60098897053408,1,1
95.50796162170757,2,50,825,3,0,11.799325044416715,0,0
63.49046301030229,15,72,717,4,0,77.1587620598302,0,0
827.1979192000565,20,31,1371,1,1,5.575884610001344,0,1
24.932205761069547,8,18,1524,6,1,22.877546100736737,0,0
138.8612974315788,20,24,1106,4,1,8.517082214866445,1,1
15.42953332531426,21,33,543,4,0,0.8545478590382898,0,0
317.0566816286065,11,64,1014,4,0,10.544245276586343,0,0
59.650935985787775,13,78,800,3,1,5.421834655878156,1,0
155.60967419345107,10,77,2956,5,0,73.38214697885255,0,0
78.07676057629487,18,29,169,4,0,61.28693216222955,0,0
341.56481608107055,3,72,2095,4,1,9.407002405004226,0,0
79.55676306647305,14,30,1912,1,1,21.741546084535205,0,0
602.947759177771,9,51,291,3,1,3.326238118517,0,0
20.646463217324765,3,67,273,5,0,9.210297430325802,0,1
55.42020460528032,6,46,786,4,0,10.421126103976562,1,1
413.782812806478,23,36,2194,3,1,16.200245458724037,1,1
188.4372025833694,17,49,1809,1,0,51.852397256264425,0,0
131.56270235115585,1,36,526,3,1,15.122445178163872,0,0
154.91247211418477,14,54,1793,6,1,2.930388409135422,0,0
15.267544511187412,10,51,2791,2,1,8.849864275439325,0,0
121.37583413523826,18,39,671,7,0,50.895351465305225,0,0
67.0533421628785,21,63,103,5,0,11.744442032393254,0,0
213.3185464168356,14,52,273,4,0,9.535507481975184,0,0
38.637426298589226,23,18,2070,4,1,32.73343428860133,0,0
48.37727272092732,18,71,148,1,1,12.608767534079655,1,1
39.53317872931474,2,71,2600,2,0,31.7587224638963,0,0
21.239471800396327,3,49,333,3,0,13.515930555308817,0,0
230.3204305416183,16,31,2655,1,1,15.45089548668756,0,0
79.9214569534157,10,21,1521,9,0,5.2173574182856335,0,1
412.2892866231186,19,65,2208,4,0,73.10618720146012,0,0
391.3713386326608,8,21,993,2,1,15.915672158061362,0,0
75.64779346169135,17,48,1227,0,1,44.99227917460094,0,1
94.95286247245424,23,38,1744,2,1,11.881962737311833,0,0
337.4147430579269,16,26,1258,2,0,9.44391565037271,0,0
532.8578959178549,6,19,1474,3,1,11.261075570655104,0,0
39.97071354442775,20,37,795,2,1,3.4017923856849657,1,0
238.0791568992776,18,30,799,4,0,19.024873654138844,0,0
41.665413525487416,10,59,969,2,1,15.136133973565766,0,0
202.89354014249108,3,25,2598,5,0,15.15078433198616,0,0
172.13458868909274,14,18,2448,2,1,17.11198135969989,0,0
148.18601554042715,9,35,966,1,0,3.765913193636232,0,0
119.97875737008734,2,46,215,2,0,21.642745779950857,0,0
284.8345608603109,6,62,2428,1,0,12.755938187622595,0,0
258.72080083922685,14,44,1649,4,1,2.298442894708492,0,0
751.1546544454928,20,77,1324,2,1,17.933219724108294,0,0
79.56877641737563,5,22,2680,2,1,12.474013446101608,0,0
112.61187939093156,12,61,155,1,1,2.7496723601612945,0,0
22.445777256177628,3,27,1203,3,1,3.255772199598794,0,0
118.72315740204677,6,38,2680,5,0,6.521334164148898,1,0
215.0032410683037,11,31,274,5,1,1.474601791441485,0,0
625.7209990008707,11,59,1273,2,0,147.566535807623,0,0
80.69363130408274,13,36,1880,3,0,51.03673068167109,0,0
135.2952026818662,20,19,1090,1,0,23.48231339881294,2,0
835.3863094461069,14,42,2576,1,1,36.53894930611346,0,0
136.661527863629,12,54,2957,2,1,18.55440018556192,0,0
18.329781945159837,12,51,2384,5,1,2.9236869138530857,0,1
91.2316279715156,14,75,2070,0,0,0.9974765422784436,0,0
57.10388529673616,6,74,2744,4,0,8.580745280845612,1,0
156.95912551202036,17,77,2002,4,0,7.957940780170166,0,0
593.0534442304407,3,22,754,2,1,1.565600521025862,0,1
372.4911157493125,4,58,1905,3,1,3.45012304048078,0,1
267.7943764735416,13,53,1512,4,0,4.233893215386818,0,0
140.2641304109855,7,23,386,1,0,39.59250567578557,0,0
18.03947220017492,6,47,501,4,0,55.06566536116424,1,1
163.76896911154145,0,27,1981,5,0,127.2533124095952,0,0
151.90590047061377,14,34,1325,2,0,1.0092405903693935,1,0
180.01527100201275,13,79,1350,5,1,12.46070559330114,0,0
172.086266409191,19,50,584,6,1,84.01602203946703,0,1
434.65513589260286,12,43,2955,2,0,13.976080701884667,0,0
599.3944766376571,3,34,1979,5,0,5.727518701838798,0,1
832.1248326374467,13,65,2946,5,1,83.23083937255527,0,1
136.57144350594822,9,72,278,3,1,22.898987402372317,0,0
320.1899864616975,7,59,1921,2,1,2.603316225606511,0,0
70.03771306072507,0,49,1695,3,0,28.534212531874022,0,1
98.2480945468228,3,23,1059,4,0,12.809455191207135,0,0
134.07983106552035,5,48,2659,0,1,5.588329618642797,0,1
663.83683146564,7,52,1285,3,1,4.71413800409004,1,0
68.38054833956815,0,70,1782,1,0,56.83963170835196,1,1
132.72466123190378,17,71,1266,3,1,7.235511607987409,0,0
321.2988487652239,8,65,2730,4,0,6.486388398670267,0,0
72.00274496578933,0,29,1908,1,0,60.62047897939881,1,1
129.46960885159748,12,19,131,5,1,24.587680882298336,0,0
81.5140624730759,19,59,1382,2,1,0.4262539327692318,0,1
157.13150771961185,23,25,938,1,1,3.522741510039773,0,1
119.89627151870076,14,43,2343,4,1,1.851181821306704,0,0
234.49148680250843,9,71,496,7,1,27.666682603957295,1,0
23.665061522230054,3,57,799,3,1,0.0445181788803913,0,1
109.03152320239232,17,76,2297,4,0,23.92327776228769,0,0
85.91352316232879,13,59,954,3,0,10.908017875514792,0,0
1091.4369261267643,23,40,2200,2,1,12.56406403320118,0,1
37.8257034226433,11,49,2899,2,1,2.4532480769506098,0,0
69.29458572752945,4,44,598,6,0,6.1722700622815365,0,1
286.28169614729654,15,29,1881,1,1,2.950569122982912,0,0
50.077527510675765,16,26,2335,7,1,21.8871270554277,0,0
54.77211042841541,16,69,475,0,1,52.89492626685659,1,1
184.87573811116405,18,54,2068,3,0,13.386422613311328,0,0
324.4901218851292,15,79,2298,2,1,9.755664553006968,0,0
158.7966954003389,12,69,763,3,0,5.844212893777476,0,0
112.41859567029782,15,45,68,3,1,16.49658377600424,0,1
322.2444084318504,14,37,2278,1,0,45.05497769800121,0,0
7.917249135285786,11,73,464,2,0,6.402494408630052,0,0
590.2772664709677,17,45,354,4,1,34.98168730829982,0,0
260.75176038695133,7,21,708,5,0,22.86438571754119,0,0
14.734597156196056,9,73,2215,3,1,37.49025812198245,0,0
29.177680385481843,2,32,2579,2,0,9.980423027559056,1,1
261.5751567915482,4,54,1657,4,0,10.223886430356496,0,0
164.7526970233589,21,21,2513,2,1,66.35542389332052,0,0
20.9027670429523,3,45,540,4,0,16.354342312386226,0,0
1428.0128770521503,10,32,218,2,0,7.203471294256199,0,0
47.156451187851,18,75,1738,1,1,1.705352384684336,0,0
396.322120395125,13,65,184,1,1,0.3271657243601207,0,1
9.736762978436552,23,47,583,4,1,14.347921380704156,0,0
86.92144294137516,5,39,1752,5,0,8.89107428342774,0,0
601.5867684912928,2,65,596,2,0,4.621964793705925,0,0
643.8345778931313,3,46,1038,3,1,22.72867204208708,1,1
556.0120535585934,22,50,2104,3,1,11.162271621885536,1,1
70.84201234713696,12,46,764,3,0,14.59739436081337,0,0
756.9013434215007,7,64,1845,1,0,26.808045994517787,0,0
42.605806371992806,1,59,2472,1,1,18.095066127508236,0,1
374.8817333744583,3,30,546,5,0,17.65458028378309,1,0
405.1394536772452,23,32,1673,3,1,18.9540540232331,0,0
271.16963113171613,20,68,1973,3,1,175.14118055903475,0,1
13.691143620456034,16,26,2492,1,0,8.43341700092172,0,0
45.80217334320902,10,20,597,3,0,28.45842840812398,2,0
22.73467272922696,22,55,2998,1,1,8.046097475306851,0,0
10.738470232703316,2,66,2126,3,1,35.85575376793457,0,1
345.3102901260399,17,62,1860,4,0,58.5480230768207,0,0
151.0267901010726,1,72,2060,3,0,5.077210563353622,0,0
557.1452603967907,22,68,2104,5,0,7.258790004701709,0,1
16.240680592659796,17,54,2183,5,0,16.022101008782823,0,0
193.67979341213592,0,39,1927,6,0,54.83144976333335,0,1
80.93858958761645,5,65,2110,1,1,16.372622850258665,0,0
336.81496561130075,3,57,1096,0,1,12.023629315118832,1,1
117.46338152728045,3,47,2116,1,0,57.73094523936734,0,0
0.0105656655376664,17,63,1286,3,0,39.79726102925865,0,0
35.994388683480324,13,66,1047,3,0,0.091771249672334,0,0
145.36003278733125,16,43,2045,2,0,3.924490203428199,0,1
5.947448911589704,6,19,760,3,0,21.008098097644783,0,0
123.03243218338464,7,67,2834,4,0,16.947241009776306,0,0
334.6005364593333,20,50,1906,3,1,17.224554757473232,1,1
43.70442489310927,18,33,1196,1,1,48.90582362715957,0,0
139.50937313164522,22,24,563,3,0,44.79733613844623,0,0
240.60337038170775,6,39,1055,6,0,0.155834216630055,0,0
409.2066922031506,18,20,1717,5,1,22.76030212661672,0,0
1.0676829167432813,17,20,2782,2,1,11.994077809537185,0,0
134.23715419589502,17,78,603,6,1,28.931227166421664,0,0
32.32726846354244,11,65,2514,4,1,18.11107792160979,0,1
205.42853760991747,8,45,2960,2,0,5.1217454504776905,0,0
60.90062881260434,23,35,1749,3,1,4.450930319043044,0,0
564.4812144627177,0,67,2509,3,0,0.5175823381267273,0,0
220.85366787005708,10,24,225,0,1,26.96098002915075,2,1
70.77924980065296,15,66,2941,0,0,40.2409640377358,0,0
106.72215918468255,21,53,2882,5,1,12.893623156642064,0,0
92.87218444769265,23,21,1790,0,0,0.4612363506041897,0,0
298.2273864116921,4,39,1463,2,1,11.659781108421123,0,0
55.389518100144016,15,65,1779,1,1,1.2202137122845174,0,0
85.23634522946469,15,55,395,1,0,116.74948361015409,1,1
0.2709085388695629,13,38,1857,1,0,27.366191935929564,0,1
97.7129566405704,22,66,958,4,0,6.272178572532491,0,0
60.79290894258735,13,70,1928,1,0,12.621661533226815,0,0
90.04082298900202,20,59,2924,1,1,1.524670306659658,0,0
331.6374939467225,16,71,417,2,1,4.473904345488689,0,0
47.11734001356005,4,70,293,3,0,28.86967148318003,0,0
80.75062481257753,3,30,2469,2,1,15.73748699756649,1,1
969.6526530720472,13,37,2174,3,1,5.398684258031107,0,0
187.80908909497523,10,74,1782,3,0,70.56602977507117,0,0
0.0454127990666947,4,78,569,4,1,12.215681382588128,0,1
1.107484075187095,18,72,1089,1,0,7.387397555334477,0,0
392.9294644608885,19,61,2552,3,1,22.145030488217397,0,0
83.81164013943932,18,27,1582,3,1,5.018953968602754,1,1
106.15156270107556,7,49,2346,4,1,13.574040605600564,0,1
235.38676113039733,14,65,736,1,1,9.901963629640044,1,0
409.2012003489698,14,79,1915,5,1,46.70474784631831,0,0
448.7378247367515,1,57,2403,2,1,16.85497349223504,0,0
59.65501670670093,5,34,2508,3,1,16.696519439271615,0,0
88.00149430473077,15,37,1329,7,0,33.096694831304795,1,1
18.20765152084031,7,21,2995,7,1,19.64326238039202,0,1
85.52417231121123,1,48,977,4,0,7.871163501569364,0,1
105.69567539679733,17,74,702,5,1,48.7048778282821,0,0
29.294511626283075,12,41,2144,3,1,4.938000766854877,0,0
321.7428907859801,0,77,1123,3,1,10.778609068268718,0,0
18.452540431865653,23,51,2535,2,0,44.739040998256,0,1
161.20548629363475,20,19,498,2,0,20.13021868592788,0,0
71.61048328564796,10,79,1325,4,1,53.964244495458246,0,0
138.61303357053123,14,78,1813,2,1,20.8101288504881,1,1
50.81928225902078,22,25,1871,5,1,22.503183498842706,0,1
75.19176817660068,13,72,1887,0,1,19.36911134011034,0,0
343.9052610075725,22,63,300,4,1,19.03524202835548,0,0
379.391161646937,7,32,1611,2,0,26.08575786837376,0,0
345.7350350819875,0,74,1947,1,1,0.6104039834369777,0,0
13.977771699224595,15,25,782,1,0,6.749276454400991,1,0
71.5224024445202,4,76,899,5,1,13.205398472789764,0,0
154.05167265896452,6,24,53,5,0,11.62973198497696,1,0
185.16878313622595,7,54,1007,6,1,9.744383793082816,0,0
52.779332588257766,8,27,147,4,1,18.606013257851,0,0
21.209923322803498,19,30,2705,0,1,11.7844784404952,0,0
63.47703513083896,8,29,1802,4,0,19.7000047828032,2,1
16.513259177227514,0,35,2756,3,1,6.91940769878376,0,0
628.0149339327967,16,35,597,0,1,5.416851740918734,0,1
123.98150126423266,8,20,608,3,0,37.998813334531945,1,0
65.8295281944539,22,74,1555,2,1,2.2548573211010488,0,0
3.607120566389812,18,32,987,2,0,6.483372557166921,0,0
166.2937260979334,4,23,1142,6,1,8.297987677087802,0,1
14.43799558969788,17,32,475,0,0,0.3680267099721604,0,0
396.62812873686136,10,78,2722,2,1,40.5870742327908,0,0
493.2525963887901,23,30,772,7,1,17.98236860867895,1,1
166.6731777335055,17,36,704,4,0,1.8361005007504925,0,1
4.978844456502262,0,31,1452,1,0,7.019936574056526,0,0
527.9771084208151,3,37,2013,1,1,7.559858880694454,0,0
116.1792130028278,7,70,1985,0,1,1.8362008673804264,0,0
646.9348709717576,14,63,381,1,1,6.195625365919191,0,1
93.26241572612322,9,28,2700,5,1,4.849332871082134,1,0
160.74336513231194,20,58,2534,7,1,10.982559410401272,1,1
253.6948823692528,1,46,2282,2,1,1.380937445856579,1,1
171.37817994535052,19,59,2602,5,1,89.81726148737538,0,1
320.5478600201822,13,60,2647,5,0,58.89488275843921,0,0
70.5614023175558,19,79,647,0,1,32.51321603844805,0,0
27.118542938368478,12,45,2913,3,1,34.07637813191674,0,0
27.01969928026824,15,27,780,3,1,16.930462397830997,1,0
169.05530309455196,5,56,731,4,0,6.415152290270906,0,0
62.407846146142695,6,20,1107,1,1,1.741749977944442,0,0
119.6948537647552,12,46,547,3,1,1.841561805727765,1,0
146.3433865245362,16,67,1720,2,0,4.879139534852159,0,1
58.11668947327032,22,41,1396,1,0,16.038290948230536,0,0
190.9091256958961,4,43,1681,2,1,19.804645136268885,0,0
172.80694385638208,3,73,250,3,1,1.2629619100402458,0,0
112.5442317135072,19,74,1935,3,1,7.744985681299309,0,1
105.25440950898476,15,59,949,2,1,40.74183979903036,1,0
428.1210880684546,23,70,340,5,1,16.72173428948776,1,0
343.6738038527837,15,33,354,3,0,11.68262697834536,0,0
92.7371301094594,15,67,2756,3,1,5.699961131697698,0,0
3.1929666841680158,17,66,1887,3,0,12.585135468085255,0,0
17.52021675966949,0,44,471,3,1,0.2719575277468442,0,0
271.4527627298067,20,35,1367,2,1,27.5744408922896,1,0
18.37326444618298,7,52,924,5,1,12.118554764188742,1,1
516.4497342711352,23,47,2354,8,1,14.672991636637487,1,1
75.8522540477537,8,41,715,1,0,34.96059144559321,0,0
133.17398381273955,20,28,1808,7,1,1.4047240427036771,0,0
16.34103371673398,22,58,462,5,0,10.35416989570304,0,0
435.3742119624095,4,75,154,2,0,25.946476922208635,0,0
15.019806059542123,21,72,1916,1,0,7.869313133316491,0,0
157.13964555638557,19,48,736,2,0,20.841495399024,1,0
72.29852958180841,1,56,2955,3,1,5.9793436566935965,1,0
362.1177576516078,19,76,1874,7,0,19.48716936307197,0,0
64.04429814307296,8,56,1512,3,0,54.69480089724868,0,0
9.669359850486384,16,22,1922,2,0,31.715733385405365,0,0
272.1273000996893,10,73,2105,1,1,15.007012762561873,0,1
86.31681178007634,22,22,803,0,0,1.652051576755157,0,0
384.00367744073753,19,35,2921,2,0,3.599834491975286,0,0
105.84303766848105,6,37,1909,2,0,20.444957328153567,0,0
25.69362740519941,8,21,1368,1,0,27.412305021373577,1,0
368.5458807692215,20,24,1565,4,0,14.243921585694178,0,0
166.63374842959166,15,55,1882,2,0,2.1897079636137247,0,0
122.84521106842708,11,47,204,2,0,1.4776852670712737,0,0
47.06607129365835,8,38,345,3,1,35.98239703306611,1,1
162.02647213730162,6,53,1230,2,0,5.417879735903652,0,0
476.9734477902514,0,21,1506,3,1,11.220620924331175,0,0
274.4715103331581,7,21,796,5,1,29.83507455332424,1,0
144.18914294526212,5,55,779,1,0,9.685441929154676,0,0
667.5130324104197,1,49,703,2,1,77.60295742749578,0,1
243.93966950816787,12,18,2170,2,1,15.307541561188287,0,0
113.15046538044162,12,21,356,2,0,75.61299830350497,0,0
223.95416244991137,20,43,1322,4,0,19.673194495803436,0,0
28.213125940532084,11,23,2310,5,0,8.133728162043246,0,0
101.13093427254442,13,37,343,3,1,32.9970419659768,0,1
271.15550432567926,22,52,402,2,0,3.266978813725456,0,0
528.6198369511507,11,66,87,3,0,43.53395458312419,1,1
51.87198913734135,20,35,2800,2,0,24.106176656868115,0,0
606.0747082630013,4,53,236,0,1,40.753179100019295,0,1
357.19151416091205,8,32,554,2,1,9.500563993051731,1,0
522.3325526084158,13,64,1857,2,0,51.69130147811303,0,1
143.462824847277,7,47,571,4,1,5.379544185242451,0,0
164.51203315316198,2,69,330,3,0,5.730756121577484,0,0
41.62724257235769,19,41,2701,2,0,9.978813780465808,0,0
108.51795793944694,15,77,2228,3,1,3.334431326029838,0,0
16.701289951632532,23,74,2588,3,0,18.98774239808337,0,0
268.29942468069163,2,28,146,5,1,17.59945403593367,1,0
174.32157321100092,1,77,1492,2,1,18.753017900728384,0,0
27.710077223527595,8,22,1242,0,0,2.572751151433097,0,0
126.1656679527308,8,33,187,1,1,20.780626886392515,0,0
1.0148874103594006,3,61,391,1,0,23.1159362185527,0,0
125.04156614926973,19,52,975,3,1,20.759839183379047,0,0
442.9590449243135,3,62,2348,2,1,8.19628155384312,0,0
72.46572238024186,2,64,1530,4,0,14.637201301725831,0,0
134.36179312079355,20,54,445,3,0,2.074841468294542,0,0
8.23396352958546,4,41,2218,3,1,0.3173972024778151,1,1
722.9635072557551,12,68,2915,1,0,18.705412096663924,0,0
243.5004178119072,18,30,510,3,0,27.76085999036422,0,0
260.52948204327856,21,37,2225,2,1,34.69976418195856,0,0
93.95931558405344,5,31,799,4,1,108.2252873920604,0,0
120.3627757434358,7,22,2262,0,1,25.37625778314864,0,0
36.00101052560003,5,40,2279,5,1,0.1207252710057582,0,0
30.877930644619056,4,34,2129,4,0,61.48858204347206,0,1
375.18262548897854,13,49,45,2,1,89.07885800664167,0,1
59.59918845439888,3,18,2463,2,1,92.7010256782649,2,1
890.8432085845434,11,41,1223,2,1,3.3853171209736383,0,0
65.96854517975169,20,31,2936,4,0,22.079672502377093,0,0
316.3492044284742,15,23,113,5,0,17.386129637984304,1,0
11.172751945183274,20,21,1460,2,0,3.440390873366461,1,0
146.53810670480857,20,18,93,2,1,10.564197937086917,0,1
161.23079348896752,18,48,830,1,0,8.105894056789834,0,0
46.5154557106832,16,72,2477,3,0,38.88876283576075,0,0
305.0155004883282,2,48,1002,1,0,3.3658869318651794,0,0
74.31767943603876,2,58,2216,0,0,5.819994506014671,0,0
16.37800329409656,5,41,2405,6,0,26.493853150861657,0,0
908.4299516024475,12,35,1479,4,1,54.66892869007076,0,1
303.54090011572555,20,48,1233,3,0,14.51254292498968,0,0
29.851457862861917,0,58,2468,3,1,16.447220399626953,0,0
305.8464124963034,3,74,735,2,0,29.780492539046488,0,1
102.84200785166,2,37,1828,5,0,0.2457616753041803,0,0
181.82162772098232,12,59,1884,6,1,11.9064461078054,1,0
59.89155536813722,16,42,2868,4,0,1.3267551555579118,0,0
3.25121261921971,13,56,2969,4,0,21.365838969145,0,0
65.98003569110233,0,72,1708,3,1,46.59178580395837,0,0
61.41492580455442,3,32,148,5,1,1.1798526222306958,0,1
44.92216722853408,11,19,2576,2,0,32.10349453982528,0,0
366.3429964337848,18,61,395,4,0,12.05766316064246,1,0
391.984070698984,15,31,1369,4,0,15.699964952211678,0,0
377.78749103067554,15,56,2543,0,1,32.72634319459398,0,0
226.98099956730303,1,31,2195,0,1,8.613244187095855,0,0
123.11314431146944,16,57,2202,4,0,3.6943467643082935,2,0
176.0662027271843,15,33,1981,2,0,10.138253515096082,1,0
29.055406667915097,14,42,2663,3,1,21.63140275756265,0,0
232.16209927753272,11,78,1113,4,0,31.482073734045443,1,0
120.59724899914949,18,48,2593,1,1,12.023876544961444,0,0
182.9736198729764,16,42,2411,3,1,16.620138453512737,0,0
36.493273899843466,3,23,568,1,1,14.874360328712005,0,0
302.9019463300267,20,52,1922,0,0,9.234582924896822,0,0
125.53991122923593,12,59,1002,2,1,10.666521743512629,0,0
299.9565568841574,22,61,1055,5,1,59.81513107943432,0,1
111.41316461896248,13,48,45,6,1,20.903995622046043,1,1
162.5955490016639,23,44,1323,3,1,24.54722825164433,0,0
258.6105347871145,2,34,1720,3,0,2.420168093514356,1,1
10.7368442989257,16,21,467,4,0,8.188945019947555,1,0
261.64428948103296,15,52,510,4,1,1.5100390389866307,0,0
45.97527939994041,17,65,1952,2,0,5.570138385583977,0,0
49.45117955490316,7,44,2099,1,0,6.9388633823205135,0,0
139.6870648777541,14,48,2306,7,0,12.632746432540849,0,0
91.3786538208899,5,73,455,2,0,89.0437616782021,0,1
266.3743934525331,5,70,255,2,0,3.906099438571193,1,0
881.0266326762653,21,68,1947,2,1,1.8821681980939768,0,1
147.8424881867746,23,76,2453,4,0,10.748855084112757,0,0
157.2962057669807,2,18,78,3,1,12.65291515051635,0,0
364.316461721973,15,55,1819,3,1,8.584351071265717,1,1
49.81734670821448,23,41,1524,0,0,8.506681803027895,1,0
42.782664364689616,1,51,34,2,0,2.3862622548119248,0,0
101.26292624197286,8,72,2666,3,0,2.621544394065507,0,0
46.767736767886376,4,57,1423,4,1,5.978357574459993,0,1
635.5836630167673,9,36,651,6,1,11.190508106214017,0,1
475.55478240726006,15,22,2749,2,1,16.927720968652544,0,1
24.955832834801605,3,39,2043,2,1,19.259611001435918,1,1
360.65801051709934,19,52,2901,5,1,1.3608748928561365,1,1
36.43355696283911,6,48,939,3,0,8.661759862117218,0,0
544.8688295925257,15,30,1714,2,0,28.488025673078013,0,0
1.819079921445722,2,58,2420,2,1,8.769216693571215,1,1
430.8291846311709,17,77,2868,4,1,22.64204747657198,0,0
314.8528111940478,9,33,2073,4,1,13.532616633550866,0,0
79.77331871679245,9,57,1619,3,0,0.2135663202632756,0,0
4.940682748831045,16,33,2904,1,0,3.530110584828203,0,0
292.60726070579125,9,42,331,1,1,0.778947805662727,0,0
11.856341289747558,8,41,2322,4,0,3.999334763963892,0,0
225.90997088735065,1,75,1058,1,0,25.3615459698668,0,0
36.35938577944584,17,44,2043,1,0,34.27685996037654,0,0
265.9984627043006,9,26,1384,2,1,15.606527079567474,0,0
117.60379876267235,17,46,1949,3,0,11.273189630802198,0,0
441.9351656906972,7,74,2024,4,0,10.50841603333697,0,0
454.81946982145047,5,47,2674,2,0,29.054707319113525,0,0
6.451704308120962,9,48,1148,7,1,26.50663171114773,0,0
144.64597382022362,9,42,2153,1,0,16.523544396966972,0,0
450.3061407521523,10,68,2336,3,0,16.062652976495436,0,0
12.431980387744128,18,44,736,1,1,46.24487066362333,0,0
69.02471996554749,8,62,1325,4,0,86.20303680958978,0,0
74.70931633152473,12,34,1115,1,0,29.722405093209574,0,0
36.55247785135971,17,42,215,4,0,6.056804533689489,0,0
309.2699003596211,10,25,2353,3,1,36.75508152885124,0,0
422.70024478735786,3,52,2667,2,1,3.696157206116153,1,0
19.52640467742583,6,43,1154,4,1,8.265673357390053,0,1
198.42884154192487,13,41,2909,2,0,6.912256767043389,0,1
36.621486062588936,20,23,1759,4,1,19.323396643977222,0,1
49.36172473390111,7,69,2067,1,0,0.5291905684236609,0,0
22.5936524773635,16,59,948,3,0,9.299373051507256,0,0
480.08457747860473,21,58,353,3,1,10.05954740147667,0,1
210.6500055218306,0,78,2143,0,0,9.936417771556004,1,0
115.17143884721762,10,40,55,2,1,24.33553785876662,1,1
137.8828088975233,18,69,2467,2,1,4.782112086329274,1,1
145.25822384607125,19,63,912,6,1,0.0695589755359606,0,0
33.13021639419903,7,21,524,6,0,7.013080192198321,0,0
95.5827394092789,7,45,1978,6,1,22.739351984006102,0,0
21.631989207718817,4,71,192,3,0,1.6258262328287283,0,0
196.83859394708944,10,46,1500,3,0,5.705626863110403,0,0
12.863292759905418,19,55,582,3,0,11.647264233910972,0,0
193.76632138705688,16,55,142,5,0,4.285422035664595,0,0
152.3088845058955,19,31,1914,4,0,10.901584964078332,0,0
188.1586504979661,14,58,2904,2,0,20.9394653552971,0,0
205.91058273532636,7,37,1215,1,0,29.095684840953936,0,0
18.537633404475823,10,60,2273,1,0,32.42394962686346,0,0
533.7820200542134,12,54,2484,1,0,12.420867019696358,0,0
638.954608814325,2,26,2741,4,1,10.548983759020404,1,1
238.42848338476105,5,26,1636,4,1,3.5075425129484987,0,0
133.678361973722,21,60,2614,7,1,14.618759245941302,2,1
189.06886360061452,4,56,2008,1,1,12.45237186635733,0,1
42.1284381088227,13,63,2706,1,0,0.296894117441565,0,0
523.7985838081075,16,36,2342,2,0,21.58977366912666,0,0
285.5574242691,17,65,1312,6,1,4.296875555429873,0,0
83.66419087816641,17,70,1756,0,0,11.593579487897332,0,0
67.04993527621635,19,51,2670,2,0,0.6468973832579601,0,0
139.23687551023986,5,65,2157,7,0,37.43078452810345,1,1
28.35411294480137,8,65,1802,4,0,1.1323193993935607,0,1
7.659015140540455,23,41,208,6,0,14.053909723344043,0,1
165.0510972467617,5,29,342,1,1,26.502469811167128,0,0
275.97051057915223,18,20,1742,2,1,1.961337646373076,1,1
281.195382714454,23,68,587,5,1,2.255133025230549,0,1
129.139803556838,20,27,1897,1,1,14.226743030958634,0,0
14.182954717407414,1,45,508,4,0,108.67627549882188,0,0
574.4486023820116,0,20,2983,1,0,30.530427919849696,0,0
182.89723113213284,12,70,2121,2,1,14.570298871929932,0,0
344.3535924156136,16,63,782,3,0,3.948246043736253,0,0
149.92507920430546,6,54,1657,1,0,14.518448409765467,0,0
95.57507318935514,5,60,2947,4,0,18.40789185051944,1,0
402.03634923238445,5,78,2335,2,1,13.83025098906717,1,0
29.158153300685196,17,68,2053,5,0,3.119294097472401,0,0
73.17642558294747,21,20,2889,8,1,5.691405853040794,0,0
221.1408780520436,22,42,2533,2,0,11.484960373777522,1,0
399.6135866351408,9,58,40,1,1,10.01273193154211,0,0
352.2684044155587,6,24,2305,3,1,23.985575975391026,3,0
28.60884399080486,16,39,1279,2,1,14.453763343129172,0,0
249.0089606355524,7,39,1718,6,0,3.036879365607463,0,1
119.76260049337542,0,27,1853,3,0,0.9708262504592255,1,1
198.61151469518447,19,55,1591,1,1,7.005655040659757,0,0
87.63008774728607,5,41,496,4,1,19.775138935051014,0,0
190.1960548155598,10,38,933,2,1,3.794583857704788,1,0
624.8027422068474,23,53,1739,3,0,2.5112375996127456,0,1
422.9395038479039,7,72,2197,3,0,12.592752340112147,0,0
1087.2942475326886,8,60,669,3,0,84.25025213976494,0,0
293.45106688607547,14,78,2132,3,0,6.664771633565661,0,0
116.51706705677763,23,56,1307,3,0,8.88990077098441,0,0
172.68280532188697,6,23,373,4,0,5.683242544186216,0,0
19.906376986297573,20,63,1756,3,0,2.660210081147832,0,0
89.95721890978608,21,65,1350,1,0,13.523895357261171,0,0
190.23232799501477,21,67,290,3,0,3.8047343568330168,0,0
782.924706538841,19,58,299,3,1,47.616151072964605,1,1
89.11470412022996,3,74,1032,3,0,6.610193457321837,0,0
213.8472936750616,5,67,1907,3,1,1.592333605389535,0,1
172.0091992637759,18,20,2806,6,0,3.160292258344399,1,0
58.24781212038119,4,63,546,0,0,44.08989284785525,0,0
185.8192337963699,1,25,2830,2,0,8.735811431623514,0,0
67.61743297842283,0,65,591,1,0,2.984889562489777,0,0
188.7221450279832,6,71,1341,3,1,32.05335493569694,0,1
77.62910299277479,13,32,2608,2,1,13.180189362791625,1,1
12.36301746090163,6,50,169,3,0,6.867062130283937,1,0
81.76129736932666,7,54,1966,3,0,75.93546123234157,0,0
155.42705258093838,3,76,2700,2,0,1.7053442329405195,0,0
133.82912482223358,14,22,394,2,0,6.66449976849049,0,0
103.99738422883271,11,54,668,7,1,2.840702586284125,0,0
41.0425484990982,22,54,1564,4,0,3.449845476950708,0,0
108.68672294525643,19,64,1464,3,1,30.995852940416736,0,0
99.67849941714344,13,28,625,3,1,15.176538202656138,0,0
188.3770602646397,18,43,575,1,0,3.3207574801180857,0,0
54.3945146018918,20,22,1074,1,1,2.50264058176413,0,0
457.7303441055101,23,25,695,3,1,25.09362558790558,1,0
331.80446646740893,7,38,164,3,0,8.507544711849798,0,0
493.2328425225931,3,78,1206,1,0,28.6426270183641,0,0
111.97696443739686,10,68,571,1,0,0.8984978346422723,0,0
488.92319236732726,10,28,1419,5,1,21.77013335298556,0,0
538.043771921237,14,45,546,3,1,5.0757874531396086,0,0
49.98049556762391,5,54,1843,8,0,0.917240076129176,0,0
11.081040053931977,17,54,1910,6,0,26.78072062852747,1,1
32.39777130976974,23,22,2207,2,1,32.48759839995775,0,0
115.66029238949528,18,39,2382,4,0,13.845116650584416,0,0
44.95700651715701,5,61,988,1,0,37.0083271520909,1,0
347.21619877554224,11,23,554,1,0,14.202510815999016,0,0
49.739252236083296,5,66,1998,1,0,2.5395398958954827,0,0
604.9490636404104,19,41,666,5,1,1.0215111825538516,0,1
47.2251301294582,3,61,765,1,1,2.3383546084657096,0,0
95.80832373341944,15,55,1209,5,0,5.332557410439812,1,0
256.5582955705842,6,24,626,1,1,9.167254844999038,0,0
401.2488123936309,6,32,506,4,0,5.660333887489376,0,0
17.31093220066514,4,18,1808,5,0,6.0848225883977225,0,0
89.69658329129896,15,23,1044,1,0,8.542461376648067,0,0
307.4829204503445,2,79,498,5,0,27.854022440565448,0,0
150.02865006987807,8,34,1616,3,1,44.0537777293083,0,0
186.631090640023,18,19,1238,7,1,2.2446683126556426,1,1
171.16172920018627,8,37,2845,3,1,6.160398588013164,0,0
80.18050675033186,5,18,1195,3,1,9.337679810756311,0,0
17.57565865992188,21,43,44,5,0,60.71698295949366,1,1
14.376831060631403,14,47,1881,2,1,59.30491709201131,1,1
76.03847902394995,16,53,2051,2,1,5.047527995142466,0,0
244.0957446057907,3,26,140,3,0,14.674433010031205,0,0
790.1649749058254,22,55,2333,4,1,7.628506302885642,0,0
48.33684634323981,4,53,2334,2,1,0.4439327706757522,0,1
64.87625128653397,15,42,2635,4,1,5.286605818513595,1,1
65.68245227779919,19,76,347,4,1,3.7071943099853577,1,1
230.5501526197324,15,29,1256,3,1,22.610034229698137,0,0
32.02396994422136,20,53,590,6,0,10.394210053769546,0,1
36.243995223013584,12,25,2795,2,1,51.2154926083246,1,1
154.94142762765208,10,39,194,3,1,43.71260118692614,0,0
153.94872779618595,20,61,1346,2,0,8.998182071824685,0,0
229.9340255194498,11,68,1990,4,0,30.330689405637955,0,0
164.71961880330628,23,39,2402,3,0,0.2416958449667526,2,1
50.14907311418779,15,33,1612,1,1,1.5155086848406487,0,1
217.19885337910912,13,52,1401,2,1,69.6736189649417,0,0
251.1235207169576,3,74,2720,1,1,9.620453400132718,0,0
718.4332520018512,10,58,2597,4,1,24.557604502308173,0,1
401.4539998215989,16,67,125,4,1,17.20112614894042,0,0
874.3118785727979,21,59,2342,4,0,35.252065052579376,0,0
793.9082624648624,1,24,180,3,0,4.563529864430421,0,0
265.18585639444046,20,58,1495,1,0,9.000097039695232,2,0
556.7094618423757,13,54,662,1,1,35.020530778128006,0,1
426.148115312587,4,46,2798,2,1,28.814574778619797,0,1
94.59902156296486,23,56,1172,3,1,25.89121031976692,1,0
365.4523875978296,22,29,1934,4,1,2.322150920377428,0,0
134.2960820772535,2,59,2735,4,1,19.892318001654253,0,1
245.0026299934873,2,62,1273,3,1,40.88211794764928,0,1
459.0204683258767,11,64,1202,3,1,15.028001908900164,0,0
139.7039265659277,16,24,992,0,1,24.336003817754317,1,1
330.8864746080694,23,72,2470,0,0,3.855349147910905,1,1
187.46176451331996,15,31,1390,4,0,48.99343678093612,0,1
135.26360799106308,15,51,1071,4,1,1.860054284825296,0,0
427.2917248176111,6,23,1780,1,1,0.9292045660288966,0,1
116.9655385519999,21,47,1147,4,1,5.615929839226057,1,1
277.0395899065955,12,60,941,3,0,9.236839515022496,0,1
306.2731297166667,12,55,77,2,1,1.441832797328786,0,0
122.41101558339628,0,52,834,2,1,26.277998993136457,0,1
293.05661804125214,7,56,1381,2,1,11.492686346952189,0,0
325.8105143894246,18,78,2549,3,1,23.073811654964352,0,1
145.65916664303762,19,40,1697,2,1,2.011222280321387,0,0
28.43364175331189,15,52,2211,4,1,9.629671521992138,0,0
440.5829067747561,7,40,2947,4,0,52.685180562609794,0,0
316.76505053767994,6,77,1940,1,0,4.017812302296852,0,0
75.98909772532582,17,34,565,4,0,16.12827150905962,0,0
525.5309107613509,23,24,2589,3,0,3.1813863730945453,1,0
356.9517507789542,4,68,1719,2,1,22.61380763771389,0,0
171.36913449080225,14,63,1371,4,1,41.48361968076081,0,0
33.38792837581529,10,25,518,3,0,11.792981328082844,0,0
122.08797017852966,0,24,1711,3,1,4.829314182945106,1,1
708.4939845244506,16,47,2336,5,1,17.86953667110791,1,1
10.11018616244752,19,24,865,4,1,22.240810617724456,0,0
54.4377881303494,10,60,433,3,1,16.69418437459404,0,0
326.1352794598476,21,60,631,3,1,38.93269686650204,0,1
87.85392234594991,12,43,2586,2,0,27.543057617321303,0,0
122.979500759876,0,25,628,3,1,33.86478676538846,2,0
38.99621981172877,10,54,1085,5,1,12.89979273500727,1,1
508.4415163802003,3,63,2798,3,1,7.367087777670259,0,1
26.261544468933156,11,34,633,2,0,3.112916557460616,0,0
241.55573711421624,9,50,489,2,1,7.205269412483916,0,0
209.75476286055363,22,23,1284,1,1,25.00648463290748,0,1
138.70862599662877,22,77,977,0,0,36.171606796522326,0,0
157.28565295235038,12,73,1483,2,1,18.7053438191523,0,0
262.9782391641272,18,64,1842,4,0,0.560334080781528,0,0
34.006390848935695,3,50,1552,3,1,22.740638440329768,0,1
168.29297049483628,21,68,1674,3,0,8.27187895036234,0,0
51.92955419278339,16,46,252,3,0,37.12087468815584,0,0
279.9269352549185,13,24,911,4,1,14.608461656997926,0,1
184.9278798655658,10,37,2229,7,1,20.206822056366377,1,1
183.3838909455822,5,78,1500,5,0,11.168235924914017,0,0
390.0557030190369,23,47,2826,5,1,43.55741245398313,0,0
55.723903282289456,6,79,1064,4,0,9.82081681262682,0,1
115.77285240653433,19,57,1016,5,1,31.952090344816856,0,1
212.6226948980921,12,78,2783,2,0,5.683069973816616,0,0
101.22849789501768,16,27,667,3,0,10.712889756134524,0,0
372.80201333410537,11,61,1847,3,0,9.176259253790931,0,0
1115.8441224973346,23,30,852,4,1,0.969695053769059,0,1
417.3414546591068,21,56,116,2,0,0.9578955158595204,0,0
193.24874602968364,7,67,1721,1,1,20.071450556526813,0,0
47.896298698688696,5,37,140,3,0,0.0030240346226899,0,1
88.57548572133683,0,43,2511,3,1,14.972064909438396,0,0
43.55973216970655,1,75,455,3,0,62.64304027842108,0,1
283.7969191496624,0,76,2845,2,1,15.444785998153336,1,1
111.79306513034317,17,72,845,5,1,0.9404897677287116,1,1
85.08994578636408,21,79,542,3,0,7.490957797058302,0,0
142.08743542683803,22,74,129,5,0,29.37495515941676,2,1
116.23629435751606,8,73,435,2,0,5.646246833220481,0,0
235.8145150639629,0,31,2159,4,1,1.2766243927899774,0,1
210.4664080820528,17,36,2753,5,0,22.55895656314072,0,0
405.61212662544347,3,27,2103,3,1,13.18438964317413,1,1
224.8659650570613,18,79,1593,2,0,20.834555184287524,0,0
123.10125721028552,14,79,1934,2,0,44.08521248736438,0,1
250.45981769539023,9,73,1018,3,1,17.687979873584812,0,1
606.5281597357631,2,66,2990,1,1,16.27648696892095,1,1
43.57598214250259,18,24,438,2,0,13.252938992322674,0,0
466.71332676084114,14,27,1824,2,1,14.37411649902448,0,0
3.87576789328926,15,61,950,2,1,56.915136784872296,0,0
15.025844917328932,14,46,207,4,0,91.23271859567004,0,1
123.09459421440556,21,31,1689,3,1,7.374668013712954,0,0
226.71684907560365,1,30,2888,3,0,6.09885464075758,0,0
415.9022284107296,21,62,2546,2,1,5.323849450127844,0,0
96.63057045895764,6,18,1172,2,1,50.17318014294099,0,0
35.733537057230684,21,43,1522,1,1,17.265142356312946,0,1
168.8224672871311,1,59,925,6,0,6.496343745793871,1,1
88.89228033561363,16,74,569,2,0,10.883133605517168,0,0
142.66388759209002,1,33,894,3,1,10.892208549703382,0,1
501.4832941704959,2,69,2910,3,0,36.47085579401134,0,0
475.1214149805555,19,59,2150,6,1,46.82203435640648,0,0
2.3377172101861805,20,43,2757,5,0,52.32796887715014,0,1
295.53815295201053,8,54,300,2,1,3.732718081897626,0,0
158.6430050477439,10,36,572,4,1,13.098829320465589,0,0
251.9854546228118,2,35,1908,2,1,9.853899233551957,0,1
78.02487988646608,0,36,2218,3,1,28.814438231486157,0,1
256.6135223747721,16,27,1951,0,0,39.36675081180941,1,0
192.6162154351982,5,39,463,6,1,1.661964388761382,0,0
40.149271406896325,2,29,320,6,1,8.208530168568393,1,1
179.15892827681375,9,70,2230,3,0,91.578835363951,1,1
31.1153893622715,19,33,397,3,0,20.94700928473423,0,0
281.3550982808404,5,72,1772,2,0,7.717042969989186,0,0
43.37223325187647,15,42,675,0,1,3.392669784656952,0,1
108.49598989263114,1,61,2345,6,1,13.520028204163166,0,1
186.16884920116712,7,19,2336,4,1,2.074486338165996,0,0
47.65850660515731,8,63,297,2,1,113.72994467192936,0,0
86.19512821461487,9,27,2768,4,0,27.572150899780272,0,0
580.530183309403,10,60,1449,1,0,48.63797387524579,0,0
27.63102085082115,19,31,876,3,1,1.0507923562948551,0,0
237.79530040622885,13,63,1901,2,1,34.54645039944863,1,1
702.0923442565093,11,34,1688,2,0,7.89037878396709,0,0
271.199783942993,11,79,2350,5,0,52.02372647874278,0,0
6.596280417710608,13,48,2214,6,1,30.79395520498029,0,0
90.3891946473383,15,31,123,3,0,25.00344929910137,0,0
56.72769629041624,14,68,689,3,1,22.818182133077627,0,0
113.24871992825712,15,42,1095,4,1,0.9172012721394862,0,0
8.125119312718008,10,25,668,2,0,21.03506175592961,1,0
2.580911257774563,7,25,2827,3,1,18.27984557930656,0,0
16.210889777456494,5,49,1130,2,0,20.486486834180727,0,0
123.4531038654974,12,25,1830,4,0,1.2730457742393746,1,0
145.37083786488412,22,57,2568,4,0,28.22790762255673,0,0
11.563130569591,3,20,2761,2,0,17.15948214204641,0,0
18.18641890349117,2,54,2498,5,0,19.552192038696734,0,0
170.79824391296546,7,51,1543,3,1,34.919549663779875,0,0
279.1864370631309,8,66,542,1,1,3.4902874284266967,0,0
338.6003231359892,9,37,2183,2,0,58.65794989337559,0,0
737.0115357637773,11,29,195,6,0,11.408968129654118,0,0
23.87028296261828,12,73,642,4,0,1.6262737373787182,0,0
64.11320087325328,22,72,1617,6,0,2.5427989135754485,0,0
229.77497451543343,11,56,1521,4,1,4.931207216411183,0,0
120.41409079525876,4,62,2516,1,1,11.973211575224433,0,0
431.426013007785,2,30,1046,3,0,1.5598457137616295,0,0
676.4052209028061,18,56,2644,3,1,45.78518684242202,1,1
392.7453520253116,12,21,269,2,0,38.834503190069086,0,0
143.92994554974163,2,22,393,5,0,22.596755785943813,0,0
595.6274235912185,10,33,1255,3,0,9.134547007092568,0,0
123.59665889486467,8,21,2263,3,0,4.070127856930522,0,0
334.1202926503655,12,58,2215,4,1,6.683408682474815,0,0
98.18896874623114,10,60,2519,5,1,3.589268306350044,1,1
296.45001386259884,9,19,2288,4,0,37.73428578553901,0,0
347.16408320184524,17,33,850,0,0,16.35322359378459,0,0
10.37934872196247,6,46,485,3,1,5.293832637256712,0,0
235.0425171093756,16,60,2540,4,0,0.7645877099334962,0,0
31.83742688866944,13,21,1659,1,1,44.13731608997785,2,1
164.03648480762212,18,34,1104,6,0,46.54204999622259,0,0
82.79118853923453,6,39,940,2,0,13.294750792239928,0,1
564.2166294546606,21,29,1380,3,1,3.1298377520896405,0,0
51.619891300968014,8,41,2156,3,0,5.044654849637128,0,0
69.75521363443205,18,71,1774,1,1,1.085706058959386,0,0
209.48155959829583,12,40,2359,2,0,34.73044520323881,0,0
141.06204727124384,10,22,1530,6,0,9.47209188562819,1,0
41.6808322872129,7,76,2302,2,1,7.560640332068841,0,0
282.6960421402307,1,50,1036,3,0,1.9613071662663488,0,0
416.10221247649497,10,64,2671,4,0,4.943716957823967,0,0
40.52228456645141,10,34,795,1,1,11.610050438835511,0,0
229.881497155753,22,66,2618,4,1,12.370496940374364,0,0
87.82027410459814,16,32,495,2,0,25.999547804593917,0,0
31.708793242554112,11,78,647,2,0,38.73084117788792,0,0
413.3310596954659,6,46,942,5,1,33.70662822020947,0,0
66.86650827980435,14,63,1373,1,0,40.85059827905133,0,0
95.65559894347984,3,45,1367,2,1,21.8986626299403,0,1
491.4748949046918,22,73,69,9,0,7.738816992441691,1,0
67.14674875764999,23,46,2680,3,0,0.24214159417863,2,1
16.393407894915946,6,62,1454,3,0,0.0601043379964404,0,0
85.80866034079496,6,19,2173,3,0,22.74994656821189,1,0
24.742555901988588,3,28,157,5,1,4.561644204078864,0,0
622.5597450008411,14,61,2831,4,1,27.649994918418503,0,1
188.1721206121016,21,49,1086,3,1,38.750412813279176,0,0
257.45135858143215,22,63,1792,4,0,16.762664382177807,0,0
205.343655321216,19,67,526,1,0,30.61291880182112,0,0
83.75037757831613,3,72,1121,4,0,11.915445596277518,0,0
41.382029885646936,19,37,2406,2,1,17.466980221966033,1,0
91.15018174703351,20,76,2553,5,0,5.530502011224105,1,1
16.452352064820484,14,33,2988,4,0,23.502833370521884,0,0
16.630484352626887,19,20,323,4,1,4.853476270897498,1,0
414.40863274747153,22,30,481,2,0,26.88387081938909,1,0
76.4239865107793,20,36,1342,1,1,22.33905406941704,0,0
16.80262520134339,13,18,1493,5,1,27.88833953513269,0,0
12.450006263803015,12,44,352,1,1,9.150127619852189,0,1
214.8533138769752,20,31,1174,3,1,7.893389135136839,0,0
74.15676594319271,21,67,1285,1,0,28.48354498363653,0,0
29.249519688802305,12,46,1861,0,1,10.968711452569616,0,0
375.3161067750752,15,47,393,4,1,26.48209303436298,0,0
62.62828971717277,20,41,2999,1,1,11.85592731720796,0,0
275.79369146339127,10,32,2685,2,0,4.800834527519923,0,0
67.99502407773268,23,48,2922,4,0,21.60522933487824,0,0
17.720786933695706,13,77,1065,5,1,8.875283616842372,0,0
41.04243565216768,20,27,1900,3,1,8.017944224053801,0,0
311.45512109272653,16,23,2296,1,0,43.786052907184335,0,0
167.09099705545566,17,25,2737,4,1,18.485693939589225,0,0
599.9930675299709,2,19,1406,3,0,14.567700697656065,0,0
122.60882412134048,22,40,2572,1,1,5.4462840003285375,0,1
72.69989644235662,10,50,607,4,1,8.91394225522508,0,0
57.5291855193574,7,21,1046,4,0,4.8345918409664375,0,0
124.71739465664773,9,18,260,5,0,21.847621414135247,0,0
352.2997064595264,17,34,1546,3,1,33.5748995741477,0,0
157.68149486075848,14,34,1551,2,0,2.026747927335641,0,0
191.1896721526966,21,62,2214,3,0,44.17170182719399,0,0
120.13074655644024,8,24,2784,2,1,19.422873555678358,0,0
181.33871126365364,9,53,1300,5,0,2.0253624142239834,0,0
18.30171341590901,18,69,2750,2,0,6.834599887751272,0,0
91.69703667658705,1,63,1830,3,0,37.98557310149134,0,0
134.137534984336,0,59,1676,1,1,92.1222441604118,1,1
127.75715865909278,19,62,2454,4,0,2.371216066555195,1,1
53.239461536841205,4,23,425,1,0,33.88084707289126,0,0
356.01383086534787,9,33,496,1,1,23.860594576288637,0,0
50.37271915318446,1,31,131,2,1,39.09149936513937,0,0
157.4145212121537,17,62,1804,2,0,0.3161993486324254,0,0
158.04072088984827,18,73,2480,3,0,39.00001503424619,0,1
443.54424583200176,13,79,619,3,0,36.1165712673259,0,0
79.72153135779959,23,74,894,2,1,35.44504251442905,0,1
247.01063598682543,19,36,30,8,0,9.346924956074346,0,0
108.25149742694276,3,39,1101,1,0,10.509176660720886,0,0
423.35701021596685,17,65,2857,1,1,7.878274586644603,0,0
1.7312722022107878,22,37,1077,6,0,36.73751794249058,0,0
338.81172281456816,1,78,1315,4,1,16.097293052800296,0,0
19.585946205769098,8,57,1831,3,0,20.73004847801198,0,0
223.1012506695971,23,46,2578,4,0,56.04431617376647,0,0
39.53529213510226,11,57,1852,4,0,15.019082855756936,0,0
64.08531849000522,0,51,1114,5,1,20.22176101758564,0,0
479.9625175362312,21,34,1488,3,0,13.824023699035733,0,0
49.72541414340302,3,72,849,11,1,16.57048207089169,1,1
164.30589680610683,1,73,1059,4,1,42.20521005606904,1,1
261.03174949180163,14,56,84,3,1,62.51838559143556,0,0
354.65019999511287,1,65,705,3,1,10.687208706071283,0,1
31.451379141969586,1,40,2459,2,0,44.57054160034562,0,1
218.17294843269184,2,59,1067,4,0,2.1802727863873974,0,0
30.768778997220103,4,39,1928,0,0,25.00341404353209,1,1
240.48005521441763,6,51,226,4,0,8.515250823619908,3,0
7.189975462310841,0,69,1869,3,0,43.63515538543797,0,0
65.86777563207812,5,27,792,2,0,0.6604620627159989,0,1
624.3443780832981,17,71,2046,7,0,24.17267290539817,0,0
198.52565807623748,11,75,1104,2,0,54.623913092313394,0,0
47.33774979911195,13,73,504,2,0,41.19497691411258,0,0
227.69770663103023,14,52,1112,4,1,25.00305730499869,0,0
172.37554508414624,14,51,2350,3,1,41.26199598930698,0,0
127.83857155214864,17,22,1927,5,0,20.333129550771027,0,0
723.4585020164643,10,26,1820,4,1,8.127307348081958,0,0
37.207730899679234,6,26,968,4,0,13.449242541686116,0,0
109.5768371042928,12,65,1176,1,1,28.47277824135776,0,0
182.4385700831144,9,24,2251,2,0,20.37937818414871,0,0
920.2402622790648,8,61,1806,5,0,9.475901506982202,0,1
119.57621471910916,2,72,2837,5,0,1.785349665270055,1,1
388.604788739455,1,45,1414,2,1,8.66140688853556,0,0
10.21255924834076,2,56,101,3,0,2.39437389473446,0,1
155.6389184097449,17,49,461,2,1,30.24874437114564,0,0
511.4926202932435,22,79,1006,4,1,85.35194120081938,0,1
657.9271792141606,10,78,2308,6,1,14.197941523611394,0,1
67.42513383576893,11,71,730,3,0,8.706661998201511,0,0
88.23602350994403,23,29,1089,2,0,4.88261133905229,1,0
97.01696856981684,8,67,960,2,0,7.432403221163178,0,0
52.85163098362362,17,40,59,3,0,25.724484018744334,0,0
119.49613674133565,15,48,1366,4,1,30.377976712109778,0,1
273.64332976168185,2,21,2854,1,1,39.56702783755751,0,1
179.7098987465365,20,23,1759,6,1,1.619649010688836,1,1
174.54988597001665,2,43,42,3,0,6.395100356890252,0,0
107.74368453275396,7,32,33,0,0,5.488472702909746,1,0
62.43409060704408,8,45,2021,5,1,3.721435152053956,0,0
88.57055923731126,11,20,2678,2,0,19.49428943342766,0,0
185.1649336257584,6,31,850,2,0,23.29761652181538,0,0
201.6576248797002,20,54,2223,2,1,14.485916610879883,0,0
27.56628200514909,10,31,597,1,1,15.608528903099808,0,0
571.5760312987976,12,19,1644,1,1,22.31221811685973,0,0
503.976713659422,0,73,2004,4,0,42.42296478000011,0,1
393.4222328310175,9,35,2960,3,0,7.234085672913267,0,1
417.3867431085081,19,48,423,3,0,1.939490981877321,0,0
86.37509885299106,0,50,1742,4,1,31.31366810829068,0,0
256.12990670475904,21,37,2341,2,0,1.9613757340215665,1,1
78.87243787080396,0,49,1852,1,1,32.361714767584424,0,0
61.62342153701525,22,48,1752,2,0,38.83838686372001,0,0
178.745405039469,19,67,1249,3,1,8.813066589495754,0,0
258.9107708120774,0,35,1610,4,1,47.6469263978175,0,0
72.12730114811704,11,48,73,3,1,3.9002396441908456,0,0
1.3803448842989536,17,64,2705,4,0,4.813596843687396,0,0
60.07220125269065,4,77,1939,0,0,48.75196590233063,0,0
267.0242609497065,11,72,1232,2,1,41.153040966338914,0,0
16.17963868430236,12,22,657,2,0,2.901529712966769,1,1
244.993327166456,19,51,297,4,1,4.326980453902444,0,0
10.75341315534364,9,79,2707,3,0,15.43864758292546,0,0
100.91813590360448,17,35,2258,5,1,1.4553735973334283,1,1
70.80721612537175,15,38,2124,5,1,11.669862079513257,0,0
86.5742296495176,8,77,2398,1,0,23.434307266292333,0,0
59.59575062777931,3,40,1750,0,0,16.410159391812535,0,0
345.66948684437455,16,72,503,1,0,30.599669229132417,0,0
103.80879853714656,15,24,1263,4,0,13.924495113640784,0,0
468.6432890318862,0,35,930,4,1,42.25013681251322,0,1
25.67620939099304,14,28,1516,4,0,19.7763465450006,0,0
134.40349761544056,8,70,1975,5,0,4.491813832382142,0,0
338.6256063070727,7,46,126,4,0,26.212240096677743,0,0
10.642930291424266,13,77,906,2,1,7.168271877607405,0,0
77.2995029348238,1,78,2880,5,0,41.072259329135065,0,0
229.2613748712872,17,62,239,4,1,12.612526575816554,0,0
466.8100066742088,11,64,82,3,1,4.669790661475365,0,0
290.9380389352871,5,33,1142,2,0,74.59265955689735,0,0
16.29453394209061,22,66,2430,7,0,24.05243507386959,0,0
207.64492232437232,5,59,2980,5,0,47.21572721254955,0,0
20.55546300050125,1,20,1038,5,0,24.74076228740772,0,0
349.06947078845235,6,20,2792,2,0,2.955035589675341,1,0
505.6388013493555,21,34,1218,2,0,3.304426101504996,1,0
539.1372494448565,18,47,2187,3,0,6.391754768685725,0,0
63.89634359131852,17,26,213,2,0,17.062280008158282,1,0
488.46478097401206,17,23,2269,2,1,1.4750666260968668,1,1
389.7701664515891,23,44,645,4,1,109.06410093328576,0,0
267.9972681972725,6,61,460,3,0,0.6167496349215367,0,0
49.152629844849656,16,46,1542,6,0,31.32192560584412,0,1
35.48282009517842,9,77,2445,4,1,3.780593496059245,0,0
460.6834538643087,12,27,2959,2,1,103.169131380459,1,0
614.5383293824802,0,30,2129,2,0,17.27701817918269,0,1
328.5587652147515,16,46,756,4,1,46.33819223580538,0,0
151.57161485111743,11,58,2103,3,1,18.81829595717471,0,0
112.30340328371808,13,28,2815,3,0,0.917035588841315,0,0
182.8083151759497,23,58,2483,0,0,15.940776767245117,0,0
261.08242588209805,22,34,1647,4,1,15.351787923994769,0,0
122.69094089076307,10,39,1802,3,0,66.35284336923657,1,1
22.348290661859945,6,41,1797,4,1,20.05429008873268,0,1
176.67202081332096,11,65,2944,2,1,23.88502275611645,0,0
118.58898140852725,4,26,890,1,1,70.0289541312611,0,1
163.02895209042322,23,33,2165,2,0,4.275173327198731,1,0
98.62845138503768,13,77,2699,2,0,12.778532407995549,0,1
33.84772600602012,10,43,1019,2,1,1.0330897864381767,0,1
226.4689206442046,15,57,594,5,0,67.23196667245853,0,0
29.04360646571272,12,18,2316,2,1,4.242733422515579,0,0
11.469797894080674,0,21,794,3,0,12.662264361578032,0,0
490.0488636107594,8,55,144,1,1,18.630736965298787,0,0
180.9104007779391,18,40,2304,4,0,4.934745613009327,0,0
56.63276170018666,15,31,2765,3,1,8.750716263392434,0,0
83.48055074936674,2,76,1578,6,1,0.5698765355140613,0,0
212.71221536587117,3,68,1331,2,0,2.5037813839889145,0,0
180.1355418590695,3,33,1383,4,1,32.66823874260594,0,0
352.56289448937605,14,21,289,2,1,5.9777122909109,0,0
179.86508968081594,0,73,454,5,0,24.016488019552497,0,1
243.54969140000043,6,46,1435,3,0,25.97401944965081,0,0
254.9031626351749,3,75,84,2,1,7.638831388786854,0,1
390.4184230286651,22,78,2782,3,0,15.65868532724328,2,0
139.60271532276164,8,72,670,2,0,6.867874897873953,0,0
36.99123431721179,2,31,2516,2,0,5.125128987876783,0,0
8.016941849431163,19,40,316,1,0,12.689162341868023,0,0
158.23908267671314,6,35,2501,3,1,0.4583085408532872,0,1
828.4170752902348,3,75,1430,0,0,47.61484363872309,1,1
148.11407880987093,14,38,2346,4,0,19.0705355694105,1,0
345.93444203650046,3,39,160,2,0,0.1859155126496158,0,0
482.02542872663815,7,44,2071,5,1,4.093769547498366,0,0
120.95018443294757,20,60,2709,3,1,10.398589757193095,0,0
48.50587022693182,6,64,377,3,1,14.915402589932889,1,1
195.21365320651216,22,66,401,3,1,19.386450994736897,0,0
33.423522081977794,2,66,630,3,0,47.567699181181816,0,0
113.16770469199746,1,35,1848,2,0,13.386689680129775,0,0
382.46550632281526,5,48,2153,3,0,30.99372314946536,1,0
208.9708706254247,18,21,1682,6,0,29.433277268176504,0,0
744.8670311244201,3,62,314,0,1,1.0212861980980112,0,1
2.822729629030868,17,65,451,1,1,55.6685218899885,0,1
686.9185622368582,1,57,790,4,0,22.051462763609937,0,0
78.44213607337079,22,35,349,2,1,3.9816308001555463,0,0
257.9048944220171,14,67,790,2,0,53.07426124912161,0,1
410.231520740062,23,36,1088,2,1,96.48946681677393,0,0
127.27209936541504,21,21,2667,4,1,5.432106148656849,0,0
247.81743251522337,8,74,1049,1,0,12.981092712145823,1,0
95.33665416614488,15,40,2094,5,1,0.1904813426300775,1,0
159.000176232447,4,73,2893,3,0,6.364444951760067,0,1
1.815912770180857,0,78,1750,3,0,21.55669185718637,0,0
172.58416747866184,4,69,2926,1,0,38.64194578173319,0,0
449.0505013696264,2,27,1193,3,1,29.99351082832513,0,0
0.7654474392792113,23,18,1177,2,1,23.101065587611966,0,0
58.154631958091294,13,28,197,2,0,22.97739774411921,0,0
148.63153091851936,12,58,2251,2,1,16.705495072100838,1,1
410.0104939918231,4,51,154,1,1,28.83290195213945,0,0
236.5139237777371,21,45,915,3,1,23.003544246822017,0,0
26.14002774743013,17,42,1575,1,1,1.0636586161430224,0,0
11.670033904275844,19,67,181,4,0,18.250653763175645,0,0
4.709400636142302,0,58,2545,2,1,0.9057068646011928,0,0
62.41234196305457,5,74,2419,3,0,31.68318786782245,1,0
200.62528886100804,22,57,2389,4,0,23.728301512802684,0,0
64.36920392340218,6,42,819,3,0,6.100283254289506,1,0
179.46942438818186,12,52,1116,1,1,40.21003233826556,1,1
202.34093701342425,23,34,1769,6,0,10.150313314110564,1,1
360.952110418972,3,20,2756,2,0,2.593360672032631,0,0
44.74600659378159,18,44,1369,4,0,12.553596528851358,0,0
10.33225704270098,4,44,152,2,1,60.98303603921403,0,0
10.111273704019474,18,48,1876,1,1,13.74169003955003,0,0
104.70930804973338,8,45,1665,6,1,5.864600110207783,0,0
31.78084082488657,8,38,766,5,1,45.02365173432309,2,0
9.122542996576913,4,33,1784,0,0,11.533726543831808,0,0
36.15345518606499,9,56,1708,4,0,1.326396301136209,0,0
579.0231726990647,16,21,2632,5,1,18.062931153547645,0,1
161.3654331795817,9,20,1207,5,0,13.895807122075006,0,0
26.56196466091774,11,28,110,0,1,1.373111835211711,0,0
137.82159088067348,18,34,2603,5,1,8.34114952871122,1,1
43.4239753297026,4,62,2803,2,0,1.7152107586811467,0,0
76.93072667700778,16,36,2894,4,0,61.62354223942832,0,0
90.7701489374398,7,48,860,2,0,41.75718873272656,0,0
185.8253637334917,21,73,428,2,0,27.035797164378703,0,0
302.69012773951414,13,45,1194,1,0,13.28654164649634,0,0
276.32213889676456,7,25,2401,6,0,3.4781465410667805,1,1
331.92376376998305,9,48,1575,1,1,2.235382531351772,2,1
160.61347330296888,19,46,1451,1,0,36.74943289280501,0,0
266.3880554700005,19,57,2809,1,0,4.808979603365468,1,1
11.306939597246709,18,32,1201,3,1,3.9697428390505034,0,0
579.1123206241664,8,35,631,2,0,0.3562837048377562,0,0
12.808904875619673,14,74,2394,6,1,2.742381594565893,1,0
884.8025624087784,1,27,481,5,0,11.185663129090926,0,0
210.43809994262048,6,60,510,3,0,46.59648115737989,0,0
81.62939650186172,6,52,1363,3,1,3.4322051311273154,0,0
121.1538292842597,8,46,88,3,0,1.127292608947475,0,0
573.6291774294297,7,50,2172,1,0,18.097858061913907,0,0
359.7063734741408,17,52,2906,3,0,23.76620371326907,0,0
7.6852629621583874,12,67,2544,1,0,31.321071652273503,0,0
260.7372261633271,9,48,1126,3,0,2.696842693489829,0,0
135.40593738392565,19,53,396,1,1,5.721210961591428,0,0
72.25372252799124,12,31,574,5,0,1.158593251473361,1,0
113.3836750145098,12,45,1868,2,1,49.95673521073256,2,1
2.791822512847525,11,53,154,2,1,15.48528692879346,0,0
18.905151552804583,10,32,1883,1,1,11.947083219575434,0,1
10.531233795075003,17,20,2942,2,1,47.96918719020095,0,0
51.84629504253158,5,61,2129,5,1,20.924739822426165,0,0
200.96399486548555,15,71,2776,0,0,41.786757879004135,1,0
122.6571159979007,19,42,2105,3,0,5.968225018426415,0,0
125.99748862027846,5,47,247,6,1,14.038423945069184,0,0
61.38011765400787,17,77,616,2,1,9.276897378267565,2,1
112.88104501953671,23,51,919,1,0,34.878161275076096,0,0
237.58351248409272,7,50,1919,4,0,2.984962208407331,0,0
21.727875874509916,2,55,1855,5,0,4.831090212661168,0,0
143.77035051848824,3,52,2871,1,1,5.1132655306908745,0,1
129.59656642766407,20,78,1286,2,0,39.912886156784026,0,0
27.41513239607699,23,23,2883,2,1,3.4743779464555797,0,1
201.62290720818245,17,24,2428,0,0,12.571463289381937,0,0
327.9717434870718,19,68,156,2,1,13.810658861520391,0,0
217.16203327900624,1,65,298,4,1,86.82215542650191,0,1
123.87384884585518,11,45,2379,1,0,92.14740917790118,0,1
160.5508238042975,6,27,2893,1,1,4.213290447210653,0,0
86.11403212144876,21,47,1064,3,0,10.00773015108664,0,0
143.7618201976125,17,24,2357,0,1,15.126744087294057,0,0
744.8205618868187,17,57,1245,3,0,11.244102897264645,0,0
520.0680607301912,13,54,1156,3,0,8.55550015996506,0,0
74.49497050841542,23,51,2624,1,1,61.26473108141185,1,1
49.09506172606859,16,70,600,6,0,8.000900690554788,0,0
71.67115314495953,4,48,2731,3,0,15.496025565778716,0,0
39.69009423520094,18,54,873,2,1,6.661940470575026,0,0
173.8332883072726,1,64,1640,1,0,3.641274631481308,0,1
564.0099880269521,2,21,272,1,1,64.2623949016438,0,1
214.12025418568007,3,38,408,4,0,1.179421872215212,0,0
31.870212680931157,13,36,2060,3,1,4.2644487302296925,0,1
272.86130919580984,15,33,861,6,0,5.977302592503938,0,0
147.19339105965724,21,57,2170,2,1,9.70553341750844,0,0
103.3294627976234,6,29,2655,1,1,0.4261295805194827,0,1
207.6509389130908,6,33,2281,3,1,5.305390895016334,3,0
102.71692718989672,4,20,527,9,1,11.38114441688174,0,1
40.67915864638257,20,26,629,5,0,30.521448803008703,0,1
80.499568580314,7,19,1091,5,0,32.01317578055203,0,0
245.08832161549785,23,48,2075,5,1,2.269254255103726,1,1
631.4057737900017,1,71,2843,4,1,9.084218305292888,0,1
190.0788345152873,17,47,2407,2,1,51.13721927635883,0,0
10.346419940695954,9,56,613,4,0,6.12537872900948,0,0
269.0068636387124,0,59,663,0,0,6.658254419176405,0,1
198.75353460750628,4,22,1960,3,1,2.9012861332644944,0,0
151.81923652767074,14,40,1025,1,1,20.326446620358077,0,0
50.61641354637067,10,30,154,4,1,37.62642879315001,0,0
84.06520323821158,3,66,2157,2,0,30.41652472480197,1,0
309.6421844384369,5,67,1593,1,0,16.919590272723887,1,0
146.13160839784362,19,48,191,3,1,40.09273583500557,0,1
58.51010733404909,9,23,2397,1,0,76.21255745129308,0,0
75.31202526331019,23,60,2147,3,1,21.03646092047647,0,1
232.49133298040343,0,60,1576,2,1,16.45159089787533,0,1
166.84150833005236,3,78,2730,4,1,2.9965928484841395,1,1
146.861972084703,5,24,2947,3,0,3.062038452832241,0,0
525.9419941359673,9,25,1362,1,1,7.908212489279396,0,1
157.16391357000705,16,77,787,1,0,6.14907055078779,0,1
22.26787564240718,17,53,2831,2,1,7.700069582592413,0,0
219.84104741311668,5,61,1382,3,0,21.2650667434167,0,0
552.3843295025938,8,65,1735,6,0,19.89432912295339,0,1
42.25707687943083,21,56,1647,4,0,17.190151251304762,0,0
85.32400300202475,16,22,2255,6,1,8.632720052462519,0,0
149.07007177838722,3,52,2464,2,1,30.3480731814448,0,1
135.76261957560348,3,26,224,2,0,17.69073235000684,0,0
161.89567934472458,17,54,833,1,1,16.043392364551277,0,0
37.20048744446024,18,45,343,5,0,1.0926813443081738,0,0
257.0711503912119,11,42,2124,1,1,1.9222828923216304,0,0
32.24232166702378,18,39,2377,2,0,11.669697583927643,0,0
222.52465123163253,1,73,384,6,0,20.29660322548089,0,0
200.0878713472277,8,21,1152,1,0,29.33808403389617,0,0
7.71077551033726,4,30,370,4,1,51.442033715112174,0,0
237.90930863684,2,43,603,3,0,15.05632294625442,1,0
61.74029953340311,12,68,59,3,0,14.516619067459652,1,1
233.93631145731675,17,20,195,1,0,11.545219318593924,0,1
208.451382246539,0,54,1635,4,1,14.925509804132338,0,0
722.7198873484937,15,46,49,0,1,9.160013206757306,0,0
89.97542343026392,5,75,1197,3,0,1.7934372953472322,0,0
261.0250611252794,11,22,1452,3,0,17.08886470050921,1,0
999.7912151804702,19,29,2119,5,1,7.032828477115293,0,0
55.42625655694364,19,40,480,2,1,0.4766366514268141,1,0
48.10912117742159,11,75,2966,0,1,27.869097099067385,0,0
204.59892608348653,11,71,571,2,1,4.554466613955062,0,1
13.762063494499374,0,72,386,5,0,0.9610856699863056,0,1
326.85555343528773,8,71,2318,1,0,4.802089257066334,0,0
13.593388035831294,2,18,1230,4,1,4.140616843711992,0,1
158.63433657578588,11,47,2240,3,0,49.66851933635924,0,1
38.038942560044994,5,60,650,5,0,91.3708225683412,1,1
431.2561785933277,9,29,694,1,0,4.148723641017375,0,0
170.39945821105275,6,65,2010,3,1,16.75195276171936,0,0
237.89445375116887,15,50,2222,2,1,3.7435225397695104,1,0
25.25867652161339,21,35,516,3,1,3.214495659958964,0,0
358.2810724207859,17,26,1207,4,0,2.82920408592696,0,0
86.00475535058212,18,49,329,3,1,3.0366027626697094,0,0
204.46969530363512,8,49,259,4,1,5.899183994421721,0,0
455.3556299854095,11,32,574,2,0,21.69139480841748,0,0
213.7501447438235,2,25,2379,5,1,28.02670406357389,0,0
21.125748162637983,9,71,1953,3,1,60.74691073321687,1,1
600.2664794488936,8,72,409,6,0,16.95366409732033,0,0
111.41058086194474,1,68,567,4,0,0.4704460118883594,0,0
92.9551648610978,21,31,2563,1,1,4.899854607821891,0,0
146.4710002038329,9,19,2397,4,0,19.52037190818642,0,0
338.28733539966345,3,24,1002,2,1,4.324062916439023,1,1
163.66992635675106,18,28,1396,6,0,5.713014041291316,1,0
978.130992409611,23,78,499,1,1,25.80335954054049,0,0
232.0871706740813,1,75,2071,4,0,16.313828642163145,0,0
325.39916119879564,5,53,798,3,0,9.642231575674566,0,0
221.2205477561652,0,34,2998,7,0,5.94900354516811,0,0
10.837168895391924,1,21,2043,4,1,23.882477675494695,0,0
5.142829746529406,1,49,1974,3,0,20.391719970032423,1,1
264.1860030253711,15,50,2423,3,0,15.947747453257206,0,1
206.43607927484717,0,43,605,8,0,16.574157893822367,0,0
86.87388467864061,19,77,504,3,1,9.606488182882964,0,0
131.51746554106265,2,52,1180,4,0,17.53496061953791,0,0
41.88013715628806,17,68,1726,4,1,2.65770245204058,0,0
143.2979805687322,21,53,2978,6,1,4.326474000955816,1,1
589.1143166913338,3,66,1274,4,0,31.58308498769422,1,1
134.43083178799512,2,38,1945,2,1,3.337026651822093,1,1
9.208121991530511,21,76,1272,3,0,21.30546065241321,0,0
862.9502169066758,3,52,2197,1,1,16.075446237436964,1,1
7.955344154956627,22,73,928,3,0,32.3472107158964,0,0
22.5891094392862,22,32,1868,3,0,25.2808844588304,0,0
4.252266239454534,10,42,1464,3,1,15.019637494042357,0,0
398.3989898194645,14,41,2539,1,0,0.2245838582291644,0,0
15.021719266517405,22,37,1299,5,1,14.711873223320673,0,0
348.6503377622462,13,35,2694,1,1,13.420593318197083,0,0
161.97438246952314,10,35,472,6,1,2.045195218890816,0,1
30.03676674956148,15,73,1769,2,0,12.144580630873454,0,0
209.22012160675345,4,41,760,4,1,11.531613248974567,0,0
39.46956297242957,8,29,1988,1,1,23.09186645580496,0,0
68.18420646540689,22,57,1604,0,0,6.760344211216015,0,0
215.14101120930937,17,53,66,3,0,43.90511058988721,0,0
88.28664758345155,6,25,993,2,0,7.77587961372944,0,0
7.612699856557876,14,32,2183,3,0,37.66543871608882,0,0
115.14993715268136,18,32,2598,5,0,10.428404210155728,0,0
327.05097621734694,9,60,2926,2,1,14.858568589483186,1,0
58.87519266012068,12,57,1949,1,1,93.05020337995786,2,1
177.19812513176288,12,35,637,5,0,3.671154690121479,0,0
36.74000424297356,5,54,1714,4,1,17.671381175084196,0,0
109.53686647224409,16,66,2160,1,0,16.77600832147419,0,0
987.6293948579098,1,76,559,2,0,9.391189097822505,0,0
155.90422672726518,5,21,1879,2,0,7.87600697419081,0,0
97.39314464199204,4,69,2961,1,0,56.69212273642052,0,0
8.600956187469464,4,44,1908,3,1,4.128840100676255,0,1
314.04644577317174,2,30,1951,5,0,2.4805969762908773,0,0
38.22331336842769,3,73,763,7,1,4.42880500298233,0,1
289.47214686636755,2,70,258,3,0,20.23982060557885,0,1
186.64647682197992,11,28,2823,2,0,19.328898775528693,0,0
77.05040987476136,15,33,2418,7,0,6.276860254559563,0,0
179.81020573572334,13,26,1301,6,0,29.42892884055871,1,0
168.47101196117046,14,24,2296,1,1,34.02302124355557,0,1
225.41858048923217,13,33,1509,3,1,67.10539741469185,0,0
5.215908785208389,7,35,474,5,1,10.224924977664108,0,1
24.72157147396446,7,35,852,3,1,11.085656034975916,0,0
103.7224191785453,3,65,339,5,0,34.40880965421552,0,0
117.31956291460112,15,44,2771,2,1,66.85638790762454,0,1
24.06936035893419,9,50,374,1,1,3.576260914864619,0,0
594.8576427064932,1,40,890,3,1,5.820537359974358,1,1
143.7564962577099,18,62,562,3,0,6.242569916608333,0,0
210.7777267972054,23,30,2898,1,0,31.35937721164013,0,0
343.285462588943,22,52,2990,7,0,26.267652414558256,0,0
648.4296423016383,14,65,2537,3,0,47.5869277010732,0,1
15.202617651077444,8,33,1136,1,0,7.826203331004848,0,1
758.4622611356139,2,26,2430,3,0,3.0181877830291874,0,0
118.95707973368496,2,64,733,3,0,16.600908514390536,0,1
5.841004286418936,7,59,184,4,1,38.72266887081539,0,1
36.69305402615214,17,28,1991,3,0,7.269813171493485,1,0
72.79737559554482,9,49,1520,5,1,3.167034883384222,0,0
1138.9746801488666,23,64,718,2,0,0.1211902572555847,0,0
632.9090558573223,10,70,867,5,1,1.9877166287476669,0,1
204.67231049227055,2,47,1782,4,1,16.009770254757584,0,1
591.5073473463113,9,35,2049,2,1,1.0334867604923537,0,0
29.75385735620061,2,36,1078,3,0,18.47327289179509,1,0
116.26932985090048,12,59,577,2,1,9.297951330534923,0,0
9.984078691583852,9,48,2396,0,1,10.51955989527757,1,1
27.059804780663,16,21,2163,1,1,82.22545653759224,0,0
461.0459397808588,20,56,2691,3,0,7.026215715892507,0,0
173.54242023882065,18,66,474,3,1,60.70778869492297,0,1
131.74646886482802,6,23,584,5,1,41.00724465427315,0,0
104.81400119347124,8,42,1448,1,0,43.08107088399168,0,0
225.7011865963344,9,45,1811,2,0,4.120888944722943,0,0
118.9033572170298,0,49,2369,2,0,3.747959155275259,1,1
237.51180270003024,21,33,2476,4,1,1.9648189717640527,0,0
60.90017152766271,18,60,605,3,1,3.402162269830641,2,0
432.5912832862129,3,23,1597,2,0,13.60700894567927,0,0
162.0691987791671,12,63,1628,2,1,10.039651310949564,0,0
242.19759623442584,18,54,2487,3,1,3.690560600905145,0,1
87.66926890268164,2,64,1861,2,0,44.30817939940667,0,0
200.6332321662977,23,39,2199,3,0,4.559078282824853,0,0
220.6329241399237,1,20,2973,3,1,48.2419633877694,0,0
49.5357662379425,15,79,2422,3,1,8.53284083654059,0,1
75.62091553759345,9,22,1755,1,0,15.10494116516503,0,0
185.74393706004483,6,64,1125,3,0,1.8210124571567388,0,0
113.41430336046226,14,19,963,1,0,1.7909541944082308,0,0
544.9457846000236,10,31,812,0,1,53.32351724478073,0,1
200.76756542752764,14,32,2767,2,0,50.63972328346168,0,0
211.08829642704973,23,52,2068,1,0,6.089232296053538,0,0
423.0436848533242,10,43,2940,7,0,11.070918955201035,0,0
226.9621659956159,3,70,666,1,0,8.150370851238714,1,1
183.54995764944996,9,30,1543,4,0,11.229227755666509,0,0
181.2830119248421,19,48,1690,3,0,8.133262782418013,0,0
33.6091520859105,19,22,288,3,1,21.218697810112133,0,0
60.23400283026275,11,56,496,5,1,50.43469866242663,0,1
383.0108399687393,9,25,1371,4,0,25.912804346860717,0,0
42.17078822306674,1,60,329,5,0,26.04834028748721,0,0
399.658223386644,8,59,2647,4,1,8.150170420280126,0,0
8.32801027323943,21,60,1882,6,1,26.472377555322907,0,0
34.03355467010857,23,49,2663,2,0,3.003564835917272,0,0
90.00691660794566,2,71,2741,3,0,19.84178040088319,1,0
119.69506958404244,22,28,767,2,0,0.4688454021010328,0,0
731.433090857036,5,74,1094,3,0,33.49731378914376,0,0
18.69125683883951,19,33,2990,3,1,11.141622639126329,0,1
343.60120152458705,2,27,1299,1,1,7.0845266722859845,0,0
175.9892462657729,8,48,173,4,1,23.488181332633843,1,1
48.30346909943104,19,51,443,4,1,45.029066283535286,0,0
138.47685912563838,5,63,2268,0,1,26.164014563520773,0,0
232.2640440071544,14,31,1351,3,1,32.61616476315461,0,1
57.79435711227397,8,55,2951,1,1,8.193920182769586,0,0
492.7019769267683,2,26,411,2,0,12.652564746117283,1,0
198.90079984897704,2,46,364,2,0,39.71433580249362,1,0
132.13525659769437,17,42,1649,2,0,0.6247312346418766,1,0
257.1339010019814,5,58,634,2,1,5.800376956913082,0,0
75.64347776251171,11,69,1555,2,0,3.1286615253467582,1,1
43.90652541695266,12,33,813,2,0,44.10718341416607,0,0
966.0623813837312,10,68,892,2,1,21.855701624256803,2,1
45.03595461340459,14,27,526,5,0,31.490178402258064,1,0
145.73871038035554,19,37,1356,4,0,4.348213412590704,0,0
111.16402499791438,8,70,1617,3,0,2.373330233570979,0,1
140.650835381004,21,45,1397,1,0,92.76560802928933,0,0
158.9921041964559,22,20,1136,2,0,4.780086480025849,0,0
306.0343343847066,11,69,1634,2,0,26.022345379046484,0,1
102.27511112708063,10,50,1783,2,1,3.2018326965440678,0,0
142.30842098350783,12,69,2832,3,0,14.838803234275206,0,0
158.23831910788087,14,24,2016,1,0,35.266025861502754,0,0
57.14741195715377,21,72,1177,2,0,14.173742513422935,0,0
79.54319621413659,23,25,2984,5,1,1.3144001967161432,0,0
222.19671495247337,7,38,99,5,1,16.49373113925185,0,0
99.90962457673288,17,65,2480,2,1,3.5173054926524783,0,0
5.496162932061044,6,65,405,5,0,0.4278738101443923,0,1
122.63202575213133,15,45,2642,5,1,12.591784242894942,1,0
208.52658528155035,5,66,2250,4,0,9.951967174831308,0,0
46.09437007411471,17,33,608,3,0,8.676986979329941,0,0
305.75453814203047,2,25,2218,4,1,22.08765666439618,1,1
471.454361126975,6,66,546,6,1,78.97937063858423,0,1
401.3529635826294,9,41,2400,3,1,0.6335812834380204,0,1
137.77891933095566,14,48,490,2,0,33.165756988100334,0,0
18.66979590860436,20,72,2655,2,0,2.985273354421409,0,0
37.57299720908867,2,54,1501,3,0,31.027722750669398,0,0
746.5941279284367,14,70,2714,3,1,14.69354350023811,0,0
119.70233156917614,18,33,2881,2,1,8.249647765197004,0,0
119.42160094673746,0,26,2567,4,1,33.4433640743324,0,0
100.02835863761428,3,60,1732,0,0,13.067584055421586,0,0
178.94275736581497,14,25,1737,4,1,43.26798548735937,1,1
30.29321641893651,10,29,1292,1,0,44.83262663961801,0,0
6.8746396694387855,9,74,2096,2,1,31.78681237490356,0,0
30.672519246394224,13,59,1283,3,0,19.365009807261323,0,0
368.3339690068617,4,65,1897,5,1,34.66575972724739,2,1
621.7116126044599,13,63,2956,1,1,48.64358294447561,0,0
37.39376116398851,16,77,2431,1,0,70.54955159793829,0,0
452.31882714533367,16,76,2139,2,1,5.982595576802757,0,1
21.289578398062663,6,74,2144,1,0,7.987818504081154,0,0
109.93978852201592,11,61,278,6,1,5.768313855877908,1,1
93.50361333000838,12,52,965,0,0,1.1326544291394955,0,0
347.0269984302313,19,74,2533,6,1,0.6439017193707026,0,1
332.782883320009,2,27,367,2,0,35.15334114718704,0,0
139.6510837731632,10,73,2629,3,0,52.861143434195405,0,1
23.842981417994803,12,62,1655,6,0,41.33320274588344,0,0
223.1087276447909,21,35,2847,2,1,59.07802606487573,0,1
278.28463771877284,21,73,1274,5,0,7.610981156150304,0,1
73.28569481488707,21,58,883,4,0,15.963687206315283,0,0
126.43186408469936,18,24,1560,3,0,34.69137833744762,0,0
491.3777055387114,8,21,1503,4,0,11.27163686259366,0,0
196.0062713000229,19,70,2891,1,1,21.60641506674085,0,0
157.4395726257362,12,62,2672,6,1,25.064779008844443,0,0
135.7954438467984,23,61,2743,0,0,4.958035351990341,0,0
66.2395617961645,0,71,2888,3,1,10.997402932145954,0,1
41.2621553586591,13,57,449,1,1,14.93559370828522,0,0
493.347707764039,21,44,784,1,0,31.186385637247863,0,0
208.7211236950968,22,51,1971,3,1,80.43857947801513,0,0
481.4628146322393,21,26,2906,3,0,68.04549846324667,0,1
42.846576139705626,5,69,1460,4,0,0.7392382944490881,0,0
101.68544183399472,3,48,1978,2,1,27.205747487967315,0,0
21.493235284125525,2,75,2560,6,0,8.890095540496795,0,0
48.15834329438416,20,45,1002,4,1,4.459868888750954,0,0
107.96998289184864,18,38,279,1,1,8.178983442436945,0,0
216.1902689273332,5,78,622,5,1,42.06775390032441,0,0
349.2060444297564,23,70,827,2,0,12.500585355025608,0,0
302.7124383861806,6,27,717,3,1,6.083938901726183,0,1
88.57460287055204,6,18,269,7,0,6.743247531567945,0,0
5.393755263266361,22,69,1389,3,1,1.067982585080396,0,0
91.66499295934706,3,50,334,3,0,43.47284826940338,1,0
103.60017664794438,11,50,2858,3,1,0.4255710855267849,0,0
21.38809227838737,9,38,2209,2,0,1.977335321062292,0,0
32.99952525006076,19,56,2350,5,1,1.3960847206011628,0,0
305.2507023849172,1,19,1945,4,1,14.851625964120942,0,1
36.985054300437326,14,69,1469,4,0,38.233494666534206,0,0
143.6636876009273,5,71,281,3,0,41.25728748808929,0,1
305.71913169157006,18,71,2582,4,0,53.63215868819175,0,0
191.1253261493332,10,79,643,3,1,24.341107647677727,0,0
170.4582587156467,14,28,1775,2,0,6.421847558406042,1,1
56.70003976291037,23,19,2461,3,0,35.68971795602537,0,0
237.4768228778372,14,21,2456,4,0,18.80045381982128,0,0
103.3515101863492,16,28,2171,3,1,22.15623496046259,1,0
108.34050131862269,20,56,2234,6,1,5.422185460002171,0,1
84.81346292319525,16,32,2977,1,1,16.343909561868347,0,1
126.14809052995132,11,44,2559,3,0,10.768104679418755,1,0
513.3719784358459,10,78,2672,6,1,18.96420238667104,1,1
298.00571166818355,17,69,2428,2,1,14.634240568086325,0,0
85.55808130910317,23,77,1261,5,0,2.268069609372959,0,0
3.8454140841195006,12,45,899,2,0,12.551391570893797,1,0
655.9658438095513,1,69,1075,1,0,19.90101903480346,0,0
351.49908163979376,14,45,2663,3,0,18.273701192282708,1,1
22.294369810262303,5,78,1171,6,0,20.35104719054416,0,0
123.6203976974259,19,73,177,2,1,0.1202234247348215,0,0
257.0511159994137,23,74,2419,3,1,68.25202082321533,0,1
327.0437998976396,7,23,1950,3,1,5.666492334933974,0,0
1042.9518006367048,17,53,2257,2,0,35.02948793760861,0,1
241.44169433061995,0,69,1849,8,0,18.01100679561252,0,0
4.068675880905285,6,79,2143,1,1,15.56698486477772,0,0
400.0852280006621,16,32,2003,3,0,26.05390732986121,0,0
212.94290182402463,7,30,1277,4,1,12.853454694122098,0,0
123.36889089268963,7,24,1647,4,0,9.805195846710488,0,1
180.34482604314715,17,32,2439,5,1,9.131559884096143,0,0
78.78077919879487,1,28,2809,5,1,27.75466561973333,0,0
142.83033627363838,0,76,1024,3,1,1.9649760283653328,0,0
290.302552448783,13,52,2482,2,1,3.128670199962861,0,0
228.689785301858,19,24,377,2,1,16.91816662065901,0,0
244.999950626001,14,43,1659,3,0,0.2272264606603818,0,0
26.030446790889727,12,57,310,3,1,4.695675957532938,3,0
28.25022803053705,16,26,2684,3,1,3.826695532822919,1,0
17.236269701234793,18,51,2944,7,0,62.17696136340575,1,0
6.669969938979185,19,62,56,1,0,4.346252520705903,1,1
225.28611219122948,18,61,2420,3,0,21.00008671024869,0,0
94.15083927944032,4,62,544,5,0,33.83787144232525,0,0
8.368299109032803,10,26,299,4,0,9.345884007447529,0,0
922.1139495692636,1,35,172,3,1,20.704564288450577,0,1
397.0306984861358,4,26,1684,0,1,27.378108780189216,0,0
154.16950925757732,3,58,274,1,1,9.094785747963789,0,1
209.762611893712,13,55,2213,2,0,12.956770826610391,0,0
9.418875390504104,16,79,2091,3,0,9.235983071807713,1,0
81.33409041153318,1,70,1713,4,1,48.66600469522879,0,0
169.11504439874332,8,33,1769,4,0,0.2116864247764592,1,0
166.4919614936311,2,52,917,3,1,40.54191268560024,0,1
117.86746511199117,8,40,1775,3,0,0.1312793910895023,0,0
154.23173393239782,23,67,1670,2,0,23.98691947739984,1,0
245.24649725810823,17,51,2993,9,0,34.341748999793325,0,0
220.44450356247737,17,30,1755,3,0,14.594519816547097,0,0
327.86725873797434,18,63,806,3,1,32.96263754901207,0,0
103.43951137892248,23,21,1898,5,0,39.76423853199295,0,0
570.5028720774277,4,61,2599,0,0,69.31632811702195,0,1
19.930742375066316,15,40,2017,0,0,5.1398061410744535,0,0
111.19938033674175,10,42,2753,4,0,15.921142331915474,0,0
124.81324329329628,4,51,2447,4,1,2.422445868956614,0,0
85.01096315577401,17,36,2280,4,0,0.8779246464788709,0,0
309.6563586149921,12,67,1519,1,1,28.86138229762288,0,0
21.83669942528482,19,69,1786,2,0,64.28815809741626,0,0
124.23065589182332,3,60,607,2,0,44.94038732906687,1,1
260.5497856984632,21,60,2436,2,1,44.10914761009799,0,0
238.2482689707693,2,34,450,3,0,9.710020779918423,0,0
35.505210351427834,2,29,1171,3,1,36.12930097048036,0,1
197.1295714734464,17,56,2602,2,1,53.04958725552992,0,1
93.04878239234654,1,65,1188,3,0,5.622173174477369,0,1
552.3612905838238,17,44,1836,1,0,3.3620867657411173,0,0
232.9796236194601,16,49,1698,2,1,32.6039933939405,1,0
415.09834256776986,5,22,2450,6,0,14.003704025138198,1,0
67.41229392530576,18,69,918,2,0,0.9335612968974444,0,1
8.031501364000023,7,64,2115,6,0,50.5531448009428,0,0
24.229288715124035,0,75,930,4,0,19.84601807340081,0,0
409.54071049095216,3,59,1298,7,0,18.397243566254318,0,1
375.8517508370037,12,38,1538,3,1,23.38581752543096,0,0
26.62919194341268,5,69,1244,4,1,43.5077381480296,0,0
75.85821924654182,9,26,1055,3,1,13.35503559764164,0,0
104.36646447067592,1,67,417,3,0,69.52563675748165,0,1
101.37083028682518,2,39,1013,3,1,4.169266515785569,0,1
54.00330789898556,13,79,1329,2,1,3.0391818615038684,0,0
253.25694876627816,18,37,744,2,1,24.85008635363187,0,0
13.657876114710152,19,45,512,3,1,24.903271772707143,0,0
32.48243486211893,0,47,1473,3,0,3.5779046499587874,0,0
43.98069464083531,5,32,1818,3,0,16.097056661943288,1,0
12.293677172784436,14,61,2033,1,0,28.46156584344925,0,0
98.880926436889,13,31,2963,1,0,8.545385974587692,1,0
106.415870830521,8,45,630,5,0,9.459885230680316,0,0
199.68700104105127,16,30,1354,3,1,28.11939791251859,0,1
44.75993497832722,5,71,1058,3,0,2.849587315797402,0,0
17.85435617305374,23,33,845,0,0,8.338860900843361,0,0
39.83056507757,8,28,2150,4,0,21.06648803383066,0,0
9.254587730624555,23,56,827,4,0,13.640750693355349,0,0
152.54342087057378,8,24,249,2,0,11.558405689586952,0,0
194.97124051080755,21,47,1716,4,0,5.26613588352077,0,0
84.8010597989943,7,32,277,6,0,69.33199418258701,0,0
186.77545260513665,21,20,322,3,0,7.978042055188474,0,0
156.54496924006256,19,52,333,5,0,25.4626726685872,0,0
313.697654507913,22,60,2130,1,0,3.7050163928001263,0,0
48.53228518656748,20,31,1959,3,1,11.187720281546271,1,1
82.26016770344057,12,54,1219,2,1,50.71434694773247,0,0
50.61814198461073,16,28,2099,5,0,6.421383015956391,1,0
429.9123176140646,18,69,687,4,0,62.81339302897323,1,0
93.56928637335308,13,24,194,1,1,65.33427160530807,0,1
394.8196741229381,20,65,615,1,1,0.7942734342739548,0,0
68.20771628239501,1,21,2297,1,1,53.30472533285952,0,1
100.431102531573,19,51,382,3,0,23.53691788874663,0,0
109.41391516380484,3,36,380,4,0,16.736249724136407,0,0
374.8771107554179,19,67,2921,1,1,7.655023327996545,0,0
601.2820262463886,13,74,193,2,0,14.46533933464642,0,0
4.246597980659455,20,77,78,2,1,2.158350220973275,0,0
125.3691345048,11,67,240,3,0,9.057313288391748,0,1
483.3634816325983,9,55,2075,3,0,10.694820201330757,0,0
40.946056382693165,9,20,2541,4,1,0.9802617775720848,1,0
333.1330853571498,0,23,957,3,0,13.805649456143138,2,1
106.73326679182044,6,57,242,4,0,16.571761449599457,1,0
253.21798872915025,16,28,1767,4,0,51.02995429779796,0,1
600.7992011721863,23,56,1022,3,1,32.065264045535486,0,1
11.210240621830357,11,26,1740,5,0,58.92220067550618,0,0
19.112256865420964,21,40,1023,2,1,16.214140527170485,1,1
214.3626576339525,11,50,2439,5,1,35.30415847939264,0,0
30.014883766143107,21,27,418,3,1,2.0330589768422667,0,1
209.2601726612184,5,21,2878,2,1,3.6454295656012192,0,0
33.7406013521911,8,58,2768,2,0,30.00858926493838,0,0
64.23503531701857,7,53,607,4,0,15.813657205593966,0,0
118.26962578313508,13,65,328,2,1,37.36804352205285,1,0
258.5376125650853,18,20,2791,4,1,27.756180741892862,0,0
465.3822705668396,0,73,2810,2,1,0.7672259948956567,0,0
22.03287098388505,11,61,2650,2,0,19.286162919091023,0,0
270.71442733579977,6,24,578,3,0,5.088868537724384,0,0
441.1577383388659,18,60,1676,1,1,65.22938770885764,0,0
11.765949573823669,22,39,2804,4,1,2.659984365828236,0,0
1.4243665296481416,14,45,57,3,1,26.370418743078968,1,0
0.4700467007722309,22,28,2420,3,0,21.110630064944715,0,0
33.999112206081826,20,79,2448,2,1,40.7438311510506,0,0
386.8406067231317,14,59,2782,3,0,29.571685876664727,1,0
24.740764959332434,19,57,404,2,0,32.539232034120865,2,0
3.0125696685474272,7,33,1505,2,0,28.38703877954195,0,0
98.26013844478145,17,77,1580,5,0,26.40020125176532,1,1
153.9448103888758,4,34,678,2,1,14.128325659174743,0,1
290.07093979347707,7,23,768,5,1,0.0413166952631446,0,0
53.56893620974138,22,19,1543,2,0,4.263926206931252,1,0
70.29429449616154,18,47,2091,2,0,16.953714044678946,0,1
107.59506289002124,17,47,1136,4,0,32.23941887447859,0,0
338.36927186337925,2,37,910,1,0,5.577627038361225,0,0
372.5865221629178,1,36,1785,6,0,73.35178494144351,0,1
64.81785082066823,22,52,776,3,0,4.016537999107429,0,0
37.4292197129334,5,21,2117,1,0,3.647442070843774,1,0
480.3566250228472,8,72,285,4,0,32.858540050182654,0,0
710.8354077723023,17,29,2344,1,0,8.118465884313805,0,0
521.7747919129552,12,71,1479,3,1,52.76095147483555,0,1
75.1912695180901,12,38,1698,3,0,26.007787975781188,0,0
74.22259855391783,16,20,2741,3,0,11.047969518734863,1,0
202.48857840085424,13,51,1831,0,0,26.74813650075755,0,1
378.3543976100559,1,18,332,2,0,35.094322978367096,0,0
4.536234656509583,9,26,2763,3,0,17.66199338756985,0,0
8.232168659801815,2,77,989,2,0,3.143544806058147,0,0
1086.6492384029632,18,54,947,5,1,4.860762514260856,0,1
26.322302457877345,5,45,1867,6,0,60.950155385593554,0,1
164.08008104736268,9,36,1565,4,1,26.074981910335904,1,1
393.0148082757768,15,57,165,4,0,39.75588990425589,0,0
32.61493937121577,8,36,2935,3,1,7.857451060096215,0,0
250.37552323388508,21,44,1568,2,0,36.39105965033802,0,0
82.07672027608464,12,41,1447,3,0,12.917947353338024,1,0
283.3251901727956,5,71,509,5,1,52.675670204811766,0,1
207.261426989236,12,69,1452,6,1,3.541762466205585,0,0
159.44030195725716,14,28,625,1,1,15.644869790162886,1,1
194.9061108915126,1,19,2057,4,0,35.52856728639283,0,0
316.5380471725468,20,51,2444,1,1,10.33050419258804,0,0
1142.575977359987,1,35,1576,5,0,3.1250578900503623,0,0
534.2458890004249,21,76,304,7,0,2.641413236392989,1,1
101.84382219394244,3,30,1398,2,1,0.7025788459724986,0,0
82.74013648731614,10,61,1515,3,1,54.729085198478565,0,0
385.5370573464143,9,50,1151,3,1,40.08209227089704,0,0
23.318432024770168,15,19,2691,3,1,36.339035993179344,0,0
2.4509234908452977,23,78,2918,2,1,40.74404083589571,0,0
79.81922050856397,15,67,1919,5,1,9.57773578263384,0,1
181.69024668376625,23,43,412,2,0,7.08537571068662,0,0
487.1891382817883,0,79,2234,4,1,23.819384333691797,0,0
290.74689157335325,21,56,1572,2,1,45.08844902534094,0,1
204.87102290722484,17,28,313,5,1,30.54338212449576,0,0
131.01102748711818,20,66,1436,5,1,9.962431976309515,0,0
185.00962654148236,14,42,1695,3,1,19.877329626819787,0,0
28.21257817541388,6,76,1666,4,1,0.3075073224886446,0,1
43.52442626472899,20,32,2465,4,0,18.19317243999873,0,0
40.979789034139806,19,37,1546,2,1,11.657863913671662,0,0
75.7305791433715,17,21,763,2,0,14.23913026947182,1,0
579.2343365748872,13,56,139,4,1,73.45307430432746,3,1
271.11502056826305,9,55,147,2,1,33.25817098368299,0,0
60.0972144984639,7,29,1448,5,1,85.22067052180114,0,0
289.15854234776026,0,18,2112,6,0,9.990960796020913,0,1
247.3483398878105,20,34,2941,0,1,13.11122155738541,0,0
28.86986536638632,21,45,948,2,1,14.538494598075124,0,0
188.6399314858713,18,52,1813,4,1,25.640480466521247,0,0
82.3003222683286,16,44,386,3,1,21.49969395605993,0,0
413.59048102304416,11,67,1682,5,0,25.882863558098485,1,0
29.995364123285164,17,38,1766,1,0,17.820924144450593,0,0
336.10446220176226,17,72,1027,1,1,18.56494624879628,0,0
103.6773354775959,18,29,111,1,1,69.19337562203756,0,1
16.715459112951958,3,66,1571,2,0,27.201110506782857,0,0
56.1161505506684,17,41,1679,4,1,10.313887326524585,0,0
77.82146327865094,7,21,1190,5,0,21.988255066757183,1,0
98.60711900962173,0,64,1879,2,0,12.032924192377816,0,0
88.82712809725027,21,25,1382,4,0,4.533890894304109,0,0
1141.7556627015183,4,72,331,1,1,6.460898109443126,0,1
53.26575917358913,11,78,719,2,0,6.79391851717197,1,0
112.07112188843192,20,67,1472,5,0,3.075399671124737,0,0
317.9942500752877,11,25,1609,4,0,14.633478154983113,0,0
19.210146921330644,4,59,1920,2,0,2.095063693618476,0,1
234.2136022201122,12,47,1394,1,0,32.7850648048601,0,0
19.0900272075455,18,77,1875,3,0,3.990636589734419,0,0
152.0114024140779,0,40,2848,5,0,2.912560982234818,1,1
45.74390676618925,4,62,51,4,1,13.07261903725089,0,1
60.17457474444656,7,49,587,13,0,3.4414138405790107,0,0
245.67949067850364,14,21,869,2,0,0.6823518073368458,0,0
35.195417368150984,5,62,1110,4,0,55.82246539306559,1,1
54.64183152254719,20,54,2595,5,1,9.143601942757597,1,1
63.94916896100027,11,56,2164,2,1,18.599967035179432,0,0
331.47490145194246,14,71,1203,6,1,80.49009630119669,0,0
114.27877347937054,22,69,2778,3,0,38.388260262357925,0,0
11.263629848658756,19,78,1090,4,1,51.857466751202,0,1
271.9950834690748,7,25,1506,3,0,4.52520802501324,0,0
65.91547367325259,23,79,2344,2,0,31.06363272393189,1,0
43.868564201968645,8,34,2153,2,1,21.770999168419277,0,0
212.7883379827491,10,49,1598,4,1,12.349645151577263,1,1
63.170293087227456,20,39,1539,5,1,34.48157602400917,0,0
223.53860822112296,22,56,2151,3,1,32.83238823137679,0,0
348.3006330414304,20,53,578,8,1,24.89247845126559,1,1
590.0989283916775,11,32,1188,4,1,32.376922511221046,0,1
600.671258461776,1,57,2476,4,0,44.24922479767727,1,0
82.52344755406938,12,54,212,5,0,3.466724606161607,0,0
231.3185574063652,21,46,248,1,0,0.7469979430088068,0,0
22.73526962992783,1,21,847,3,1,8.200091852678979,0,1
92.7164461547369,22,61,141,5,1,12.791134650160886,0,0
351.49354837947067,14,41,1753,3,0,4.9784911803266905,0,0
303.1677696697999,19,59,2642,1,1,54.4225796319589,0,0
282.2750417803184,10,47,313,5,0,3.1465793104100626,0,0
80.56313391458367,17,76,1058,3,1,8.654652545219829,1,0
61.32187642673617,8,68,1956,10,1,8.776610788359822,0,0
371.2324545842606,15,49,1534,2,0,0.9719451264779086,0,0
172.45856850986516,13,52,72,4,1,22.20187487684132,0,0
742.650160747506,15,53,1611,0,1,12.78424577035366,0,1
138.00728436977704,5,44,662,4,0,10.937979576146692,0,0
305.9287886733093,20,49,1215,1,1,8.503919898692756,0,0
145.96860192942432,21,23,2478,5,1,10.389883090849576,0,0
37.39225039548329,9,42,1049,1,0,4.492146022469911,0,0
120.81353994331523,17,45,63,5,0,33.716059729430285,1,0
645.6174975624967,5,56,1142,0,0,27.90688340576143,0,0
82.34001474831348,4,45,2548,2,1,8.540133578821298,0,0
480.6920059195192,14,34,1052,2,1,5.784926063768258,0,0
661.5109958936733,0,77,1990,3,0,22.63545572414341,0,0
835.585319003389,5,77,2396,1,0,11.370507782577906,1,1
72.50831982315023,11,58,1267,3,0,1.3922428342515756,0,0
192.581135949607,16,45,1310,1,0,98.66164093916048,0,0
23.01092359438585,17,65,378,2,1,8.911406544007432,0,1
127.91876331344174,1,18,2051,6,1,27.090806088725135,0,1
285.42789198315825,5,41,2372,2,0,31.9235327623565,0,0
114.61625439330226,20,47,2114,2,1,19.67852953105879,0,0
25.512128657130106,21,78,1298,4,0,31.169593613571816,0,0
234.16951291575688,4,18,135,2,1,4.9108805691487465,0,1
26.665325910404768,23,25,2827,2,1,23.13175621742252,0,0
233.8917126316868,13,50,2395,6,0,29.6132267772521,0,1
108.3817606499608,6,19,2815,3,1,5.941363278251166,1,0
126.4831142279547,22,37,2751,1,0,16.33633077397167,0,0
661.9787569969956,13,79,69,2,1,1.0372091670210486,3,0
10.079452945290033,17,20,2730,3,0,40.51425613825951,1,0
310.7980027392144,19,33,1803,1,0,1.9456802801604856,0,0
234.12119175010804,6,19,1300,3,0,13.199430664481808,0,0
862.0452705022093,7,28,1149,4,0,4.710276970599576,0,0
1112.3354472296744,0,23,1807,4,0,10.781307814639742,0,1
312.20885105972235,17,29,1118,3,1,9.656849253656633,0,0
117.76416603447392,9,61,595,4,1,2.928870780486513,0,0
102.48882880215456,1,42,2398,2,1,1.4974831642790554,0,1
147.33458524055132,18,69,1282,4,1,40.85909858376824,0,0
130.76176975600254,15,67,40,4,1,77.6495126291321,0,1
456.1565137416504,11,29,1105,3,0,36.569141389445,0,0
211.26234497767453,14,27,715,2,0,14.640794064436486,0,0
167.14671673416527,15,22,2606,4,1,17.895374364404258,0,0
35.56298247218544,8,26,591,2,0,0.3435818232435886,0,0
366.51407181692207,23,77,1869,2,0,3.412322651508981,0,0
9.620932858395443,21,26,1616,3,0,14.709659472431484,0,0
217.93318461853568,19,60,1152,3,0,4.361308899027777,0,0
14.179088025243026,3,30,2214,0,1,56.122049119474426,1,1
299.10140420041023,3,70,2813,3,1,7.613356749370538,0,0
297.4364261341995,3,27,166,4,1,25.34869776187321,0,0
141.6390610619194,1,54,2587,2,1,6.089569319915416,0,1
398.2736064693041,8,42,894,2,0,6.532624277312412,0,0
371.34007974683465,7,48,2302,1,0,19.66126044058004,0,0
459.6679699101167,4,64,2677,2,0,1.9614111797627167,0,1
108.57783449466991,14,18,632,4,1,16.478664260785568,0,0
68.35666533837764,17,41,524,3,1,47.74203680374493,0,0
114.32625026334031,2,36,2058,1,0,13.522147547325726,0,1
40.08025490330637,23,69,1422,4,1,12.095709254397317,1,1
413.5567742206534,10,48,2953,1,1,11.59968994076805,0,0
134.1225696629094,10,79,1878,3,1,20.087940699010343,0,0
141.61640594394922,15,42,2809,3,1,30.664270978691185,0,0
526.4503012848412,21,30,2056,3,1,26.85012967452415,0,1
11.236713831299385,6,57,731,1,1,4.361672133502295,1,1
131.6070172929693,12,45,2334,1,1,8.068985739206497,0,0
36.576578431268544,2,46,1402,5,0,23.207923112814942,0,0
8.012251424545349,5,44,1944,6,0,14.568493346162686,0,0
38.96236349662159,20,28,962,3,1,1.9781677581569268,0,0
52.51769071487176,7,31,2142,0,0,3.531350915365803,0,0
81.22604497079458,4,45,1635,4,1,76.31053617262958,0,1
265.7776314954579,4,47,2097,4,0,47.1457024093358,0,1
157.25493497688672,8,45,2051,1,0,28.18303898792361,0,0
146.05284090849693,7,34,2340,2,1,50.3611304769423,0,1
59.61523842876756,0,43,1126,0,1,16.843958628174992,0,0
129.54066485855594,7,38,1430,5,1,71.6497841440683,0,1
233.6846855991963,6,76,932,4,0,1.274250778986373,0,0
474.2869455593985,13,64,1762,2,0,42.70855083735239,0,0
178.72650602923505,2,27,2747,0,1,1.6670100459117951,0,1
377.0424047871719,10,51,1691,2,0,15.887044026525068,1,1
258.48038382936613,17,46,1277,1,1,13.700621398244486,0,1
216.55061105391093,10,58,621,2,1,6.17536450416821,0,0
629.2727519979428,0,31,49,5,0,3.1216761192861098,0,1
113.1538453437462,19,69,247,4,0,17.79177382560787,0,0
1.2812697234830337,15,38,473,3,0,19.61042756498061,0,0
224.92812368697645,6,42,1312,0,0,63.315161569426905,0,0
347.33654328297735,14,75,2804,5,1,33.202887728543125,0,0
120.79684602792922,3,24,1718,1,1,6.034736936408177,0,0
49.49083163611079,17,57,1759,1,1,39.14100865114232,0,0
195.57782856380476,5,47,200,2,0,41.743651761240926,0,1
468.5836605434136,22,37,2805,3,0,4.685608832464857,1,0
224.65455618782636,11,59,680,2,0,6.56372570388144,0,0
58.13013066104511,4,38,1988,6,0,12.07977403840827,1,0
41.80677414204575,5,23,1980,0,1,3.484079806596696,0,0
67.78431292674276,11,26,985,5,1,7.128631149301087,1,0
46.35410018867147,2,51,479,1,0,10.694736757719069,0,1
181.91882998802512,20,60,67,1,1,23.06631151788715,0,0
108.17683871822835,13,64,233,4,1,13.027659687574335,0,0
190.08080391827457,19,72,627,1,1,4.363775979100591,1,1
192.77352972805096,13,69,1217,2,1,6.4478845033748575,1,1
521.2603033718187,6,22,2822,1,1,7.447079408187526,0,1
126.6139996013962,1,55,193,1,1,6.337106060322775,0,1
196.21468466325567,0,70,2091,3,0,19.9363582323056,1,0
8.325951958869041,1,29,2960,3,1,4.442152981891933,1,0
92.17889523745136,0,61,324,7,1,14.205558213645112,0,0
105.37776555495104,14,47,86,0,0,7.254466883350149,0,0
73.28059290589238,8,34,904,4,1,47.5158281421593,1,1
147.87030987775222,6,32,2093,5,1,54.296917954875,0,1
227.3641455002,0,63,1813,2,0,20.145746119951653,0,1
395.1893478399391,17,33,2246,0,0,11.931555464363832,0,0
592.9442471721088,11,39,1337,3,1,3.491618491558224,0,1
56.30085598475739,11,32,122,3,0,20.30802814580189,0,0
182.3727560917522,21,57,2024,4,0,10.054496741365702,0,0
48.39912264880946,8,56,2909,3,1,7.82386161135341,0,0
164.44142098510815,0,57,921,2,0,6.98315281574522,0,0
36.78938792889803,19,64,237,5,0,42.12961540773995,0,0
3.739661112963625,13,57,724,4,1,18.369340715326715,0,1
176.3064353488703,12,22,2505,5,1,6.938685880747018,0,0
182.9052410686706,21,77,1565,3,1,36.92771975454408,0,1
62.47038265092514,14,27,1496,1,0,3.575063145372108,0,0
122.9951559863858,6,52,2954,4,1,38.62623613806191,0,0
260.0815595314675,12,26,1471,3,0,14.378928401940875,0,0
229.56333377417025,19,68,132,4,1,67.06264014386322,0,0
94.4452315216656,15,30,2849,7,0,15.974416406571764,0,0
632.0318519001087,0,72,1561,7,0,25.18086046244776,0,0
87.69947796670988,12,59,1993,2,1,14.437652144371464,0,0
60.19533891974342,13,19,2968,1,0,9.210009680329405,0,0
18.80928585793354,1,24,153,3,1,4.814711036697274,0,1
396.39470003156697,23,58,2967,1,0,2.475891773591849,0,0
51.436425575382806,5,49,1909,3,0,19.081991680756587,0,0
78.5489458667461,2,19,2977,4,1,43.83396576662698,1,0
11.820922307277382,7,44,1134,6,0,9.072115792798892,0,0
105.08620717461731,16,27,1658,5,1,2.7767891178502087,0,0
191.90589887274768,4,21,1258,2,1,16.181166891913303,0,1
0.0061438634431618,3,38,1085,9,1,22.73952494521803,0,1
319.70422493935564,9,53,1623,2,1,25.4538960178769,0,0
248.3500383789095,7,42,1114,5,0,0.1846315706028148,1,0
304.6153284050562,7,42,1296,1,0,3.187640537818869,0,0
83.67121799782224,11,68,1279,5,0,8.56789119588086,0,0
325.72913163462573,21,70,2226,6,1,8.62359121843408,0,0
408.8565306533237,6,51,2890,3,0,14.852561942091892,0,0
26.74874982326768,8,55,1216,6,1,14.443139381193742,0,0
90.68954435561552,18,25,2393,3,1,5.767258786381992,0,0
351.59948862214014,13,48,1553,3,0,45.45099059292743,0,0
392.7165624308441,13,43,1547,3,1,50.261426714303134,0,0
70.28796334648794,16,26,2866,6,0,13.49461769606371,1,0
4.065384200848911,9,77,151,3,1,15.812098303497075,0,0
56.40636296909114,17,79,2503,4,0,6.422653975085066,0,0
115.26637180838028,13,76,163,3,1,1.331125767811968,1,0
352.9115730481868,10,71,2498,0,0,24.65350496902625,0,0
150.0587603818801,21,36,1368,0,0,7.101975574658343,0,0
987.203148395622,9,70,212,4,1,13.668204875942711,1,1
35.869587849564034,6,62,102,1,1,4.267109838457259,1,1
250.0783128840204,18,73,2154,5,1,7.9766602100486015,0,0
8.043099262238677,22,34,2308,5,0,39.005165067390095,1,0
267.5072086031322,21,37,2450,2,1,9.498861229002122,0,0
87.59751687966057,4,65,1742,5,1,4.906477491364162,0,0
77.29025448481907,4,70,950,1,0,46.97658883346203,0,0
19.14512210969505,10,66,2650,4,0,38.66983786557272,0,0
112.09506069855544,2,28,2114,3,0,2.824229528046254,1,0
67.72182128356519,16,25,2731,2,1,2.711026386111002,0,0
143.5576408291042,20,69,1626,4,0,52.04347130722727,0,0
91.91529071062944,9,44,223,2,0,19.458439219913537,0,0
85.22305771075393,23,44,188,10,1,7.256522351991985,0,0
343.52437564694526,20,24,1340,4,0,19.396415867978416,0,0
128.29006641887423,22,74,1364,2,0,11.111944291415758,0,0
4.676381423936888,22,46,853,3,1,44.692999222630654,1,1
30.863734076045723,8,76,724,2,0,46.632969483455824,0,0
27.041243535941707,8,62,2515,3,1,30.87631249993884,0,0
144.72361152346537,3,35,526,1,1,5.14772449952022,0,0
149.8398930211215,11,43,559,2,0,9.706341699365892,0,0
389.9017066347366,22,22,1836,3,0,2.8368224913377604,0,1
262.34910483856225,3,73,219,1,1,1.4333588994338209,0,0
456.6164020132954,18,36,965,2,0,6.185681515487998,0,0
11.916601666553696,19,50,870,1,1,21.535546972443388,1,0
192.0197833146936,18,73,1345,4,0,4.592753947162519,0,1
455.64158216997714,20,32,740,7,1,35.71481372140333,0,0
436.8262971026607,22,34,658,5,1,8.473704414746269,0,0
72.02747518555785,0,37,2997,3,0,5.361281315865657,0,0
44.4326251412142,14,67,1914,3,1,3.685799604807759,1,1
167.73973627467768,9,20,1335,1,1,19.12530916108663,0,0
131.2187211822761,8,45,1292,2,0,52.40657216733466,0,1
1034.5239092782804,19,31,1860,4,1,24.23241216867279,0,1
51.73734922787627,14,27,2546,1,1,88.49065778860266,0,1
54.23478249735248,16,38,1395,8,0,3.556572731768134,0,0
59.83146942863918,18,44,590,2,0,26.201128890997293,0,0
253.4046557842504,19,38,1687,6,0,0.9256383748419564,0,0
269.0928174330804,18,18,677,2,1,7.6247758761906095,0,0
22.276025532631955,23,56,2761,1,1,0.1043205753096249,0,0
204.9345524215989,4,69,2023,1,1,71.04004928057097,0,1
190.85201324053065,0,40,2098,5,0,2.5518329252752574,0,1
42.71019619901901,22,76,2471,3,0,21.6235360304236,1,1
39.60710476750345,5,29,987,5,1,21.02362967135753,0,0
543.2417307751989,9,59,1413,1,0,8.554341558789933,0,0
6.605200124788525,12,28,766,4,1,40.02586326418349,0,0
456.42965776559066,6,68,773,1,0,7.418855092528926,0,0
94.65906611153572,16,45,1424,2,0,14.177925768610748,0,0
216.50761847109487,8,66,442,4,0,15.729168759632842,0,0
105.87297548125656,1,59,410,3,1,49.58012743659811,0,0
46.382957022650274,16,38,1089,4,1,12.511080628975709,0,0
178.0616454778655,13,28,722,3,0,14.056313380765124,1,1
67.39128522900872,21,69,2257,3,1,28.149057786290577,0,0
385.3579535513316,6,19,940,5,1,72.91197931077858,0,0
164.81334560554458,23,40,2378,1,0,9.04297141046343,2,1
68.31572527542507,7,22,2809,1,1,9.188898483132256,0,1
307.31462711988945,17,39,553,8,1,39.26707980357326,0,1
56.564976807281255,20,73,416,1,1,37.21135487750453,0,0
141.6969925289397,17,21,468,3,1,4.995737097266449,0,1
47.437855825367365,6,54,2260,4,0,4.173427159272145,0,0
31.19898885710809,5,33,989,6,1,86.69022508017134,0,1
166.46006118049965,4,31,2525,1,0,12.98504994278007,0,0
84.72844883320289,17,35,1821,2,1,2.4783477867375656,1,0
101.01963870055586,12,73,1702,1,0,16.126805896320047,1,1
479.19845399866887,10,45,268,0,1,112.03140760623484,0,1
43.36838192873154,19,24,762,3,1,0.8783721360728165,0,0
246.2500123409181,5,27,679,6,1,14.04169161727328,0,0
146.86915610024062,12,24,1577,2,1,9.605327667844808,0,1
219.18233188966292,16,42,773,1,0,11.112123902109737,0,0
447.5552475327412,3,24,1095,3,1,0.6489373928628038,2,1
19.67141228968209,19,33,277,5,1,30.24190331238014,0,0
84.8155620622842,19,31,2811,6,1,38.859782627493765,0,0
306.4693116111459,13,29,2900,5,1,48.209106375359816,0,0
97.00774549106356,1,31,2397,2,0,35.81223865942491,0,1
139.14034597919053,0,62,936,1,0,41.285140831709725,0,0
372.6907355936044,16,45,1932,2,1,26.10727223709171,1,1
272.0106544427369,12,40,1508,2,0,51.76206620678101,0,1
323.06253028949766,5,25,84,4,1,8.934839925480505,0,0
693.9671328983502,8,64,1905,3,0,0.52724870159313,0,0
218.1361025479033,19,71,1747,3,0,7.995384987367935,0,0
1033.0367122272332,9,72,572,3,0,6.9474012788729205,0,0
123.78518696785592,22,27,2944,6,0,12.298475746610183,2,1
105.2496511880298,23,31,679,1,0,10.778887230332636,0,0
145.945855114414,16,29,276,0,1,12.04565347053869,0,0
357.8681380558319,13,28,2039,3,1,6.794141065649889,0,1
233.93150720223005,10,28,1634,6,0,25.904149941564945,0,0
199.64054977277613,14,29,2637,1,1,33.68473773625319,0,0
215.20119562188165,14,41,715,3,0,14.706145495789812,0,0
557.1098891818748,23,20,983,6,1,10.177578916959911,0,0
42.52019453382614,10,72,771,4,1,61.91471407198243,0,0
4.49060113914787,18,40,48,3,0,28.760211851122843,0,0
585.4522233888301,14,23,77,1,1,22.60528859665161,0,1
69.03714639934428,15,28,736,9,1,5.239114029448127,0,1
181.73656084406764,12,66,424,3,0,25.691198709908456,0,0
454.1137265524326,19,21,2626,4,1,11.98160512127376,0,1
92.45747929947336,16,77,1965,4,1,5.273675317332448,0,1
6.292066105251143,14,52,2868,0,1,33.62287011532031,0,0
17.965333758433815,7,71,1545,5,1,20.746436313398565,0,0
367.5000481482492,15,48,2097,4,1,24.254780543666467,0,0
443.23356709130985,1,32,2815,4,0,24.98243305505333,0,1
421.7822870880717,0,33,2191,7,0,8.250449374104644,0,0
213.8627798766368,14,33,772,2,0,0.0431178653197619,0,1
135.70102187459085,12,19,1439,4,1,46.02316084033829,0,0
226.95152733625144,14,34,190,2,1,79.1450390553083,0,0
324.98711904751514,12,44,2095,2,0,13.476062105540896,0,0
910.3473250571452,12,52,1708,4,0,5.688284417701971,0,0
27.17163686651884,14,57,1694,6,0,15.555489351823027,0,0
59.42872298591737,7,76,1747,3,1,3.305024058017332,0,1
128.19062294056275,2,47,1486,3,0,3.508013392862379,0,0
131.00077137656882,13,57,506,2,1,20.75674525622647,0,0
746.529373357045,9,51,1993,3,0,27.015146232331805,1,0
238.8148850603346,5,30,58,3,1,5.234187490664918,0,0
397.55024493082414,2,49,664,1,1,7.519909202314502,1,1
76.93167937383288,8,35,210,1,0,1.5407111892050769,0,1
31.21739622814472,3,45,2404,2,0,4.96256230125027,0,0
152.10944962581556,1,61,1517,3,1,11.55664696171429,0,1
419.8649622582847,18,19,957,3,0,10.79232473001552,1,0
466.39247243823576,6,26,1812,4,0,1.728433466447187,0,0
91.724822415086,8,25,2410,3,0,8.581450413223616,0,0
386.3552911813168,15,48,2969,1,0,4.389290164003101,0,0
31.024009111737996,23,21,1369,3,0,12.15263416658173,1,0
263.9017793398541,19,25,1399,2,0,23.366792059023087,0,0
114.07201220533952,15,52,64,3,0,48.65258537506595,0,0
57.77470190385316,10,44,120,3,0,39.5909757740932,0,0
216.6262710101634,17,65,2348,3,1,15.037162123974433,0,0
341.70724922087555,20,25,2155,8,1,1.4847561905381306,0,1
3.1154630743888765,8,37,2116,7,1,26.57128712736446,0,0
574.9339186990142,22,36,2168,2,1,21.50181096099249,0,0
235.8771331422216,17,73,2452,2,0,0.0277841201943,0,0
71.1702351809345,6,51,1508,3,0,25.712806588788816,0,1
15.414267692102356,23,19,1237,4,0,22.78324559879174,0,0
116.51105499745672,9,51,1097,3,0,29.2644990189965,0,0
40.37755992063225,11,79,428,3,0,14.871970079700636,0,0
594.7375587013862,6,38,2871,7,1,35.63360870254064,0,1
97.62908672005707,17,68,443,4,0,25.133298590232226,0,0
374.57396594315145,1,48,2641,3,0,21.859677202960548,0,0
300.2485080909252,21,45,2531,4,1,14.69622819414633,0,1
35.59080897048742,8,43,1585,2,1,6.646360260740427,1,0
0.7326023978109708,21,61,2027,4,0,15.840124315275958,0,0
79.57532153262272,17,72,1570,3,0,14.628157536643569,0,0
185.74859461890196,17,52,1983,4,0,37.11258829024038,0,0
114.89366859856192,13,36,962,3,1,52.476408519943845,1,1
70.29700512538606,22,33,1268,4,1,56.09687804087508,0,0
112.30920710735472,6,32,2196,8,0,3.41222161684927,1,0
27.63902089550304,6,59,838,3,0,38.34402263896186,0,0
534.5811014598346,19,49,135,2,1,1.6968441025437742,1,1
69.12389358365986,0,34,493,3,0,13.823101419060542,0,0
235.71076722830645,13,69,1600,4,0,25.88345861905927,0,0
200.0781545035696,22,44,2757,7,0,6.28026545620644,2,0
246.4223700133156,1,46,2710,6,0,24.627897069326508,0,1
369.73518433024776,16,54,130,4,1,21.78659940202405,0,0
110.67788733374526,9,61,119,3,0,4.761233722586786,0,0
12.940390302126383,16,65,241,4,0,15.130371821643225,1,1
180.07976277591197,22,19,750,3,1,42.8509398326447,0,0
157.10014164758493,0,48,849,6,0,0.3247255912963375,0,0
120.456470115231,15,45,2007,6,1,21.171022947761827,0,1
35.13275937048176,15,59,1123,2,1,2.7474711667225,0,0
95.89473995161924,13,60,37,2,1,43.76418407903592,0,0
163.84103115308866,7,32,943,2,0,32.51182018506994,0,0
62.80248545180825,23,74,100,4,1,8.71951013975451,0,0
25.010924469232563,21,41,1975,3,1,3.998671513406175,0,0
44.15368302685593,21,42,275,2,0,27.52163382535025,0,0
451.1533508661227,14,19,1540,3,1,3.880379927834484,0,0
677.3289069853187,21,42,2449,3,1,7.197557340338369,0,0
123.50116913666332,13,18,2428,1,1,12.52557460454537,0,0
40.72913810383486,13,35,2084,6,1,14.033298089108271,0,0
28.760499348329656,13,32,1556,5,0,20.87886913638887,0,0
113.05885932602338,9,45,2649,3,0,31.14238023453518,0,0
350.37441973511545,10,47,67,2,1,13.755460864959035,0,0
145.8124698567911,13,57,1570,1,1,2.4794559475340283,0,0
64.8726759385217,8,51,1301,10,1,15.94617665426746,0,1
62.88628222136283,13,21,1038,0,1,47.67470288238067,0,0
302.4481515145593,0,44,351,0,1,43.43370896783834,1,1
235.44274739556363,18,59,2970,3,1,30.870589158946512,0,0
67.72706945740255,16,37,1778,2,0,80.24026506048587,0,1
118.38527344374292,14,65,241,0,1,69.79803896280275,0,0
279.19560594142376,18,59,1787,2,1,19.77585956919132,0,0
67.26989674253348,14,48,516,5,0,38.44461946660567,0,0
15.109217905159428,21,32,1889,2,1,8.75673103600541,1,0
91.70546303766778,19,56,1516,3,1,0.2463037348496283,0,0
42.64442861554855,5,21,2613,4,0,19.81887459010556,0,0
139.04882664360437,0,54,837,3,0,10.143344082627117,0,0
255.2321685940778,20,50,1693,4,1,10.11120378827579,0,0
49.15232946991513,0,79,651,6,1,3.1107203546538016,0,1
332.12386754581723,11,68,2481,1,1,29.983930388428654,0,0
165.15791146585818,1,55,2073,0,0,18.696331790809623,0,1
1.7063743470831227,19,21,1752,2,1,21.787552637630355,1,0
135.94650930018292,17,75,1414,3,1,31.770975457881494,0,0
86.06529013337601,7,40,1350,1,0,34.29987407696618,1,0
323.3386097031657,7,25,1117,2,0,30.05125489952457,1,0
5.584592484585063,9,21,441,5,1,0.8097854598159977,0,1
168.92751848263606,13,68,97,2,1,16.74503583755571,0,0
0.2570502216552057,18,65,1569,3,0,48.14437285620243,0,0
74.49767008207074,18,29,2897,1,0,11.895052112812197,0,0
165.97349437534447,0,24,1004,2,0,9.7935075335618,1,0
222.6309937390083,10,35,597,5,1,33.02522295858876,0,0
29.76393941814534,17,56,1335,2,1,3.073590546126283,0,0
277.75127920108497,9,26,1678,4,0,26.255593917950684,0,0
172.02045828044396,23,63,2973,3,0,7.417569002204683,0,0
274.2850073783569,8,40,1629,3,0,30.665347276594986,1,0
175.02534522228945,4,57,1976,4,0,26.707591534899716,1,1
93.8562159509663,6,38,1021,4,1,21.711752660436183,0,1
121.09454769277448,3,34,375,4,0,37.368592695659146,0,0
166.3987233554991,3,47,771,0,1,6.775491430739802,0,0
266.7200224160431,1,25,61,6,1,5.604561622956924,0,0
94.31175859456827,20,79,52,2,1,9.422536866154852,1,0
3.362417008041336,5,23,2811,5,0,17.55281766515561,0,0
112.85718966261696,13,58,1879,4,1,77.28835433816606,0,0
60.45067629872475,16,67,1720,1,1,4.8787567818092,0,0
252.20172986639588,1,46,466,2,0,8.0769516972812,1,0
314.616487231249,12,71,1985,2,1,88.24145087911772,0,0
188.50795251782,18,58,2467,2,0,58.06235793033864,0,0
303.46229012226775,9,51,2867,2,0,9.83325596585874,1,0
52.684542620473295,15,46,1185,1,1,29.61714051662038,0,0
102.66385134428388,5,25,1243,6,0,0.2604257080267342,0,0
244.18371957253603,14,22,1513,1,1,1.985058027678296,0,0
67.15212272750013,9,33,204,3,0,7.775059595189062,0,0
107.16909028020186,11,28,279,3,1,65.33893164604248,1,1
46.405531982620616,4,38,1447,5,0,17.184654265670577,0,0
1.2970684466760605,19,30,867,2,0,26.61278130102069,0,0
371.79849813523,13,69,1343,2,1,81.54514102008285,0,0
295.3549264082792,11,57,730,0,1,17.8417198682702,0,0
185.27073767231792,20,18,268,4,1,25.708471406487327,1,1
148.95689994642,9,42,1231,6,0,23.831197620148465,0,0
114.39456988604064,20,73,572,5,0,24.040633177660688,0,1
749.7813510733513,11,19,175,3,0,3.9586633785421,0,1
54.08197321442336,1,46,1707,3,0,46.028652653432005,0,0
175.0548995539531,8,53,2813,4,0,19.800286415011207,1,0
17.05908607526685,7,59,647,4,1,4.249789304823948,0,1
74.8484517960105,4,57,1844,4,1,6.835204156823141,0,0
37.49373053512476,21,56,2310,2,0,10.893918800561009,0,0
52.29489996803647,3,39,1032,1,1,63.1149457625477,0,1
3.6580586633130303,17,30,575,3,0,9.908106147619772,0,0
643.3590463712,2,54,2113,3,1,16.637613207890976,1,1
598.3477050066872,0,75,1377,3,0,4.255140969252701,0,1
233.7721818722428,21,55,862,4,1,24.766280232951328,0,0
186.39087485223848,9,34,502,6,1,5.491582255378079,0,0
108.5752432512014,8,66,2456,1,1,5.985718091353528,0,1
89.01799183556157,22,35,276,5,1,0.4988172386264495,0,1
390.63517051371167,0,18,1074,3,0,23.72152136621573,0,0
12.06700521501152,13,74,1238,0,0,50.4445284546136,1,0
20.7494416394514,15,38,1549,2,1,56.301692132976925,0,0
24.19531152979029,0,46,2610,2,1,9.457094349855575,0,0
590.7514071089996,21,68,993,5,0,4.4844963898736685,0,0
26.76371102090605,7,44,2777,5,0,11.32816111325284,0,0
50.87649474054508,10,42,702,1,0,72.16290567606754,1,1
431.66011786545806,7,60,2175,3,0,8.993414805550175,0,1
285.7569387146895,4,26,1116,0,0,19.96538412697768,0,1
89.15605909758007,9,35,2618,1,0,3.0609749984350927,0,0
43.92569278778571,9,78,446,1,1,7.968984236200778,0,0
32.951980311334594,10,73,138,2,1,14.907002773598895,0,1
853.6192285357619,22,38,1100,7,0,34.51971771348769,0,0
709.6143031740013,2,53,1975,5,1,14.30167975972184,1,1
212.06483074169543,22,62,1526,4,1,4.634298682239185,0,0
209.4397434535899,22,46,925,3,0,28.5863543133102,0,1
517.1252048583411,16,19,1640,3,0,3.2559636993095813,0,0
75.05723969681785,10,46,52,3,1,49.18937710052661,0,0
52.25175157705178,13,28,2461,3,0,50.55882073590601,0,1
82.41058445390141,22,62,1210,5,1,26.565585364372907,0,0
147.39711440176356,1,53,81,1,0,1.8066017704925412,1,0
60.03104364011887,18,56,1130,2,0,32.05780126762983,0,0
177.38825722898736,4,28,332,5,0,1.4761788631560329,0,0
20.4900019712895,8,24,1552,3,1,12.049388472607731,0,0
41.70818800432206,16,18,1087,6,1,54.02091898939788,0,0
191.35130181441724,1,23,613,4,0,11.383990255944072,0,0
0.7852143790285772,17,74,1267,3,0,5.260405790166107,0,0
196.05061063036536,11,65,280,5,1,9.019651586983098,0,0
0.6253067747327715,2,40,1895,2,1,0.073482263020317,0,1
100.28767984015738,0,30,2818,3,1,36.6139713817813,0,0
44.66627485156944,8,19,1639,3,0,5.86064736355135,0,0
115.31425935417964,23,21,2394,3,1,52.27519097610772,0,1
65.49982787574946,21,50,1106,4,1,8.31880483797896,0,0
103.34191085019266,4,77,2610,6,0,73.08971948046744,1,0
45.397835482944174,23,50,1356,1,1,0.3290567465626445,0,1
207.3937572590548,20,77,1135,3,0,9.79362146364809,0,0
419.9112860506872,4,25,2516,5,1,29.25197409238536,0,0
498.95708039254095,21,36,2806,3,1,9.056490563248618,0,0
181.4630265163985,2,49,1233,7,0,8.76831750358869,0,0
204.86737461892892,16,44,1591,2,1,1.7960439824325594,0,0
368.3241389006096,20,49,990,6,0,3.703299319174324,0,0
28.76826972238972,10,33,1053,4,1,15.0956098274185,0,0
27.08512232724121,7,50,862,3,1,39.659292251073865,0,0
171.50649771878895,3,65,77,5,0,39.46595743032182,0,1
62.394206252657,14,37,1724,5,1,18.07184377161874,0,0
61.46735656928114,6,57,1135,5,0,0.8924241942544042,2,0
216.3355898722411,22,53,1831,6,0,3.224009891692538,0,0
19.912906978194997,21,73,1869,3,1,15.268504928206603,1,0
649.1996544544853,12,46,120,3,1,1.1715459775046908,0,0
19.020634450896036,4,55,2096,6,0,1.8930957675308084,0,0
37.527765737964025,1,45,2237,4,0,4.273979610003427,0,0
9.302292348696197,16,42,2650,4,1,6.183963320037687,0,0
88.38194384601998,0,50,2370,3,0,24.68076199847978,0,0
141.75689695524122,13,77,1743,3,0,25.996136115749906,0,0
27.436311632781536,4,73,1117,3,1,7.904157547477341,0,1
8.193329972584973,9,24,2930,3,0,16.18017798239089,0,0
530.5112096441562,7,41,302,4,0,33.1413782306798,0,1
15.995324947914416,9,52,454,2,0,0.7272978298065726,0,0
40.1610172417251,14,25,427,6,1,1.4538231357907647,0,0
201.05447663109047,22,22,853,6,1,64.66778315113669,0,1
53.06756510032093,13,64,1923,4,1,3.9111494164427496,0,0
129.27436214563843,20,70,2607,7,0,8.381395078542322,0,0
8.876609855973225,2,59,254,1,0,33.19060792034899,1,1
557.9982204958164,15,54,2459,2,0,5.94869662672033,2,1
38.234630894217965,17,51,388,2,1,17.03801718550913,0,0
223.2647159857013,10,66,973,5,0,44.927870820600255,0,1
73.57486519134075,9,76,1844,2,0,25.98169642358189,0,0
216.8907782794871,14,20,384,2,0,37.722160412608304,0,0
133.26406620946386,16,69,1151,2,0,36.83250925116955,0,1
194.19820102765223,9,66,314,1,1,45.34742405458001,0,1
364.8009153726514,17,47,2886,6,0,47.812832364868825,1,0
539.5648347478347,11,48,1469,4,1,11.820150277292758,0,1
30.280660417905423,18,44,356,1,1,29.090977599500384,0,0
425.9031552219762,9,21,1739,2,1,11.921342648945744,0,1
5.103240190878215,22,61,2731,3,0,18.983086797465067,0,0
74.56594510565667,12,19,2749,2,0,12.364958347792768,1,0
532.3245734224552,17,48,2689,3,1,38.18316025813519,0,0
315.52720151618263,2,61,1200,5,0,5.623385409281775,0,0
1094.646933957417,1,27,1373,2,0,47.13977895608587,0,0
17.671265973351364,21,34,155,5,0,3.92640199501646,0,0
202.2177591559709,10,34,1484,1,1,20.49588884765076,0,0
148.77681549471214,0,66,668,3,1,18.01328217515537,0,0
330.4750732732504,14,20,664,6,1,5.88670613615159,0,1
5.026070022948315,12,36,991,1,0,25.085554416897736,0,0
245.1589879023199,7,44,2720,3,1,44.306043840048446,0,0
25.10640515227469,17,51,1370,3,0,38.75590714593817,0,0
362.94785213858006,16,24,150,3,0,11.445327961573373,0,0
173.17342943941452,10,27,1711,3,0,21.108690061674736,0,0
34.065826421772286,8,70,2033,2,0,58.52753480833029,0,1
53.21667289950548,7,61,1302,4,1,37.39538586069708,0,0
14.290181501706456,20,33,929,4,1,39.15125864628429,1,1
700.726078045842,13,27,561,7,0,1.337473866189667,0,0
53.20510463840279,23,43,2967,2,1,3.3093531382677805,0,0
438.33793834369743,23,45,1030,5,1,3.718195850732185,0,0
258.13159006045385,8,57,590,2,1,8.188973934837186,0,0
303.15809831030543,13,48,2340,6,0,1.815350112289946,0,0
277.4715964639595,18,32,674,4,1,35.73860007855776,0,0
4.853507301791294,20,29,1247,1,0,33.1448641937385,1,0
25.217367040023003,22,79,2372,4,0,7.160678114187672,1,0
700.1076413056926,12,52,339,5,0,17.342680574263355,2,1
71.35415625060763,0,29,2130,5,1,0.4709511944761456,0,0
35.951059864519905,7,43,1067,1,0,8.373319392969108,0,0
100.36403077421554,22,19,1620,2,0,10.409937207275458,0,0
140.99888815863545,0,21,1988,4,1,13.160984133376566,0,1
327.94863116979326,12,67,2848,5,1,24.931287768127213,0,0
17.78886393746418,0,47,865,3,0,4.04353128633331,0,1
204.7252085242771,13,61,2540,0,0,5.9695349222990135,0,0
4.372856672067852,1,24,2727,1,1,29.345974618617618,0,0
64.34400435732262,10,38,1928,2,0,12.59285069682415,0,0
8.978541780031406,14,74,1490,5,0,23.49613853847257,0,0
37.44920042735277,20,37,2550,4,1,1.3812317452874567,1,1
69.85965467564998,17,69,928,5,0,24.15771686224129,0,0
247.694401111819,16,64,1168,6,0,10.00507723761845,0,0
45.19305084635853,17,37,817,3,0,24.60591320874006,0,0
15.068626508930787,23,79,2260,3,0,7.760114615967363,0,0
137.53185569276943,8,51,845,3,1,4.791181108306504,0,1
3.045202776978223,6,32,2172,2,0,5.854959103311459,0,0
46.24050550090717,19,20,803,3,0,7.760170043366391,0,0
53.58407189444253,21,41,1105,4,1,0.5250306559783009,0,0
84.96008524262128,2,33,2386,3,1,86.72982437230992,0,0
268.5448372998121,10,74,1254,2,1,1.2921165767928096,1,0
38.17438378825912,20,69,963,2,1,23.650458951252272,2,0
410.1064422389638,13,79,1250,1,0,15.408018984174374,0,0
158.1212726377801,4,55,681,2,1,2.506846418643276,0,1
176.78461157427472,5,39,567,5,1,17.782203457489146,0,0
56.54440785006668,17,67,190,2,1,2.245556751643826,1,1
196.6249989565457,9,35,432,3,0,21.636545798764963,0,0
304.215025207242,23,35,2115,3,1,7.70337508674918,0,0
602.6308812770219,11,33,1436,3,0,68.41121283381425,0,0
92.00278829942263,10,51,715,3,0,9.47839766716254,1,0
85.61290430387399,20,52,2704,4,1,56.33324510362272,0,1
186.09714582654715,7,37,1828,4,1,17.514235336591504,1,0
23.403834762126294,0,19,775,3,1,33.22533121031708,0,0
87.06896993582343,14,66,1347,2,1,17.70911488699383,0,0
55.14971428440085,9,53,2040,3,0,27.785236107705103,0,0
175.34587463213194,1,30,2928,2,0,43.73530128580583,2,1
153.0888534597568,1,61,1113,3,0,19.00347676027268,0,0
500.3940062327756,11,47,2954,1,0,6.776591366774051,1,1
171.41267769584942,16,28,2108,2,1,0.3097201754894526,1,0
6.954646097062675,23,69,2472,1,0,6.083451017326274,0,0
297.8669977608585,3,72,2849,5,1,9.973312696259102,0,0
45.64739730869154,7,39,1862,4,1,22.47110364246714,0,0
414.9274707917626,7,45,719,1,1,17.883152294745305,0,0
13.945185478952263,9,20,2111,2,1,43.26772791473864,0,1
241.84080305836443,6,70,1493,5,0,18.994997749600092,0,0
213.9788201231888,19,70,84,5,0,15.408369744979357,0,0
291.2137056773035,9,26,1087,1,0,0.1131904368499653,0,0
49.81697972410135,17,24,249,6,0,9.90277403272367,0,0
48.85806533770787,9,78,1773,2,0,6.476701642780677,0,0
3.8628584634299328,9,49,715,4,0,34.4065573339234,1,0
650.9867311808142,9,19,226,1,0,4.785493540084311,0,0
43.62693892625349,11,27,2895,4,0,4.58553081848941,0,0
207.71819701685325,10,49,974,1,0,7.876617937572037,1,0
98.68946593832436,9,39,1126,4,1,22.147405284139225,0,0
122.38703940999976,22,45,1914,1,0,8.010254776044425,0,0
275.72332564100293,13,65,163,5,1,23.064954193597757,0,0
137.13850826421117,5,18,109,3,0,29.818470316839893,0,0
25.881681204801872,2,79,2549,3,1,11.507076231488842,0,0
496.3915074167379,20,64,1726,2,0,25.32057056714454,0,0
448.8124084570002,12,73,2553,5,1,7.189012262880872,0,0
83.8302038710085,13,75,37,3,1,1.0506989434062988,0,1
12.88510680513687,7,42,555,2,0,15.171503177687956,0,0
43.34297483602599,13,29,2602,1,0,28.5910913770729,0,0
94.63731140985362,14,40,982,4,0,62.724835523373855,0,0
189.95417830223357,23,62,448,2,1,17.464241324129418,0,0
217.8256876538937,18,55,2064,2,0,18.253804215348342,0,0
633.7594882863896,9,37,1803,3,0,3.341895176008454,0,1
64.84279191409289,21,46,176,0,1,11.776059568982705,1,1
308.54814357662394,19,24,1890,2,0,44.900699011706536,1,0
12.634111848809471,11,61,2924,5,1,13.026612405746317,0,0
32.51523674358489,22,22,105,3,1,23.39857806847419,0,0
62.30438258424369,2,45,508,3,0,44.45703100458488,1,0
673.0616420060824,18,33,2262,1,0,6.554689418523896,0,1
250.62389983508032,21,79,2263,3,1,36.50514108868656,0,0
164.1475261045996,9,51,2053,3,1,8.868033083557883,0,0
193.55510151257047,18,45,1913,3,1,57.8406703718321,0,0
258.46727373805885,19,27,1211,6,0,20.333699946627096,0,0
245.38251488571515,14,34,1537,2,1,3.8831112830582537,0,0
49.51809162895943,1,45,2360,2,1,32.00538276177414,0,1
196.8177500847128,17,54,2224,3,1,32.74543849896752,0,1
536.9264687172432,17,38,2601,3,1,32.18640275114862,1,1
7.083823250288912,23,55,1338,1,0,32.311995204905976,0,0
451.41929201180113,20,44,2920,3,1,15.346224470246804,0,0
863.4365310458867,7,78,1828,1,1,60.23122713105136,0,1
47.45058911216644,14,25,1505,2,0,3.721431311297378,0,0
227.95679726983556,19,64,2266,2,1,0.181568859609649,0,0
127.63951330119008,2,23,1901,4,1,17.137362240853463,0,1
13.441918697881745,12,34,2491,2,0,18.60465257107904,1,1
40.7420702510688,8,62,2650,6,0,6.995316058998663,0,0
601.6086476637186,5,32,684,6,0,3.962912212903685,0,0
45.51454976920604,21,42,212,7,1,0.3830891573457814,1,1
296.491885297936,13,51,255,1,1,7.316512827592437,0,0
413.7842699894056,22,39,1753,1,1,11.575150385969318,0,0
98.74697532965004,11,77,193,5,1,11.295612857934788,0,0
23.52923957685293,9,73,615,7,0,40.55278818261687,0,0
17.272172767807923,22,28,472,2,0,12.47518140194131,0,0
608.3974599024684,19,69,241,4,1,9.273178462514792,0,1
238.81308493465065,23,31,2363,2,1,4.850560583415401,0,0
347.9907912785409,4,34,575,3,1,9.388673899907108,0,0
133.52002810964987,0,20,1457,3,0,37.749522288442414,0,1
202.3260372647516,18,71,1285,5,1,3.294901164903164,0,0
194.9648114707269,19,24,1668,2,0,39.88938206677206,0,0
216.74508575489665,0,27,609,5,0,31.18009903995143,0,0
197.0169984170604,16,68,912,4,0,17.50614033346835,0,0
59.66547401229778,1,31,2060,3,1,14.26464929135879,0,1
23.811010062930134,10,53,1039,3,1,5.243476207998665,0,0
98.61888324217873,18,25,1289,3,1,34.98639769498996,0,0
250.43602632299823,1,33,1087,3,0,20.663078978484176,0,0
129.21696925468382,6,75,2266,4,1,9.235882078722158,0,0
14.383876889812251,2,19,1041,5,1,0.3863007006401761,0,0
0.0803249331459699,5,18,2293,3,0,1.30785573256622,0,0
674.1260684922345,7,62,2977,0,0,12.839194323636718,1,0
150.80615356555208,18,69,1599,0,0,18.720811515585822,1,0
214.9052494663762,15,69,353,3,1,23.4566131124531,0,0
10.67790893983377,21,20,1063,3,1,13.009515791060004,0,0
509.887075853881,5,47,2290,3,0,5.137213512993935,1,0
25.30606654771605,20,47,2714,2,0,40.7461669579564,0,0
286.3600759171052,8,31,2599,5,1,11.404888589386042,1,1
13.24819892575126,3,70,455,2,1,4.026713881035849,0,1
151.62458950921393,21,51,2608,4,1,1.2903882083433762,2,0
268.4976431823631,2,21,1053,3,1,16.98448552807432,0,1
98.6642574889252,7,39,1694,4,0,7.087528622697085,1,0
147.40294441139088,3,61,2460,3,1,26.677230534001453,0,1
131.30294420763212,20,32,424,5,1,20.191437937193477,0,0
55.78323659898912,23,50,1885,5,1,1.5653123901591168,0,0
62.54723517739434,17,43,1907,3,1,11.456612013793174,0,0
24.501581386571395,4,40,1526,3,0,10.174190023593184,0,0
303.49277648671966,7,21,2314,2,0,14.015677508450295,0,0
63.20058938599711,13,53,1427,2,0,14.241044642597558,0,0
226.2088898568182,6,65,1110,1,1,8.917282540736329,0,0
138.18519124180148,7,20,1922,2,1,24.45861958513489,0,0
9.01325223200101,21,41,2586,6,1,36.36500002568367,0,0
174.66304846432408,18,75,570,4,1,20.40738840051735,0,0
20.959838839631747,9,56,2951,1,1,16.308397332498284,0,0
191.83109135951565,16,55,2627,1,1,59.72110898130184,0,0
105.62953149271326,2,39,1178,2,0,5.112237239195268,0,0
62.06586582047245,19,37,2617,5,0,2.2435809686168997,0,0
76.3268318017181,8,63,1171,4,0,36.29858437071006,0,0
78.63933938392205,16,54,1401,1,1,8.987886793709507,0,1
220.8693277681835,6,22,228,2,1,13.16089605815452,0,0
64.2353711137039,23,55,738,4,0,16.00491988938366,1,1
320.67450460462504,1,66,275,3,1,55.544508591235726,1,1
44.97879217598549,11,23,1059,4,0,58.48155549793742,0,1
168.3087814326118,9,28,1001,2,0,4.198835619116862,1,1
84.89211523478801,17,64,1304,1,1,7.400416888130367,0,0
405.0765838311253,23,36,2659,5,1,23.87231901033756,0,0
420.3364564879236,17,66,2554,3,0,63.48376301840653,0,0
189.08977202963464,0,31,536,3,0,9.596709356487358,0,0
153.61568688241798,16,47,257,3,0,2.166573163527636,0,0
0.6050886796116876,1,49,516,4,1,86.24231090038953,0,1
46.69732352914631,6,68,2242,2,0,6.603784972399387,0,0
7.340551692540573,4,69,1939,3,0,28.870451397043592,0,0
63.31208864176514,7,53,2992,2,0,13.157929310324525,0,0
338.5158550634382,4,63,340,1,1,19.703519674190684,2,1
162.0545816316951,17,27,44,6,0,15.056451255535244,0,0
100.0942635398074,12,39,863,3,1,27.59790427461789,0,0
263.517313432528,8,48,2926,1,1,11.190029203592966,0,0
226.3588368822698,9,71,641,3,0,8.81940883695152,0,0
179.2034801651397,5,32,2778,4,0,52.96786456438424,0,1
479.33716311004935,6,70,862,2,0,13.815030140286297,0,0
9.999105015780255,4,28,1347,1,0,15.140456375044948,0,0
9.882599778860138,1,59,2041,0,1,4.145816639811909,0,0
446.0962211258672,13,26,2397,5,0,44.6109822286807,0,0
328.7104570871972,11,78,1764,5,1,60.296910231102274,0,1
313.6390832442297,19,33,666,2,0,8.198022392893074,0,0
313.61908516638584,17,73,1955,2,1,38.593359082607634,0,0
38.69032134911086,1,70,2235,1,1,5.185888498678011,0,1
658.11921595658,3,69,432,5,1,41.40633015108803,0,1
323.6231745193452,18,58,1682,6,0,17.554166048078514,0,0
102.9688238560299,19,49,371,2,0,1.9047052825331436,0,0
16.31539065376037,5,43,1945,4,1,14.902814128043932,0,0
128.66319924783232,12,50,2232,3,0,1.6110675787304003,0,0
479.7647216315546,23,29,706,2,1,18.776624834840025,0,0
91.31521667996805,4,47,314,5,1,15.7550711596069,0,0
26.88975382194888,17,37,812,4,1,14.528673793161564,1,1
36.53236590430326,10,32,1489,4,1,35.9389980298469,0,0
87.6776328331348,7,45,1886,2,1,49.99282531552774,1,1
236.1023217589068,15,64,821,1,0,2.773405375983086,0,0
112.76977413996184,6,57,821,3,1,6.524194984113247,0,0
633.7036686630445,4,39,2508,2,1,4.0151989665821,0,1
102.23589588966308,3,24,547,1,1,6.420318041639479,0,0
550.8792281135161,17,26,79,5,0,27.16508371450029,0,0
76.86810430390688,6,54,1106,1,1,1.6533751699779011,0,1
639.9884175573184,15,39,2404,2,0,3.875279815315356,0,0
244.5535744738922,21,28,1727,4,0,1.6364108487929545,0,0
275.050821989016,20,58,482,1,0,88.38870315436878,0,1
40.795926412360096,23,35,1534,4,0,46.93147188902599,0,0
64.8883684960762,5,26,300,4,1,33.59762995435809,1,1
38.42267976837368,9,20,2578,0,1,4.234925108723003,0,1
399.35948745509415,22,61,1117,4,1,14.070493036216565,0,0
22.60617670409409,14,40,2919,4,0,19.42856465854571,0,0
447.9407852644626,7,49,888,1,0,13.245562568332186,1,1
57.34859604195559,18,36,2631,2,1,8.51821631180033,0,1
354.5999983406775,22,54,1910,2,0,5.2775533850259695,0,0
578.6864774760546,2,52,2734,2,1,14.87196002555188,0,1
329.74218919703327,22,69,2147,3,0,17.21736644109689,0,0
115.06391256568624,20,66,1220,2,1,13.021840605652224,0,0
146.4116109603187,5,72,284,1,1,1.956858932834926,0,0
88.68409245942121,4,19,2962,5,1,5.538002834943494,0,1
325.21976101859843,13,19,315,4,1,2.798305735095684,0,0
171.9359597021331,0,20,868,3,1,12.629649198661795,0,1
352.3421990534848,2,75,1291,1,0,1.1318678887417686,0,0
65.24812655643751,18,41,892,5,1,33.85175578588615,0,1
321.57968161864426,6,42,2275,0,1,20.97518301100268,0,0
465.6891361735264,8,78,1411,2,0,0.7275559203189623,0,0
536.3140045729808,17,58,2964,1,0,25.72288505618099,0,0
157.50340483844093,18,64,2328,4,0,14.180069732690876,0,0
62.54860967991647,0,55,1357,3,0,5.488200700870679,0,0
27.48362482731662,17,26,930,1,0,44.88062969689564,0,0
155.40024403214863,14,24,2471,4,0,20.93469885622557,0,0
244.46865612079685,18,72,1156,3,0,13.970583256987991,0,0
34.811033997935446,18,51,1155,4,1,17.749415700194085,0,0
193.99923809496696,19,45,2202,3,0,37.51404672365848,0,0
150.07565939255986,20,64,1908,3,0,14.335142987397,0,0
322.0252125831439,19,60,181,4,0,7.590863827540316,0,0
62.84080718662304,13,25,283,3,0,45.62010805981693,0,1
305.5011958704697,22,63,1580,4,0,8.76209331188898,0,0
246.6643400961757,1,31,1117,4,0,15.55877585825166,0,0
602.2614176753758,8,61,2277,2,0,18.11180794526469,0,0
91.5447319404907,13,41,1933,2,1,71.94749890991213,0,0
53.20169318002256,17,34,2322,7,1,8.054508350028499,0,1
93.12115724940688,10,58,1951,4,0,6.626927431131412,0,0
158.23019352867632,7,69,510,0,0,5.038942336452799,0,0
252.4955580825116,4,20,529,5,1,11.201617765425016,0,1
110.85300650392804,3,43,1640,0,0,8.67128058524391,0,0
75.32504339505985,14,74,238,3,0,81.79684394046335,0,1
120.07240968490858,20,60,2746,2,0,4.091453814121039,0,1
176.67949817834773,0,68,1291,3,1,7.877387101948475,0,0
34.522447075435295,5,72,2108,5,1,21.94332248452909,0,1
27.46792401703987,4,67,202,1,0,7.569170378256665,0,0
173.85144088872107,16,54,1283,0,0,5.6822011903478415,0,0
296.3597612637727,4,20,652,2,1,12.820707027244492,1,1
76.22401490638578,20,26,1879,1,0,3.2513106857102154,0,1
192.3869711101883,2,23,2332,3,1,17.83847188167748,0,0
47.58694620673892,8,55,2676,5,1,6.73510612348581,0,0
823.0596155313906,1,25,2357,4,1,2.080060727839333,0,1
75.36582709810526,4,41,1560,5,1,24.411191941293296,0,0
144.79016715718456,14,50,390,4,0,17.192082328044062,0,0
52.89321834651191,22,34,1615,1,1,20.507847302445604,0,0
68.96694301489164,8,32,1751,2,1,20.520544931903505,0,0
94.18735774551126,11,62,261,5,0,3.4966579127016955,0,0
572.0018662987776,13,19,117,3,0,1.6443313628017693,0,1
344.97139056706004,15,55,2180,2,0,12.669123098912287,0,0
283.6363695513426,20,56,2564,3,0,6.925568899499625,0,0
99.87749940800477,3,40,1848,6,0,1.2600258506678848,0,0
234.9189284300964,1,33,2476,0,1,4.220413841802271,0,1
1316.746205956681,0,56,1832,5,1,36.68437000787418,0,1
272.1985652713184,0,67,644,2,0,3.337110168142404,0,1
31.066133961780768,0,28,1246,2,1,27.91605939352566,1,1
231.37880205266396,23,31,1753,5,0,46.453589612565416,0,0
63.35133508574036,11,71,1876,4,1,17.109350379611833,0,0
101.17260531493366,7,53,2070,1,1,21.25554397379033,0,0
438.5734271136216,18,73,2599,2,1,47.353554609762256,0,0
137.6914608505409,20,57,2484,3,0,4.578734917895555,0,0
179.5009442619521,20,43,1158,2,0,21.655209728417923,0,0
2.113775780329084,5,47,624,5,0,6.442344816913321,0,0
34.13456331104632,19,78,855,0,1,0.8842096429811995,0,0
270.8091758593627,6,21,629,2,1,14.328104053708753,1,0
126.47087391658523,21,75,2980,3,1,6.788328483382116,0,1
79.72320642009996,16,39,114,8,0,2.775321053324703,0,0
56.670935341188176,6,27,2070,4,1,16.348512512003058,1,0
1544.705904412492,1,31,789,4,1,15.508545804497915,0,1
105.8524436342255,19,53,2181,3,1,44.58383087286906,0,0
106.60487975713994,2,20,1851,6,1,8.875861106835819,1,1
189.2629037940397,5,32,526,5,0,46.98715645715731,0,0
15.332275190890988,18,34,2438,2,0,0.5071004449153517,0,0
87.63814639187116,0,44,203,3,0,6.610801253907549,0,1
27.14929629305895,16,53,1457,4,0,62.54925356124448,1,1
83.18643410573058,20,59,2640,3,1,18.44693271620714,0,0
8.811300010484455,8,33,1676,5,1,58.60332069398989,0,0
21.630599533054923,1,67,2656,3,0,1.9995681294822,0,0
205.7604619605745,7,62,2449,2,1,1.6936581845261096,0,0
39.35604672200644,12,69,192,2,0,35.19093474035009,0,0
214.97604009439485,6,25,969,0,1,24.518642124411187,0,1
61.01292146303086,3,73,1335,1,0,16.920024695032325,0,1
242.81739537617096,15,33,605,1,1,0.6259965747183907,0,0
175.95399211828783,6,69,2213,2,0,9.413596324523578,0,0
208.84204758643804,11,75,2675,2,1,3.629582848470163,0,1
140.8234738941404,16,26,2392,3,0,34.16442939217521,0,1
175.1218109273197,16,74,2704,3,1,30.0551099408936,0,0
51.92074508369674,13,65,2540,3,1,3.892503404026777,0,0
242.2304336670092,16,52,927,1,1,4.316858482606071,0,0
59.26736635124684,0,38,2406,0,0,9.876285105952444,0,0
63.01002134103379,12,49,2886,4,0,12.138684244904386,1,0
421.59382019166793,10,46,1491,2,1,46.25810356862432,1,1
66.6186183129902,2,54,2303,3,1,54.75734823486563,0,1
272.1598440890841,2,35,57,3,0,7.271254203599585,1,0
58.47220463271896,21,25,1989,3,0,17.86036300238966,1,1
83.22042752609592,2,67,231,6,0,20.550278046863745,1,0
206.56465301889145,13,58,1838,2,0,10.82872850744324,0,0
459.4261680099768,0,49,1814,2,0,8.421593427365089,2,1
177.14545345294178,6,50,218,5,0,37.32290288627341,0,0
13.619335358557532,5,40,1579,1,1,4.409462640867763,0,0
339.27739631111587,11,20,656,2,0,26.03696304911528,0,0
358.27744614649765,5,71,2598,2,0,0.1618071585619399,0,0
1281.0945761268283,20,66,2445,3,1,12.023682961430602,0,0
93.76751651045792,12,79,2611,6,1,12.118163751265673,0,0
131.55404508885468,2,53,2591,6,0,31.88258643414683,0,1
49.07474923650622,16,25,1752,5,0,49.83579290703658,0,1
67.2697256496366,14,28,563,7,1,4.42097689108567,0,1
106.7651810951491,4,22,1934,1,0,5.832748265682048,0,0
93.55503387248366,8,74,563,4,1,10.255906877909686,0,0
316.7633401274617,15,57,1097,4,1,13.934867417257568,1,0
28.662223461515403,5,52,2965,4,0,4.8529928670758045,1,0
439.8601866036979,13,77,2066,3,0,0.7007717939295375,0,0
53.14049992473072,13,58,403,1,0,17.818462278814838,0,0
362.0399836923638,23,60,1817,2,1,13.346999122560224,0,0
372.2854546598158,7,64,2972,3,0,2.807416856939573,0,0
166.21379379017117,7,52,409,4,0,6.254115463169424,0,0
58.78580804979554,14,51,2660,5,0,1.421886604732958,1,0
8.176715752199796,19,69,2825,5,0,94.56927336638743,0,1
511.4938715691253,7,55,2898,2,1,11.300434870542716,0,0
34.944271804665426,13,73,2375,3,0,27.481796539866,0,0
73.12562233363529,15,76,422,3,1,7.520002002156076,0,0
319.8955709981461,12,77,536,2,0,5.829811369504059,1,1
343.5021812409876,1,44,432,4,0,13.237506747512258,0,1
326.93986202319854,6,34,1193,1,1,21.263606754569217,0,0
419.31016308709206,20,64,2756,2,1,64.97061751528248,0,0
50.00991366102222,9,37,204,2,0,4.384843910100609,0,0
78.51251900274089,14,60,2339,4,1,0.2547859753119705,0,1
388.2698906350877,4,63,1201,3,1,14.882270869545533,0,1
552.0687635608614,6,41,708,4,0,2.906416924839318,1,1
49.720819000734,0,43,1569,3,0,37.51758742317937,0,0
8.563800926202912,13,52,2049,5,1,13.017940330000496,0,0
13.742586447683603,3,75,105,2,0,3.709406071089782,0,0
182.35142760272169,22,66,111,1,0,21.0606463717718,0,0
212.6397744694441,16,26,1314,0,0,30.072614997988897,0,0
228.58673852523404,22,55,2234,1,0,15.181421130014606,0,0
270.015528905835,16,28,1525,2,1,41.08413161121209,0,0
434.4753549321048,22,52,2459,3,1,66.73697976688362,0,1
317.13079594653726,20,34,2361,2,1,5.180505047518114,1,1
1085.421229932106,0,43,1991,4,0,1.636426662401354,1,1
21.300732981084177,19,26,1975,4,0,1.3145666931814126,0,0
75.47934175901997,14,27,2366,2,0,26.66165285672301,0,0
280.33335306283084,4,77,698,4,1,3.820647750594088,0,0
177.55583558709574,13,60,1441,3,1,24.415078536920664,0,0
190.4306019254165,4,25,219,1,0,6.925600854657628,0,0
314.2261562509215,16,21,1923,3,0,9.362314045378016,0,0
5.997424325407094,15,58,1540,3,1,0.4140289729723968,0,1
145.07701759768122,21,69,2420,3,1,49.64700939543364,0,0
424.18456329794833,17,49,1944,4,0,31.63946669605737,0,0
1.841562454796977,6,43,1669,5,0,86.47582069924226,0,0
165.62236287890607,15,53,1241,4,0,0.6446613038030379,0,0
615.478741467397,11,78,2932,6,1,17.403882892340988,1,1
14.736819271368208,14,71,1295,2,1,29.38038793154281,0,0
147.39850823934304,23,68,134,2,1,1.3700696985329217,0,0
208.95751741986865,13,47,715,2,1,4.550817532172413,1,0
69.62896824199579,7,28,2552,5,0,7.127254682556825,0,0
18.50749380101596,9,78,1603,3,1,44.13955316082314,0,0
141.54450075426902,5,63,202,1,1,5.841966088410777,0,0
105.80348432189273,17,21,1890,3,0,33.0695354718818,0,0
172.24378260131857,3,76,1338,6,1,25.013423527307825,0,0
293.4565446945547,15,19,1944,3,1,48.47972060754092,0,1
134.0169989877207,21,22,1618,2,1,33.978363112594266,0,0
23.162074726462063,3,25,197,3,1,10.269933430696494,0,0
735.3158509250842,19,31,1564,3,1,43.48275559677134,0,0
16.90388944711171,18,67,1340,4,0,29.9414995826466,0,1
217.905567962437,4,26,2166,2,1,53.029376775401246,1,1
18.78122331952752,21,49,2286,3,0,11.572853810228557,0,0
315.93221971952005,9,64,98,2,1,26.525477486442167,0,0
84.68270689879257,6,44,1292,2,0,82.92620655213173,0,0
108.30672782256708,9,32,2418,2,0,4.395386276510942,0,0
527.104691466378,2,46,1162,1,1,44.92663359884861,0,1
65.71118298280388,1,63,2831,6,1,21.9773386602407,0,0
2.9302952531337563,13,60,2885,4,0,12.93492004004487,0,0
137.06575621107638,1,71,387,6,0,13.251262221998983,0,0
203.12399404975068,12,79,1897,3,1,51.54172424927311,0,0
104.2028478964713,8,79,2301,3,0,2.6806092937851616,1,0
1170.305752331396,16,19,1967,5,1,35.48630480081156,0,1
72.21284431219743,22,55,1564,3,0,20.09951388847861,0,0
551.564356263716,6,23,2290,3,0,9.913382088732028,0,0
1.8569113638924757,1,25,1132,1,0,6.140571263775455,0,0
320.44860966175514,10,64,123,1,1,17.111781791919146,0,0
306.3026749787975,23,79,2442,3,0,0.0883869983809036,0,0
110.62517362328722,14,29,1026,1,1,16.148588489370063,2,0
66.61523493254228,2,49,408,3,1,45.36525880266365,0,0
51.48969362601057,18,56,1143,2,1,14.57708374897888,0,0
38.11700467333152,2,27,114,5,0,3.887303266256361,0,0
576.8195256444332,12,30,2186,2,1,21.25830454262365,0,1
53.723900542863504,7,47,2559,3,0,41.43122046481781,0,0
183.73144823881057,19,43,2265,1,0,14.544810301258089,0,0
45.695668190800056,15,26,2549,4,1,0.1618606183475726,0,0
88.85642448186694,21,51,57,4,1,4.35562393462526,0,1
584.4476470742326,23,19,106,2,1,4.996369717998166,0,0
132.53833670746832,10,72,953,3,1,13.103720696318188,0,0
181.28966328835665,0,68,2414,1,0,28.335908330614355,0,0
3.705798079062799,23,53,1828,4,1,34.8692308929171,0,0
67.05899851833239,2,68,2436,1,1,5.791305002771495,1,1
250.84006250054117,4,74,978,0,0,32.76672874059528,0,0
66.11159675508101,10,54,1570,1,0,37.336114957247474,1,1
6.601928879357864,5,43,2883,2,1,0.010787192222629,0,0
7.831525512523473,11,25,1290,5,0,6.069926825041523,0,0
521.2632354104803,14,20,1794,3,0,0.1393755675593186,0,0
62.1791938757772,15,26,468,3,0,2.1894392071521054,0,0
8.153560299014384,1,49,2532,4,0,12.124918910975254,0,0
107.1669872654698,5,45,2685,1,0,8.259914880492989,1,1
335.4812665719047,19,64,1407,2,0,22.922810071131707,0,0
476.2531059691951,18,21,1969,3,1,1.8870378996940955,0,0
115.91214844976145,0,24,194,2,0,17.754548884543883,0,0
106.1259343513688,17,70,2796,3,0,17.303965447636557,0,0
117.25345642433666,20,29,791,5,1,4.428880352558651,0,0
19.401217156210382,22,21,1590,1,0,2.419926021638072,0,0
332.4191965064633,14,36,1844,1,0,23.490467121950587,0,0
144.34861164356104,17,70,1546,4,1,13.019446953501776,0,0
263.57824141719533,22,62,2494,3,0,12.841335412508442,1,1
77.34837212997688,10,29,900,3,1,46.169385916729965,1,0
156.79207237447102,0,68,1812,5,0,6.302143366566716,0,0
559.7329887727544,21,19,308,3,0,16.932618559734582,0,0
2.3884747579850667,13,65,1762,3,1,5.560050518848053,0,1
103.90505207969586,3,70,248,8,1,6.086858326444316,0,1
7.3208208421714,21,60,234,3,1,21.523718359032948,0,0
96.84743405698264,8,31,845,4,1,43.06681264008319,0,0
507.3387092757856,23,72,487,4,0,2.29986035328724,0,0
520.1673642469235,12,41,431,2,1,5.891248392121447,0,0
19.835687861780134,0,51,2187,4,0,11.010347857251642,0,0
550.6533094219477,2,65,868,2,1,6.504447678657539,0,1
96.76125492222796,9,36,1839,2,0,8.268864444705596,0,0
390.86745910256593,12,60,189,2,0,13.634586608785575,0,0
100.854255908933,12,67,2159,3,1,25.11416249599673,0,0
529.4084811731122,10,43,1519,4,1,6.122232244042851,0,0
1158.4845388072133,6,46,187,3,1,20.67403216103341,0,1
442.00584440641467,4,78,1709,1,1,8.888235227038006,0,0
122.99428497691083,4,64,1891,1,1,24.53078933651906,1,1
177.3423226007275,2,71,502,1,0,11.584629885053566,0,0
36.81295849279976,17,72,1000,1,1,27.613730397452063,0,0
254.61923439833893,20,48,1878,1,1,54.766130075423874,0,1
62.93492631903279,4,46,1580,2,0,27.10727764014612,0,0
345.03717076171625,15,21,792,1,1,0.7624542556052654,0,0
290.58594513848266,4,40,1634,2,0,23.371004705208684,0,0
23.946108680120865,1,21,2993,4,1,19.05362083352457,1,1
23.448777019755468,3,23,2655,6,0,5.92555575144298,0,0
320.2744460538693,6,57,368,5,1,14.711810572390288,1,0
51.68932109178914,16,27,2446,1,0,38.007364271508415,0,0
2.428673691370041,19,41,2323,2,0,11.697584909884933,1,0
624.6225078466944,23,58,1088,2,0,4.063924547273674,0,1
56.64735769140938,0,50,1313,2,0,8.891431437320495,0,0
74.65156489292197,3,63,1429,2,0,3.0347232526780927,0,0
27.23540727896467,13,18,1962,5,1,92.07724315074806,0,0
17.01899030742044,15,71,2005,3,0,12.132454404423836,0,0
550.232260952307,11,38,1421,6,0,21.48057068172421,0,0
32.33162770381259,13,32,744,3,0,49.49536455304214,0,0
60.58161854653805,21,44,771,1,0,0.0633881347476877,0,0
346.3028107309462,21,71,2291,1,1,4.806792840315587,0,0
304.1591545307255,0,64,2599,9,1,2.190745047560057,1,0
262.79517849262686,21,44,1091,3,0,18.824017134462306,0,0
113.77982626046476,4,20,1658,3,1,9.032739307727748,0,0
0.1196235343025771,1,21,74,4,0,19.076199994352944,0,0
14.245706333198711,5,22,1866,2,0,12.799015203809796,0,0
220.6522950142138,11,39,2446,4,0,1.556667126379653,0,0
99.59637351223014,15,51,1704,8,1,14.022081584252426,0,1
53.75440909294724,13,49,2510,1,1,23.56122039008214,0,0
94.75837569686868,19,61,205,3,1,15.60795000177646,0,0
52.38120604507893,9,32,111,2,0,26.914646760702105,0,0
21.749179794921982,21,37,1616,5,0,91.14126530379572,0,0
199.83314981781268,11,75,808,5,0,33.710963685042415,0,0
405.9371009459821,7,52,1301,6,0,11.263440168097588,0,0
298.87558366767433,1,67,229,1,1,28.53150861063295,0,1
8.49234660021034,2,74,916,3,1,10.979055986073984,0,0
37.7072360106581,8,45,954,4,1,16.77249771535888,0,0
131.08789466142835,5,75,2507,2,0,10.66118429258465,1,1
294.7779933442729,12,30,2523,4,1,0.6064082437715226,0,1
45.49878572401702,22,58,2086,2,0,32.84411661075433,1,1
23.64687527134227,20,42,2652,4,0,26.59318201116309,0,0
642.5077963370804,7,75,1428,2,1,3.1163747801731323,0,0
73.88283438162698,6,77,2243,4,0,15.260977751751769,1,0
43.75237471907455,9,22,1956,2,0,4.701213076834635,1,0
31.72767349377216,14,62,1530,0,0,38.61546406667335,1,0
215.42278591820528,20,46,235,2,1,19.698436968309935,0,0
67.20794731736322,5,30,223,1,1,18.71417145518471,0,0
133.25884525785267,14,71,1972,1,1,0.3236156105862576,2,0
49.82161198969157,16,35,981,2,0,16.776255992533848,0,0
235.46305733096253,13,47,756,2,0,3.516914911212517,0,0
512.1602897232266,9,45,2726,7,1,3.242709950186748,0,1
69.43224317033132,3,49,957,5,0,35.36036492120582,0,0
336.81804575576075,22,62,1937,3,1,2.559841143968493,0,0
48.48287068628242,5,56,2029,2,0,14.922688510620034,0,0
324.1743026766868,10,34,699,3,1,0.4092585070708436,0,0
521.995489841983,9,26,1766,2,0,1.8357957966656724,0,1
96.5963139727595,14,34,2698,2,1,0.7893704797570739,0,0
324.60334303671704,9,69,30,3,1,11.964631860852151,0,0
187.066604129922,13,69,793,3,1,20.13255955264041,0,0
18.014653022935008,3,47,239,4,0,3.7398919643252713,0,0
35.8405462617358,2,31,508,1,0,11.706196194783365,0,0
312.615658285647,13,57,1417,1,0,15.137041165308815,0,0
57.13392370976759,2,40,2947,4,0,21.42941322976341,0,0
98.19569570060966,21,64,259,7,0,21.567669751993016,1,1
104.28708549585356,15,33,82,3,1,2.245196639838433,0,0
210.90363271708569,9,52,2486,2,1,87.65843247909748,0,1
307.5998471455836,20,46,874,2,0,1.868673512627089,0,0
20.213028959869234,4,66,2889,1,1,4.860739856344284,1,0
42.462770131261664,14,73,1767,3,1,34.14654182443823,0,0
24.828923659538376,10,44,1298,4,1,4.775797743956425,0,0
17.758874546879262,7,52,1355,5,1,34.45190153098173,0,0
3.0765093399778136,22,73,2910,1,1,102.23014530880177,0,1
17.43879873959145,13,72,2786,5,1,14.454788246306045,0,0
133.8471483688226,10,55,2735,3,1,3.313333696036407,0,1
25.854356869397748,22,76,914,1,1,19.47027201187656,0,0
82.75812868100617,15,33,1647,4,1,24.52189399994662,0,0
56.799393998874095,23,18,2637,4,1,15.970463635227503,0,0
323.2638423355376,16,35,2723,6,0,13.982322555785473,0,0
175.81238645753365,2,56,1803,0,0,26.179930086854387,0,0
284.09740319863647,1,73,1750,4,0,13.468459625147297,0,1
242.44466297154764,16,56,2484,4,0,2.7216578796866786,0,0
90.76877172093668,0,44,1377,3,0,2.017761249008021,1,0
23.31074556668963,19,63,2850,5,0,0.354190645313304,2,0
601.5899080207979,12,71,2007,4,0,7.025284559391187,0,0
90.27731396626518,14,47,2355,1,0,3.2274919813303624,0,0
52.92492139763533,22,36,1358,4,1,1.973173393382224,1,1
300.1609087680057,1,65,2701,1,1,36.470621497065736,0,0
661.3246970024861,14,28,2389,3,1,39.64198119091667,0,1
98.08986275250264,16,70,2566,3,1,15.04975271126678,0,0
527.6332507908046,7,73,753,6,0,38.40233546972382,0,0
296.14086999457805,5,45,2250,4,0,31.28320724045638,0,0
123.16332441827728,11,57,1881,6,0,7.719067463367699,0,0
754.5126951371329,4,36,1262,2,1,16.466465557672723,0,0
397.25885264237553,5,73,1485,5,0,16.413805326525974,0,0
131.03469057261032,3,18,2322,3,0,7.725345780789324,0,0
94.10358294093132,23,35,1461,0,0,56.05349467250516,0,1
678.7493564859321,9,46,2949,4,1,19.225721070520027,0,0
295.01905956685425,1,79,1197,3,1,28.453544794083854,0,0
83.42087835558014,13,68,1427,0,0,3.717214493739128,0,0
11.510219389598122,11,46,57,4,0,1.4538340717687304,1,0
258.1029336416415,4,74,2745,4,1,8.346880641055174,0,0
197.95899440415383,17,21,2380,2,0,27.84091112497103,0,0
236.93247368592773,21,28,2947,2,1,53.282796930290026,0,1
87.19070692334667,20,27,132,2,1,22.44135210424733,0,0
25.60287274478432,18,77,598,2,0,11.944135456791464,0,0
68.86283005948393,13,30,815,2,1,27.638043874512636,1,1
138.8774027006254,7,47,707,3,1,6.366737276192854,0,0
108.38874082489916,11,74,2564,3,0,21.83192581215065,0,1
62.58010955529733,14,47,1773,2,1,55.44604783263202,0,1
171.35648911550888,16,34,905,3,1,30.42804362912285,0,0
26.96648383650952,15,21,2155,6,0,15.381799220362192,0,0
7.790328892638976,8,60,2671,2,0,10.079646367294286,0,0
582.9281668771439,22,66,2868,4,1,4.756547131752196,0,0
117.05011099140664,20,34,2298,0,0,12.1883931740523,0,0
364.2232074700217,23,39,2149,5,1,22.79042340177741,1,1
75.2889964252741,9,45,1012,4,0,7.621857362341128,0,0
50.00262582122447,8,55,2184,2,0,4.837109996521207,0,0
193.30005690115277,10,33,1234,3,0,6.044998675132767,0,1
185.57790445823792,4,21,1074,5,1,93.87223256837864,0,0
681.436352239397,1,18,430,4,1,8.532980277424182,0,0
644.4543388896398,23,37,2626,1,0,21.53781153772173,0,0
141.10139495545994,11,50,730,1,1,2.841993106820613,0,1
61.63914861660113,3,32,1014,5,1,11.399133354021204,0,0
51.2060407728499,20,41,2895,6,1,6.8293916016841205,0,0
331.0730727102722,16,32,352,1,0,21.995269582405808,0,0
43.16626281211456,19,67,1504,5,1,1.372135300415228,0,0
79.79893620736549,18,24,1974,2,0,5.885140949882093,0,0
360.94490154940127,22,76,2690,4,1,5.082723480886485,0,0
12.662441790106277,8,26,1636,1,0,82.25757979660966,0,1
29.79227026854559,8,52,2858,5,1,13.44282757753049,0,0
44.91304793446528,5,18,342,1,0,3.063048199239254,0,0
238.82044648863948,3,54,1463,4,0,6.541404236244469,1,1
278.27996793499364,13,73,359,3,1,9.782264494241575,0,0
73.61361760275618,3,52,307,2,1,26.1611100368863,0,1
10.365523387175346,10,72,2955,3,0,50.05291643969049,0,0
345.6231322288964,10,39,621,5,1,3.556240433782178,0,0
55.725961691022064,15,31,2713,2,0,18.836469733866597,0,0
43.99733037877295,12,73,1711,4,0,38.58141791315125,0,0
663.105919156159,11,46,1356,0,1,8.339205177126786,0,1
66.12381552146383,9,77,2404,3,1,93.9050819062888,1,1
7.057613708405933,1,36,963,4,1,14.83753582012788,0,1
357.68788257188123,22,64,790,7,1,2.9323228234777616,0,0
34.5388350922558,20,77,1257,4,1,22.97427733582529,1,1
35.76050107598819,17,29,2137,3,1,1.1882072241134307,0,0
368.5541491523588,0,52,349,2,0,28.357270857888604,0,0
72.25704925510391,6,44,1084,3,0,2.1719186009140605,0,0
821.6952675742401,0,69,659,1,1,10.457347213080086,0,1
634.3673439119572,18,24,1144,2,0,9.847434983338008,0,0
222.81378807833337,16,47,1922,1,1,1.0143766249109312,1,1
17.030979977791233,17,63,63,2,0,4.084416388788946,0,0
183.8164307254529,8,28,392,2,1,6.623220624465054,0,0
124.03157112915264,0,45,1003,1,1,44.47280268332137,0,1
162.95082861616245,23,53,2217,5,0,9.92025412207532,0,0
102.44913189580448,12,31,1731,7,1,17.431168815923577,1,1
51.0319022850928,10,35,2790,2,1,47.25126426826931,0,1
280.4537783224339,6,45,1575,1,1,4.731493151552909,0,0
620.4876787596312,17,63,1123,3,0,4.584558357151049,0,0
450.9496081330378,4,30,2465,1,0,29.422889191984037,0,0
455.3169418958064,20,69,1661,2,0,22.96158507087164,0,0
509.5096680057117,18,25,525,4,0,6.452770456719192,0,1
165.4867372259187,17,38,1749,3,1,16.73011022899999,0,0
11.293942402770591,15,32,2202,3,1,3.950946803097708,0,0
19.381607324077603,19,42,2991,0,1,1.194081560429088,0,1
58.799192757821736,6,67,2877,3,1,4.334416885910538,0,1
30.81345188387388,10,54,2841,3,1,58.904499369496754,1,0
110.45874110419985,0,21,1396,5,1,13.518545899277832,1,1
660.5740212503822,23,33,233,2,1,7.035542522460888,0,1
590.1059970123997,11,28,678,2,0,37.9226957085103,0,0
165.98571454582722,10,36,1028,0,0,93.68113733681732,0,0
41.93165167813864,15,61,1843,4,1,28.60917399712345,0,0
169.41802300498915,19,49,2422,4,0,23.43244898516994,0,0
422.85555757949646,1,34,2797,2,0,7.112797608201844,0,0
348.748064055947,21,23,2506,6,0,2.9610986300439937,1,0
5.493971576888019,23,50,252,5,1,19.75183821712362,0,0
245.7877075312436,13,20,520,3,0,3.35171342970554,0,0
101.54923852459746,10,68,1328,7,1,23.45943466583889,1,0
96.29333414324466,23,44,1533,3,0,10.84739031222196,0,0
14.987474366858658,5,54,1677,2,1,20.863928518921902,0,0
93.36401239672016,6,21,2947,3,1,1.4214643604404698,1,0
16.01907017768928,23,73,1617,2,0,7.458750645720734,0,0
123.3699649605991,6,71,839,2,0,9.663682832458711,0,0
16.547360036109897,23,64,143,5,1,17.268440540437823,0,0
292.8634453014651,15,65,847,4,1,4.209892689439893,1,1
169.20253184751255,3,45,1506,5,0,45.4579478334306,0,0
41.29834909091608,15,78,2497,3,0,3.6691827683311167,1,1
368.94797419642566,9,42,1026,3,1,22.23625797811845,0,0
21.4930765487587,0,62,1036,2,0,9.81282540380463,0,0
114.191075771995,21,72,1267,4,1,22.334516529729672,0,0
331.8036487331402,9,31,2718,3,1,2.572022797590864,0,0
564.9961036511827,2,53,2685,2,0,0.3707385543488548,0,0
260.4762765559322,23,39,2420,2,1,6.3264338866944,0,0
425.68099364629,4,44,1122,5,0,5.297582129830682,0,0
263.2587100621517,1,25,390,3,1,2.1147458257026264,0,0
413.11460188449496,23,36,2396,5,0,31.813221948065376,0,0
402.2461728959879,13,45,2548,1,0,7.367579394558131,1,0
404.86691339530216,7,29,887,1,0,5.855417448084972,1,0
217.47884087233365,14,24,710,7,0,23.99993664915805,0,0
6.386736258610765,1,59,1392,6,1,16.69428211162699,0,1
144.076749072495,7,28,2150,3,1,15.504766154371175,0,0
578.0892498336065,8,22,337,4,1,22.156035026934823,0,0
169.10335967507692,16,27,1344,3,1,5.555025126640313,0,0
288.1798393250954,12,62,73,2,1,13.75928412341032,0,0
292.70535772460016,17,45,1143,2,0,20.96060910090361,1,0
455.4206073522862,14,23,357,1,1,11.22739926528233,0,0
415.4840347865284,4,36,2205,2,0,34.926403304541786,0,0
62.63048644274656,22,18,2286,2,1,9.99634060248391,0,0
363.8360585144449,13,49,1405,1,1,37.38351919724622,0,0
139.48391521941917,10,78,1119,2,1,12.66746359075254,0,0
66.89556630071539,15,53,1639,5,0,7.738963540136986,1,0
109.16287630888236,15,55,1836,3,0,6.790313405254976,0,0
60.91146031786933,17,33,2518,3,0,23.10784227496256,0,1
2.036570750508617,8,49,270,2,0,12.503498171718574,0,0
286.8808247973526,21,58,2091,4,1,73.11982717335825,0,1
11.90503715028485,2,53,1123,3,0,11.381589666592724,0,1
108.4114923138484,11,75,322,1,1,32.41061638803068,0,0
20.3959415400799,19,52,1177,3,0,47.47756108545737,1,0
176.7491754774291,8,41,2648,3,1,45.5830753639306,2,0
224.3517672321738,11,22,2953,1,1,50.90285016533972,2,1
47.34535276100255,17,29,2564,1,0,13.016177932865611,0,0
589.860057619457,6,27,2054,3,0,18.117609457037016,0,1
162.32795997178476,8,23,1400,2,1,11.914467018918192,0,0
467.1738268783399,10,25,2289,3,1,4.461326342759278,1,0
550.1672356578116,6,18,1535,1,0,27.67842184466552,0,1
20.99743308939944,12,48,479,6,0,7.924861862682743,1,0
111.5437765711922,12,56,374,1,0,54.43316322979746,0,0
361.0561402030212,6,54,343,3,1,4.859947812152081,0,0
651.6831249001763,5,50,391,1,1,3.547670294135408,1,1
15.779060995247008,15,52,1442,3,1,17.26926324920274,0,0
61.45353451349593,14,36,918,4,1,23.06454641771817,0,0
28.002433815246185,10,54,559,2,0,11.6298651851017,0,0
307.32763787940166,5,74,1547,1,0,19.986987453442705,0,1
161.2505338974355,21,54,1369,2,0,4.80296903608288,0,0
61.6657205618876,4,48,494,1,1,26.65526593378093,1,1
258.9873795004468,14,56,2212,5,1,3.684198532871208,1,1
148.7855661721709,3,61,2225,5,1,5.65082569455968,0,0
137.18119120523778,17,68,2757,6,1,2.255331206043925,0,0
668.720525967573,0,73,170,4,0,30.95890837435627,0,0
80.99533539768657,0,78,1684,1,1,9.083932567568736,0,0
36.96480228022978,5,62,1028,6,0,23.860327298844894,0,0
252.0360601742857,9,51,391,1,0,0.9556233016376512,0,0
66.75243605234078,20,40,1840,5,0,32.47275699017322,0,0
392.51379385150153,16,69,2483,3,0,89.42431737625276,1,0
171.84813377363116,4,66,2012,3,0,6.073702563119986,1,1
350.7292903756851,8,34,1202,5,0,44.9491702143353,0,0
51.0200088796951,20,52,2335,7,1,2.11074137430533,0,0
51.77016117362403,0,40,2614,2,0,7.7095345262854735,0,1
22.569207838803187,7,30,1148,5,0,6.304491906111716,0,0
81.87840769696687,17,37,878,4,0,15.640878045451489,0,0
161.70671952498995,9,48,1585,4,0,2.600098860453852,0,0
57.50107501485091,8,48,1319,4,0,30.49334781680447,0,0
22.292194903320887,11,50,1106,5,0,17.132906473930575,0,0
182.16514515285644,2,34,1413,3,1,4.642257317608072,1,1
398.7109396969496,2,22,396,1,0,14.459863211890262,0,1
287.3366737641024,21,59,1127,3,1,11.557360489772728,0,0
58.39188502447866,8,39,748,3,1,58.64780439885301,0,1
517.2380794301447,20,18,936,4,0,7.621829547649841,0,0
67.45287144452669,0,22,46,3,1,0.1848856519119597,2,1
68.83537565763498,3,31,1669,3,1,0.7976700029396012,0,0
150.85588203878922,21,58,2181,2,1,2.135145845053154,0,0
38.986714044964536,15,51,2638,5,0,15.110824612210386,0,1
354.32031420072303,3,43,387,3,0,15.951521181546289,0,0
33.66605327033975,17,51,1799,6,1,4.673174909231276,0,0
346.9460695759323,8,60,931,3,1,5.274465616493595,1,1
72.09079814903441,13,71,2925,1,1,6.638618217011372,0,0
84.83663875865268,15,27,1583,2,1,2.202697956357694,0,0
209.5136772813943,22,22,1947,2,1,1.5599997717487055,0,0
133.50214047261372,14,79,1815,4,0,44.42411912461537,2,0
145.99491874370412,1,54,1062,2,0,0.4527523937369917,0,0
54.87392320382713,1,20,2391,4,1,52.14026016211199,0,1
327.5477524803674,8,40,1430,2,0,1.4866063976829458,0,0
55.46607189485504,18,60,2279,3,1,25.71830935427474,0,0
353.87757676884723,7,78,226,3,0,8.920399996893721,0,0
236.8003418175234,13,70,2217,4,0,2.816652853146829,0,0
270.4239704646683,2,35,2528,5,0,25.769407341154903,0,0
28.874197841340862,13,25,2757,4,1,14.386678436811165,0,1
13.133613160956578,1,69,2801,3,0,9.780225299063122,0,0
335.00130572165574,7,62,2920,4,0,11.690977746498632,0,0
188.0374471688514,13,74,1818,5,1,45.47978635603887,0,0
232.9699826221701,5,31,2913,2,1,34.27405524669548,0,1
110.5284444877706,6,62,1875,2,0,19.42741529788904,0,0
516.3390583474461,5,70,57,1,1,0.7867315204901147,0,0
281.15861294477327,17,79,1723,2,0,30.326841700260545,1,0
134.9096735107979,13,28,41,4,1,30.08925891327272,0,0
222.43525705882053,7,46,2776,3,1,41.59503412915974,0,1
145.59656368142217,9,59,2159,3,1,7.194555655409855,0,1
40.87771990158115,10,53,571,5,1,5.969416053667125,0,0
405.90050763404594,14,40,2575,1,1,21.394162251259736,0,1
146.09668607060294,1,38,1828,2,1,4.735291514793087,0,0
304.030858224632,22,37,1106,2,0,19.12955155804061,0,0
164.14635835073298,23,29,356,5,1,37.17151870154136,0,0
81.3081269565668,1,20,2900,2,1,30.480101220692667,1,0
101.65868719532328,15,52,1239,5,0,5.21769492708537,1,0
264.7919310357948,1,27,2952,2,1,10.011655221514657,0,0
91.34253337035996,19,22,262,2,0,11.729015493830936,0,0
152.4238166788931,0,72,782,2,1,5.435097121124102,0,0
298.5395631112517,8,69,1401,5,0,47.43565819483473,0,0
396.1621413470716,10,65,876,6,0,27.100264986809144,0,0
60.132075890876834,21,70,608,4,0,3.983045315363576,0,0
11.7588138297555,18,19,2895,2,0,22.240220310599597,0,0
108.3021946605547,23,58,179,2,1,7.607227936172895,0,0
30.66220204150312,20,34,787,8,1,29.91149763359727,0,0
37.45112425978772,13,40,761,2,0,26.024195371442573,0,0
279.6622090579298,11,75,1663,3,1,24.51720778262059,0,0
186.95429920776056,5,75,2051,1,0,9.748010878975556,0,0
134.84718950704695,9,21,904,3,0,76.73573124759409,0,0
182.9095084921282,9,76,898,2,1,4.412686587973412,0,0
147.558158343224,5,78,2198,6,1,4.342273850814557,1,1
172.3667028974085,5,19,2622,0,1,14.468892160592596,0,0
119.070777834371,7,71,2478,4,0,4.518003816047323,0,0
58.22720788942033,7,60,2102,5,1,0.6649361172482999,0,1
176.49166092820406,18,75,1030,2,1,35.06630021020724,0,0
99.36011989118629,4,22,195,2,1,2.641491766068673,0,0
354.087838484472,3,74,143,1,1,0.2325734356562248,0,0
318.8581464927305,2,53,2444,4,1,25.69835245972851,0,0
32.79737274428726,2,42,1489,4,0,58.80003443547474,0,1
12.390649084637523,3,65,1152,2,0,13.6050441112472,0,0
144.80056183242823,22,53,665,3,1,10.046446237080012,1,0
172.8276019617295,13,30,1324,1,1,14.64085096776012,0,0
969.082810530772,3,45,1223,3,1,21.648256175484622,0,1
576.6927574640829,15,68,1093,0,0,26.93425627209455,0,0
575.6756271982622,14,36,1424,10,0,28.38916633420897,0,1
12.717498231056105,2,63,1009,2,0,10.849224469544245,0,0
243.2764161320476,7,47,301,2,1,4.851259859499455,2,0
183.51674370106937,7,34,1722,3,0,8.28483874651933,0,0
451.5466513337925,16,61,1570,5,1,5.459516744872941,0,1
163.39397126178366,15,23,751,5,1,0.0474298226084094,0,0
35.04059463363285,11,28,1241,3,1,16.87203567291095,0,0
1152.025127942419,0,21,216,1,0,19.78212830023007,1,1
227.32659157860635,14,38,502,4,1,0.5770635129687665,0,0
1.99202666945551,9,69,2619,3,0,11.979049312969565,0,0
239.88701603195543,15,58,386,3,1,19.03210326427131,0,0
0.745319191856662,2,33,150,4,0,19.12020509055639,1,1
334.2054742139349,7,54,1920,6,0,33.602289534915315,0,0
595.4582465019895,5,59,2204,4,1,27.88348678881433,0,1
73.73565984471912,5,60,1659,3,1,0.7274240140403794,0,0
319.8412759603124,5,29,1608,4,1,34.833626420238446,0,0
493.7041833434689,19,20,1432,0,1,15.586770698089046,1,1
558.4580725828012,0,74,2912,3,0,16.603465592005374,0,0
67.76969854692375,4,36,1652,3,1,6.551902531740456,0,0
245.5378111130804,10,42,2956,1,1,34.10681557376074,0,0
22.110490517333968,22,70,1547,6,0,7.277373131909629,1,0
139.23754380319784,3,59,314,0,1,8.857069846889836,0,1
333.69531885235193,0,35,96,7,0,5.466628922848655,0,0
18.54992688015947,10,75,2814,2,0,1.3669448740162196,0,0
184.66686208034025,13,40,1007,1,0,5.755100074349654,0,0
237.9335641891592,23,54,2647,5,1,8.587219590873003,0,1
89.05096166170135,14,21,99,4,0,8.115312515067263,0,0
408.0825163361041,14,29,2307,4,0,18.65635419006032,1,0
664.3812119546893,9,70,2215,2,0,14.049223088034775,0,0
100.50214786869378,14,32,2019,5,1,5.822654802888991,0,1
561.2492519935785,11,50,2732,0,0,55.01476995415979,0,1
56.82841999595918,15,27,1182,5,1,0.7984271327324461,0,0
10.645516809244548,14,48,860,3,0,20.38509293965461,0,0
62.53163253761085,14,63,1052,2,0,8.264819879614075,0,0
39.48636926672999,5,46,1328,4,0,12.835476359694583,0,0
28.100811727146716,5,72,2555,4,0,35.019951894532554,0,0
423.91046904296337,3,59,1919,4,1,24.603636999331727,0,0
24.52391066817123,13,45,2549,2,1,0.594058693876252,0,1
246.16456339871883,14,25,1491,2,0,5.658876165378891,0,0
75.01957583088328,19,54,2074,4,1,3.2497331250745547,1,1
94.97302535432586,6,30,2994,3,1,9.66494982613664,1,0
136.96417717115904,16,52,1182,2,1,16.94039689884783,0,0
166.5210775417316,7,72,266,6,1,6.974178050854826,0,0
57.41543771272133,4,27,1531,3,1,6.991301116014381,0,0
423.3896354690996,17,32,574,2,0,7.834042712414285,0,0
133.98034712596925,15,67,342,5,1,17.319608316597986,0,0
174.17978849514023,10,40,2382,0,1,59.11583566015457,0,0
323.8107522110254,8,65,1836,1,0,5.03321487505512,0,0
50.198594773341,13,30,1640,3,1,6.164842420947483,0,0
195.4464942601168,6,44,1161,5,0,45.07220065321313,0,0
3.639313544464272,4,21,356,2,1,34.619595398165806,0,1
128.5569188825785,6,69,130,5,1,9.165168791872812,0,0
25.40121368202066,5,65,623,5,1,32.53842103003776,0,0
229.8146018578332,7,72,2257,3,1,0.3292092558040971,0,0
180.4439064016065,18,51,2643,2,0,7.165615425649894,0,0
109.96303455835825,22,20,928,3,1,4.669645774488969,0,0
169.3589590065348,1,48,2702,4,1,2.4524612378470074,0,0
1236.4388821694652,1,38,612,4,0,5.075078194501423,0,0
337.07495615085065,8,53,1457,4,1,43.86423070754937,0,0
352.8127981870848,10,31,1076,0,0,27.13132325702201,0,0
69.9423799402967,6,71,2133,2,1,5.698064650378147,0,0
124.10149907588044,5,40,1730,3,1,52.599208443783645,0,0
185.42202005606572,7,73,1023,1,1,31.17211744436338,0,0
226.26416349021125,11,53,1581,3,1,24.8079993586198,0,0
281.2506034467831,13,31,2235,3,1,4.869453689177656,1,0
173.39130588811398,23,56,438,3,0,48.16809239898612,1,0
6.979975754569587,9,41,2724,1,1,14.519575576082168,0,0
472.77291768199126,22,44,1449,1,1,71.55289151770691,0,0
91.93981083444028,22,74,1182,0,1,1.977355730741296,0,0
143.63711938048277,14,34,2277,3,1,2.8502366449873837,0,1
153.84298101017887,7,67,2545,1,0,5.3841808471755295,0,0
163.19110219359624,20,34,590,4,0,8.60597881929562,0,0
2.746744631731648,3,65,471,2,0,4.136460917508639,1,1
59.960416550106046,16,33,1647,1,0,21.779636927369317,0,0
306.2531608716122,22,74,1140,3,1,8.626408267251705,0,0
51.40636601912666,16,43,287,3,1,2.1247143065595235,0,0
75.15720645165179,13,44,1017,0,1,5.189413988626308,0,1
27.926089833791107,20,78,1287,7,1,31.93221964324138,1,0
531.8673730941532,11,38,236,5,0,4.404997540212301,1,1
99.48666148259476,18,63,2617,4,1,4.900783492791256,1,0
155.58208853894843,19,49,2868,3,0,12.515987010169232,0,0
736.127995578019,18,69,2987,3,0,11.35337347982578,0,0
7.472145601896547,9,67,2237,2,0,7.0616708065137725,0,0
15.623219477726373,12,40,2651,6,0,17.835432011117977,1,0
163.4720815122986,22,54,409,2,1,11.184177208972969,1,0
362.3355581333223,17,19,2390,4,1,13.658917896676574,0,0
483.4337459820498,7,28,2745,3,0,34.04007195735354,0,0
132.0124596014981,16,51,1760,2,1,57.891619244064415,0,1
